// Embedded kernel Dock artwork - do not edit by hand.
// Source artwork: assets/dock_icons/*.jpeg (unmodified). The generator only cuts the white
// backdrop to alpha and normalises size/padding.
// Pixel format: PREMULTIPLIED ARGB (0xAARRGGBB, rgb already multiplied by alpha).
#ifndef NSK_DOCK_ICONS_H
#define NSK_DOCK_ICONS_H

#define DOCK_ICON_CELL 52   /* sprite is CELL x CELL px */
#define DOCK_ICON_BODY 44   /* visible body inside the cell */

#define DOCK_ICON_FILES 0
#define DOCK_ICON_BROWSER 1
#define DOCK_ICON_PHOTOS 2
#define DOCK_ICON_CALENDAR 3
#define DOCK_ICON_NOTES 4
#define DOCK_ICON_CLOCK 5
#define DOCK_ICON_CALCULATOR 6
#define DOCK_ICON_SETTINGS 7
#define DOCK_ICON_COUNT 8

static const uint32_t dock_icon_pm[DOCK_ICON_COUNT][DOCK_ICON_CELL * DOCK_ICON_CELL] = {
    { /* FILES */
        0x00000000,0x00000000,0x00000000,0x00000000,0x00000000,0x00000000,0x00000000,0x00000000,0x00000000,0x00000000,0x00000000,0x00000000,0x00000000,
        0x00000000,0x00000000,0x00000000,0x00000000,0x00000000,0x00000000,0x00000000,0x00000000,0x00000000,0x00000000,0x00000000,0x00000000,0x00000000,
        0x00000000,0x00000000,0x00000000,0x00000000,0x00000000,0x00000000,0x00000000,0x00000000,0x00000000,0x00000000,0x00000000,0x00000000,0x00000000,
        0x00000000,0x00000000,0x00000000,0x00000000,0x00000000,0x00000000,0x00000000,0x00000000,0x00000000,0x00000000,0x00000000,0x00000000,0x00000000,
        0x00000000,0x00000000,0x00000000,0x00000000,0x00000000,0x00000000,0x00000000,0x00000000,0x00000000,0x00000000,0x00000000,0x00000000,0x00000000,
        0x00000000,0x00000000,0x00000000,0x00000000,0x00000000,0x00000000,0x00000000,0x00000000,0x00000000,0x00000000,0x00000000,0x00000000,0x00000000,
        0x00000000,0x00000000,0x00000000,0x00000000,0x00000000,0x00000000,0x00000000,0x00000000,0x00000000,0x00000000,0x00000000,0x00000000,0x00000000,
        0x00000000,0x00000000,0x00000000,0x00000000,0x00000000,0x00000000,0x00000000,0x00000000,0x00000000,0x00000000,0x00000000,0x00000000,0x00000000,
        0x00000000,0x00000000,0x00000000,0x00000000,0x00000000,0x00000000,0x00000000,0x00000000,0x00000000,0x00000000,0x00000000,0x00000000,0x00000000,
        0x00000000,0x00000000,0x00000000,0x00000000,0x00000000,0x00000000,0x00000000,0x00000000,0x00000000,0x00000000,0x00000000,0x00000000,0x00000000,
        0x00000000,0x00000000,0x00000000,0x00000000,0x00000000,0x00000000,0x00000000,0x00000000,0x00000000,0x00000000,0x00000000,0x00000000,0x00000000,
        0x00000000,0x00000000,0x00000000,0x00000000,0x00000000,0x00000000,0x00000000,0x00000000,0x00000000,0x00000000,0x00000000,0x00000000,0x00000000,
        0x00000000,0x00000000,0x00000000,0x00000000,0x00000000,0x00000000,0x00000000,0x00000000,0x00000000,0x00000000,0x00000000,0x00000000,0x00000000,
        0x00000000,0x00000000,0x00000000,0x00000000,0x00000000,0x00000000,0x00000000,0x00000000,0x00000000,0x00000000,0x00000000,0x00000000,0x00000000,
        0x00000000,0x00000000,0x00000000,0x00000000,0x00000000,0x00000000,0x00000000,0x00000000,0x00000000,0x00000000,0x00000000,0x00000000,0x00000000,
        0x00000000,0x00000000,0x00000000,0x00000000,0x00000000,0x00000000,0x00000000,0x00000000,0x00000000,0x00000000,0x00000000,0x00000000,0x00000000,
        0x00000000,0x00000000,0x00000000,0x00000000,0x00000000,0x00000000,0x00000000,0x00000000,0x00000000,0x00000000,0x00000000,0x00000000,0x00000000,
        0x00000000,0x00000000,0x00000000,0x00000000,0x00000000,0x00000000,0x00000000,0x00000000,0x00000000,0x00000000,0x00000000,0x00000000,0x00000000,
        0x00000000,0x00000000,0x00000000,0x00000000,0x00000000,0x00000000,0x00000000,0x00000000,0x00000000,0x00000000,0x00000000,0x00000000,0x00000000,
        0x00000000,0x00000000,0x00000000,0x00000000,0x00000000,0x00000000,0x00000000,0x00000000,0x00000000,0x00000000,0x00000000,0x00000000,0x00000000,
        0x00000000,0x00000000,0x00000000,0x00000000,0x00000000,0x00000000,0x00000000,0x00000000,0x00000000,0x00000000,0x00000000,0x00000000,0x00000000,
        0x00000000,0x00000000,0x00000000,0x00000000,0x00000000,0x00000000,0x00000000,0x00000000,0x00000000,0x00000000,0x00000000,0x00000000,0x00000000,
        0x00000000,0x00000000,0x00000000,0x00000000,0x00000000,0x00000000,0x00000000,0x00000000,0x00000000,0x00000000,0x00000000,0x00000000,0x00000000,
        0x00000000,0x00000000,0x00000000,0x00000000,0x00000000,0x00000000,0x00000000,0x00000000,0x00000000,0x00000000,0x00000000,0x00000000,0x00000000,
        0x00000000,0x00000000,0x00000000,0x00000000,0x00000000,0x00000000,0x00000000,0x00000000,0x00000000,0x00000000,0x00000000,0x00000000,0x00000000,
        0x00000000,0x00000000,0x00000000,0x00000000,0x00000000,0x00000000,0x00000000,0x00000000,0x00000000,0x00000000,0x00000000,0x00000000,0x00000000,
        0x00000000,0x00000000,0x00000000,0x00000000,0x00000000,0x00000000,0x00000000,0x00000000,0x00000000,0x00000000,0x00000000,0x00000000,0x00000000,
        0x00000000,0x00000000,0x00000000,0x00000000,0x00000000,0x00000000,0x00000000,0x00000000,0x00000000,0x00000000,0x00000000,0x00000000,0x00000000,
        0x00000000,0x00000000,0x00000000,0x00000000,0x00000000,0x01000101,0x04010304,0x03000303,0x03000203,0x03000303,0x03000303,0x03000303,0x03000303,
        0x03000203,0x04000304,0x04010304,0x01000101,0x00000000,0x00000000,0x00000000,0x00000000,0x00000000,0x00000000,0x00000000,0x00000000,0x00000000,
        0x00000000,0x00000000,0x00000000,0x00000000,0x00000000,0x00000000,0x00000000,0x00000000,0x00000000,0x00000000,0x00000000,0x00000000,0x00000000,
        0x00000000,0x00000000,0x00000000,0x00000000,0x00000000,0x00000000,0x00000000,0x00000000,0x00000000,0x00000000,0x00000000,0x00000000,0x00000000,
        0x00000000,0x00000000,0x00000000,0x00000000,0x01000101,0x00000000,0x00000000,0x00000000,0x00000000,0x00000000,0x00000000,0x00000000,0x00000000,
        0x00000000,0x00000000,0x00000000,0x00000000,0x03010203,0x00000000,0x00000000,0x00000000,0x00000000,0x00000000,0x00000000,0x00000000,0x00000000,
        0x00000000,0x00000000,0x00000000,0x00000000,0x00000000,0x00000000,0x00000000,0x00000000,0x00000000,0x00000000,0x00000000,0x00000000,0x00000000,
        0x00000000,0x00000000,0x00000000,0x00000000,0x00000000,0x00000000,0x00000000,0x00000000,0x00000000,0x00000000,0x00000000,0x00000000,0x00000000,
        0x00000000,0x00000000,0x00000000,0x01000101,0x00000000,0x07040405,0x761E556D,0xA9237B9E,0xA61E799D,0xA61D7A9F,0xA61E7A9F,0xA61E7B9F,0xA61E7A9F,
        0xA71D7A9E,0xA4227698,0x6E1B4F64,0x0F070B0B,0x00000000,0x05000304,0x01000001,0x00000000,0x00000000,0x00000000,0x00000000,0x00000000,0x00000000,
        0x00000000,0x00000000,0x00000000,0x00000000,0x00000000,0x00000000,0x00000000,0x00000000,0x00000000,0x00000000,0x00000000,0x00000000,0x00000000,
        0x00000000,0x00000000,0x00000000,0x00000000,0x00000000,0x00000000,0x00000000,0x00000000,0x00000000,0x00000000,0x00000000,0x00000000,0x00000000,
        0x00000000,0x00000000,0x01000001,0x00000000,0x02020101,0xC2248BB5,0xFF25CEFF,0xFF1EC7FF,0xFF1FC9FF,0xFF1EC8FF,0xFF1EC8FF,0xFF1EC9FF,0xFF1FC9FF,
        0xFF1FC8FF,0xFF1EC7FF,0xFF21C8FF,0xE923A6DC,0x44102E3C,0x00000000,0x00000000,0x04000304,0x04000204,0x04000304,0x04000304,0x04000304,0x04000304,
        0x04000304,0x04000304,0x04000304,0x04000304,0x04000304,0x04000304,0x04000304,0x04000304,0x04000304,0x04000304,0x04000304,0x04000304,0x04000304,
        0x04000304,0x04000304,0x04000304,0x04000304,0x04000304,0x04000204,0x04000304,0x04010303,0x01000101,0x00000000,0x00000000,0x00000000,0x00000000,
        0x00000000,0x00000000,0x04010203,0x00000000,0x58153C4F,0xFF22C5FF,0xF818B5F8,0xFB1BB6F9,0xFB1BB6F8,0xFB1CB5F8,0xFB1CB6F8,0xFB1CB6F8,0xFB1CB6F9,
        0xFB1BB6F9,0xFB1AB5F9,0xFA19B4F8,0xFF19BEFF,0xFF21B9FA,0x6D144A60,0x00000000,0x00000000,0x00000000,0x00000000,0x00000000,0x00000000,0x00000000,
        0x00000000,0x00000000,0x00000000,0x00000000,0x00000000,0x00000000,0x00000000,0x00000000,0x00000000,0x00000000,0x00000000,0x00000000,0x00000000,
        0x00000000,0x00000000,0x00000000,0x00000000,0x00000000,0x00000000,0x00000000,0x00000000,0x00000000,0x02000101,0x00000000,0x00000000,0x00000000,
        0x00000000,0x00000000,0x04010304,0x00000000,0x7815526F,0xFF1DBFFF,0xFB1AB2FA,0xFF1CB5FD,0xFF1DB5FD,0xFF1DB5FC,0xFF1DB4FD,0xFF1EB4FD,0xFF1DB4FD,
        0xFF1DB4FD,0xFF1DB4FC,0xFF1DB4FC,0xFC1CB3FA,0xFF1AB5FE,0xFF1FBDFF,0xDB1F97CE,0xA01C6E93,0x9A246C8F,0x9B266F91,0x9B266E91,0x9B276E91,0x9B266F92,
        0x9B256E92,0x9B266E92,0x9B276E93,0x9B266E92,0x9B256E91,0x9B256E91,0x9B256E92,0x9B256E92,0x9B256E92,0x9B256E92,0x9B256E92,0x9B256F92,0x9B256F92,
        0x9B256E91,0x9B256E91,0x9B266F92,0x9B266E92,0x9A256E90,0x9D267091,0x8D1F6282,0x5F143F52,0x07040504,0x00000000,0x02000101,0x00000000,0x00000000,
        0x00000000,0x00000000,0x04010304,0x00000000,0x76134E6C,0xFF1EBCFF,0xFB1BAFFA,0xFF17AFFC,0xFF17AEFB,0xFF15AEFB,0xFF12AEFD,0xFF12AEFE,0xFF12AEFD,
        0xFF12AEFD,0xFF11AEFD,0xFF12AEFD,0xFF12AEFD,0xFE13ACFB,0xFC12ABFA,0xFF14B4FF,0xFF18BAFF,0xFF19BAFF,0xFF18BAFF,0xFF18BAFF,0xFF19B9FF,0xFF1ABAFF,
        0xFF1ABAFF,0xFF1AB9FF,0xFF1AB9FF,0xFF18BAFF,0xFF19B9FF,0xFF19B9FF,0xFF19B9FF,0xFF1AB9FF,0xFF19BAFF,0xFF19BAFF,0xFF18BAFF,0xFF17BBFF,0xFF17BBFF,
        0xFF19BAFF,0xFF1ABAFF,0xFF19BAFF,0xFF19BAFF,0xFF19B9FF,0xFF1BB9FF,0xFF1CB8FF,0xFF24BFFF,0xC31F82B2,0x06030404,0x00000000,0x01000101,0x00000000,
        0x00000000,0x00000000,0x04010304,0x00000000,0x76134E6C,0xFF1EBAFF,0xFB1AA8F5,0xFF37B3F5,0xFF3CB5F7,0xFF39B4F7,0xFF35B4F7,0xFF35B4F6,0xFF35B4F7,
        0xFF35B4F8,0xFF35B3F8,0xFF35B4F8,0xFF36B3F8,0xFF36B3F7,0xFF37B3F6,0xFD37B2F3,0xFB39B2F4,0xFB39B3F4,0xFB38B3F3,0xFB37B3F4,0xFB37B4F2,0xFB38B3F2,
        0xFB38B2F2,0xFB37B1F2,0xFB37B2F2,0xFB37B3F3,0xFB39B3F4,0xFB39B3F4,0xFB39B3F3,0xFB3AB2F3,0xFB39B3F4,0xFB39B3F4,0xFB39B3F3,0xFB38B3F3,0xFB39B3F3,
        0xFB39B2F3,0xFB39B2F3,0xFB3AB3F3,0xFB39B3F3,0xFB39B1F2,0xFB3AB2F1,0xFB38B0F0,0xF719A5F1,0xFF1EBEFF,0x6E164963,0x00000000,0x04010304,0x00000000,
        0x00000000,0x00000000,0x04010304,0x00000000,0x77154C6D,0xFF12ADFF,0xFB86CBED,0xFFFFFFFD,0xFFFFFEFD,0xFFFFFFFD,0xFFFFFFFE,0xFFFFFFFD,0xFFFFFFFE,
        0xFFFFFFFE,0xFFFFFFFE,0xFFFFFFFE,0xFFFFFFFE,0xFFFFFFFE,0xFFFFFFFD,0xFFFFFFFC,0xFFFFFFFD,0xFFFFFFFD,0xFFFFFFFD,0xFFFFFFFD,0xFFFFFFFE,0xFFFFFFFE,
        0xFFFFFFFD,0xFFFFFFFC,0xFFFFFFFC,0xFFFFFFFC,0xFFFFFFFC,0xFFFFFFFD,0xFFFFFFFD,0xFFFFFFFD,0xFFFFFFFD,0xFFFFFFFC,0xFFFFFFFC,0xFFFFFFFC,0xFFFFFFFD,
        0xFFFFFFFD,0xFFFFFFFD,0xFFFFFFFD,0xFFFFFFFD,0xFFFFFFFD,0xFFFFFEFC,0xFFFFFFFC,0xFBA0D5ED,0xFF12ADFF,0x91186085,0x00000000,0x04000304,0x00000000,
        0x00000000,0x00000000,0x04010304,0x00000000,0x77134D6D,0xFF1BBBFF,0xFB6ED2F1,0xFF9BE5F9,0xFF93E1F9,0xFF95E2FA,0xFF95E2FA,0xFF95E2FA,0xFF95E1F9,
        0xFF96E2FA,0xFF96E2FA,0xFF95E1FA,0xFF94E0FA,0xFF93E0F9,0xFF92E0F9,0xFF93E0F9,0xFF93E1FA,0xFF94E2F9,0xFF94E2F9,0xFF94E1FA,0xFF94E1F9,0xFF94E1FA,
        0xFF95E1FA,0xFF94E1F9,0xFF92E1F9,0xFF93E1FA,0xFF94E1FA,0xFF94E1FA,0xFF94E1FA,0xFF94E1FA,0xFF93E1FA,0xFF94E1FA,0xFF94E1FA,0xFF94E1FA,0xFF93E2FB,
        0xFF93E2FB,0xFF93E1FA,0xFF92E0FA,0xFF92E0FA,0xFF92E0F9,0xFF90DEF7,0xFF97E0F6,0xFB7CD5F0,0xFF1DBEFF,0x9E1B6A90,0x00000000,0x04000304,0x00000000,
        0x00000000,0x00000000,0x04010304,0x00000000,0x7613556F,0xFF22D4FF,0xFB11C0F9,0xFF0EC0FC,0xFF10C1FC,0xFF12C1FC,0xFF12C1FC,0xFF12C1FC,0xFF12C1FC,
        0xFF12C1FC,0xFF12C1FC,0xFF12C1FC,0xFF12C1FB,0xFF11C1FB,0xFF11C1FC,0xFF13C1FC,0xFF11C1FC,0xFF12C1FC,0xFF13C1FC,0xFF13C1FC,0xFF12C1FC,0xFF13C1FC,
        0xFF12C1FC,0xFF12C1FC,0xFF12C1FC,0xFF12C1FC,0xFF11C1FB,0xFF10C1FB,0xFF11C1FC,0xFF11C1FB,0xFF11C1FB,0xFF11C0FB,0xFF12C1FC,0xFF12C1FC,0xFF12C2FC,
        0xFF12C1FC,0xFF12C1FC,0xFF12C2FC,0xFF12C1FC,0xFF11C1FB,0xFF10C1FB,0xFF0CC0FA,0xFB0FC0F9,0xFF1FD5FF,0x9F1D7698,0x00000000,0x04000304,0x00000000,
        0x00000000,0x00000000,0x04010304,0x00000000,0x7A135974,0xFF1BCFFF,0xFB1BC1F9,0xFF1FC5FE,0xFF1FC5FD,0xFF23C4FE,0xFF22C4FD,0xFF22C4FD,0xFF22C5FE,
        0xFF22C5FE,0xFF22C5FE,0xFF22C5FE,0xFF23C5FE,0xFF23C5FE,0xFF22C5FE,0xFF22C5FE,0xFF23C4FE,0xFF23C5FE,0xFF22C5FE,0xFF23C5FE,0xFF23C5FE,0xFF23C6FE,
        0xFF23C5FF,0xFF23C5FE,0xFF23C5FE,0xFF22C5FE,0xFF23C5FE,0xFF23C5FE,0xFF22C4FD,0xFF22C5FE,0xFF22C5FE,0xFF22C5FE,0xFF23C5FE,0xFF23C6FE,0xFF23C5FF,
        0xFF22C5FE,0xFF22C4FE,0xFF24C5FF,0xFF23C5FE,0xFF23C5FE,0xFF22C5FD,0xFF21C5FD,0xFB1DC1F9,0xFF1ECFFF,0x9F1B7799,0x00000000,0x04000304,0x00000000,
        0x00000000,0x00000000,0x04000304,0x00000000,0x8B1D6784,0xFF1CCDFF,0xFB18BEFA,0xFF1BC1FE,0xFF1BC1FD,0xFF1BC1FD,0xFF1CC0FD,0xFF1CC0FD,0xFF1CC0FD,
        0xFF1CC0FD,0xFF1CC0FD,0xFF1CC0FD,0xFF1CC0FD,0xFF1CC1FE,0xFF1CC0FD,0xFF1BC0FD,0xFF1DC1FE,0xFF1CC2FE,0xFF1BC1FE,0xFF1CC0FF,0xFF1CC1FF,0xFF1CC0FE,
        0xFF1CC0FE,0xFF1CC0FF,0xFF1CC0FF,0xFF1CC0FD,0xFF1CC1FE,0xFF1CC1FE,0xFF1CC0FD,0xFF1CC0FD,0xFF1CC0FD,0xFF1CC0FE,0xFF1CC0FF,0xFF1CC1FD,0xFF1CC0FF,
        0xFF1BC1FE,0xFF1BC1FE,0xFF1CC0FF,0xFF1CC0FD,0xFF1CC0FD,0xFF1CC0FD,0xFF1CC0FD,0xFB1BBEFB,0xFF1CCEFF,0x9F1B7698,0x00000000,0x04000304,0x00000000,
        0x00000000,0x00000000,0x04000304,0x00000000,0x8B1C6683,0xFF1ECBFF,0xFB1ABCFA,0xFF1BBFFD,0xFF1BBEFD,0xFF1BBEFD,0xFF1BBEFD,0xFF1BBEFD,0xFF1BBEFD,
        0xFF1BBEFD,0xFF1BBFFD,0xFF1BBFFE,0xFF1BBFFE,0xFF1BBFFE,0xFF1BBFFE,0xFF1BBFFD,0xFF1BBFFE,0xFF1ABFFE,0xFF1ABFFE,0xFF1BBFFE,0xFF1BBFFE,0xFF1BBFFD,
        0xFF1BBFFD,0xFF1BBFFE,0xFF1ABFFE,0xFF1BBFFD,0xFF1BBFFE,0xFF1BBFFE,0xFF1ABFFD,0xFF1ABFFD,0xFF1ABFFD,0xFF1BBFFD,0xFF1BBFFE,0xFF1ABFFD,0xFF1ABFFE,
        0xFF1ABFFD,0xFF1ABFFD,0xFF1ABFFE,0xFF1ABEFD,0xFF1ABEFD,0xFF1ABEFD,0xFF1ABFFD,0xFB1ABCF9,0xFF1CCBFF,0x9F1B7598,0x00000000,0x04000304,0x00000000,
        0x00000000,0x00000000,0x04000304,0x00000000,0x8C1E6683,0xFF1FC8FF,0xFB1CB9F9,0xFF1DBCFE,0xFF1DBCFE,0xFF1DBCFE,0xFF1DBCFE,0xFF1DBCFE,0xFF1DBCFE,
        0xFF1DBCFE,0xFF1DBCFE,0xFF1DBDFE,0xFF1DBCFE,0xFF1DBCFE,0xFF1DBCFE,0xFF1DBCFE,0xFF1EBCFE,0xFF1EBBFE,0xFF1EBBFE,0xFF1EBBFE,0xFF1EBBFD,0xFF1EBCFE,
        0xFF1EBCFE,0xFF1EBBFD,0xFF1EBBFE,0xFF1EBBFE,0xFF1DBBFD,0xFF1DBBFD,0xFF1DBBFD,0xFF1DBBFD,0xFF1DBBFD,0xFF1DBBFD,0xFF1EBCFE,0xFF1DBCFE,0xFF1DBCFE,
        0xFF1EBCFE,0xFF1DBCFE,0xFF1DBCFE,0xFF1DBCFD,0xFF1DBCFD,0xFF1DBCFD,0xFF1EBCFE,0xFB1FB8FA,0xFF1FC8FF,0x9F1B7397,0x00000000,0x04000304,0x00000000,
        0x00000000,0x00000000,0x04010304,0x00000000,0x81185C78,0xFF1EC6FF,0xFB19B7F9,0xFF1BBAFD,0xFF1BBAFD,0xFF1BBAFD,0xFF1BBAFD,0xFF1BBAFD,0xFF1BBAFD,
        0xFF1BBAFD,0xFF1BBAFD,0xFF1BBAFD,0xFF1BBAFD,0xFF1BBAFD,0xFF1BBAFD,0xFF1BBAFD,0xFF1DBAFD,0xFF1EBAFE,0xFF1DBBFE,0xFF1DBBFE,0xFF1DBBFE,0xFF1DBAFE,
        0xFF1DBAFE,0xFF1DBBFE,0xFF1DBBFE,0xFF1DBBFE,0xFF1DBBFE,0xFF1DBBFE,0xFF1DBBFE,0xFF1DBBFE,0xFF1DBBFE,0xFF1DBBFE,0xFF1DBBFE,0xFF1CBBFE,0xFF1BBBFD,
        0xFF1BBBFD,0xFF1BBBFD,0xFF1BBBFD,0xFF1CBBFD,0xFF1CBBFD,0xFF1BBAFD,0xFF1BBAFD,0xFB1DB8FA,0xFF1FC7FF,0x9F1B7296,0x00000000,0x04000304,0x00000000,
        0x00000000,0x00000000,0x04010304,0x00000000,0x7511506E,0xFF1CC2FF,0xFB15B4F9,0xFF18B7FD,0xFF19B7FD,0xFF19B7FD,0xFF19B7FD,0xFF19B7FD,0xFF18B6FD,
        0xFF18B6FD,0xFF18B6FD,0xFF19B7FD,0xFF19B7FD,0xFF19B8FE,0xFF19B8FE,0xFF19B7FD,0xFF19B6FD,0xFF1AB6FD,0xFF1AB7FE,0xFF1AB7FE,0xFF1AB7FE,0xFF1BB6FE,
        0xFF1BB5FD,0xFF1AB6FD,0xFF1AB6FD,0xFF1BB6FD,0xFF1BB7FD,0xFF1BB6FD,0xFF1BB6FD,0xFF1BB7FE,0xFF1AB6FD,0xFF1AB6FD,0xFF1BB6FD,0xFF1BB7FD,0xFF1AB7FE,
        0xFF19B7FE,0xFF19B7FE,0xFF19B7FD,0xFF19B7FD,0xFF18B7FD,0xFF19B7FD,0xFF19B7FE,0xFB17B4F9,0xFF1EC3FF,0x9F1C7196,0x00000000,0x04000304,0x00000000,
        0x00000000,0x00000000,0x04010304,0x00000000,0x77135170,0xFF1EBEFF,0xFB1AB0FA,0xFF1CB4FF,0xFF1CB4FF,0xFF1CB4FF,0xFF1CB4FF,0xFF1BB4FF,0xFF1BB3FE,
        0xFF1AB3FE,0xFF1BB3FE,0xFF1BB3FE,0xFF1CB4FD,0xFF1DB5FE,0xFF1DB5FE,0xFF1BB3FC,0xFF1BB3FE,0xFF1CB3FF,0xFF1CB3FF,0xFF1DB4FF,0xFF1DB4FF,0xFF1DB4FF,
        0xFF1BB3FE,0xFF1BB2FD,0xFF1BB3FE,0xFF1BB3FE,0xFF1CB4FE,0xFF1CB4FC,0xFF1CB4FD,0xFF1BB2FD,0xFF1AB2FD,0xFF1BB2FE,0xFF1BB3FE,0xFF1CB4FD,0xFF1CB5FD,
        0xFF1CB4FF,0xFF1BB3FE,0xFF1BB3FE,0xFF1BB3FE,0xFF1BB4FD,0xFF1CB4FE,0xFF1BB3FE,0xFB1BB0FB,0xFF1FBFFF,0x9F1D6E94,0x00000000,0x04000304,0x00000000,
        0x00000000,0x00000000,0x04010304,0x00000000,0x77134F6F,0xFF1EBCFF,0xFB19AEF9,0xFF1DB1FD,0xFF1DB1FD,0xFF1DB1FE,0xFF1DB1FE,0xFF1EB1FE,0xFF1DB1FD,
        0xFF1DB1FE,0xFF1EB1FE,0xFF1DB1FE,0xFF1EB1FD,0xFF1DB1FD,0xFF1DB1FD,0xFF1DB2FD,0xFF1EB1FE,0xFF1EB1FE,0xFF1EB1FE,0xFF1EB1FE,0xFF1EB1FE,0xFF1EB1FE,
        0xFF1EB1FE,0xFF1DB1FE,0xFF1DB1FD,0xFF1DB1FE,0xFF1DB1FD,0xFF1DB1FD,0xFF1DB1FD,0xFF1CB0FD,0xFF1CB0FD,0xFF1DB1FD,0xFF1DB1FD,0xFF1DB1FD,0xFF1DB1FD,
        0xFF1DB1FD,0xFF1DB1FD,0xFF1DB0FD,0xFF1DB1FD,0xFF1DB1FD,0xFF1DB1FD,0xFF1EB1FE,0xFB1EAEFA,0xFF20BDFF,0x9F1C6C94,0x00000000,0x04000304,0x00000000,
        0x00000000,0x00000000,0x04010304,0x00000000,0x77134E6E,0xFF1FBAFF,0xFB19ABF8,0xFF1BAEFC,0xFF1BADFC,0xFF1BAEFC,0xFF1CAEFD,0xFF1CAFFE,0xFF1CAEFD,
        0xFF1BAEFC,0xFF1BAEFC,0xFF1BAEFC,0xFF1CAEFD,0xFF1CAEFD,0xFF1DAEFD,0xFF1DAEFE,0xFF1DAFFD,0xFF1CAFFC,0xFF1DAEFD,0xFF1DADFD,0xFF1DADFD,0xFF1DADFD,
        0xFF1CAEFD,0xFF1CAEFD,0xFF1DADFD,0xFF1DAEFE,0xFF1DAEFD,0xFF1DAEFE,0xFF1DAEFE,0xFF1DAEFD,0xFF1DAEFD,0xFF1DAEFD,0xFF1DAEFD,0xFF1DADFD,0xFF1DADFD,
        0xFF1CADFD,0xFF1CAEFD,0xFF1CAEFD,0xFF1CAEFD,0xFF1CAEFD,0xFF1CAEFD,0xFF1CAEFC,0xFB1BABF8,0xFF1FBAFF,0x9F1C6B93,0x00000000,0x04000204,0x00000000,
        0x00000000,0x00000000,0x04010304,0x00000000,0x77134D6E,0xFF22B8FF,0xFB1EAAF8,0xFF1DACFC,0xFF1CABFD,0xFF1DABFE,0xFF1DABFE,0xFF1CACFD,0xFF1DACFE,
        0xFF1CABFE,0xFF1CABFE,0xFF1CABFD,0xFF1DABFE,0xFF1EACFE,0xFF1FACFE,0xFF1EACFD,0xFF1FACFC,0xFF1FACFC,0xFF1FACFC,0xFF1EACFE,0xFF1EACFD,0xFF1EACFD,
        0xFF1EACFD,0xFF1DACFD,0xFF1EACFE,0xFF1FACFE,0xFF1FACFE,0xFF1FACFE,0xFF1FACFE,0xFF1FACFE,0xFF1FACFE,0xFF1FACFF,0xFF1EABFF,0xFF1FACFD,0xFF1EACFE,
        0xFF1FACFE,0xFF1FACFE,0xFF1FACFE,0xFF1FACFE,0xFF1DADFE,0xFF1DADFE,0xFF1DADFD,0xFB1FAAF9,0xFF22B7FF,0x9F1D6994,0x00000000,0x04000204,0x00000000,
        0x00000000,0x00000000,0x04010304,0x00000000,0x77124B6E,0xFF1FB4FF,0xFB1CA7F9,0xFF1DA9FC,0xFF1DA8FD,0xFF1DA8FD,0xFF1CA8FD,0xFF1DA9FC,0xFF1DA8FD,
        0xFF1DA8FD,0xFF1DA8FD,0xFF1DA8FD,0xFF1CA8FD,0xFF1DA9FD,0xFF1DAAFC,0xFF1DAAFC,0xFF1EA9FC,0xFF1EA9FC,0xFF1DA9FC,0xFF1DAAFC,0xFF1DAAFC,0xFF1DA9FC,
        0xFF1DA9FD,0xFF1DA9FD,0xFF1DA9FD,0xFF1DA9FD,0xFF1DA9FC,0xFF1DAAFC,0xFF1DAAFC,0xFF1DA9FC,0xFF1DAAFC,0xFF1DA9FD,0xFF1DA9FD,0xFF1DA9FD,0xFF1DA9FC,
        0xFF1DA9FC,0xFF1DA9FD,0xFF1DA9FD,0xFF1DAAFC,0xFF1DA9FD,0xFF1DA9FC,0xFF1DA9FC,0xFB1DA6F8,0xFF22B4FF,0x9F1D6794,0x00000000,0x04000204,0x00000000,
        0x00000000,0x00000000,0x04010304,0x00000000,0x77124A6D,0xFF20B1FF,0xFB1CA3F9,0xFF1FA6FE,0xFF1EA6FE,0xFF1DA6FD,0xFF1EA6FC,0xFF1EA6FD,0xFF1EA6FD,
        0xFF1EA6FC,0xFF1EA6FC,0xFF1EA6FC,0xFF1EA6FC,0xFF1EA6FC,0xFF1EA6FD,0xFF1EA6FC,0xFF1EA6FD,0xFF1EA6FD,0xFF1EA6FD,0xFF1EA6FD,0xFF1EA6FD,0xFF1EA6FD,
        0xFF1EA6FD,0xFF1EA6FD,0xFF1EA6FD,0xFF1EA6FD,0xFF1EA6FD,0xFF1EA6FD,0xFF1EA6FD,0xFF1EA6FD,0xFF1EA6FD,0xFF1EA6FD,0xFF1EA7FD,0xFF1EA6FD,0xFF1EA6FD,
        0xFF1EA6FD,0xFF1EA6FD,0xFF1EA6FD,0xFF1EA6FD,0xFF1EA6FD,0xFF1EA6FD,0xFF1EA7FD,0xFB1DA4F9,0xFF22B1FF,0x9F1E6693,0x00000000,0x04000204,0x00000000,
        0x00000000,0x00000000,0x04010304,0x00000000,0x7713496D,0xFF22ADFF,0xFB1EA0F9,0xFF1FA3FD,0xFF1FA3FD,0xFF1FA4FD,0xFF1DA4FD,0xFF1DA4FD,0xFF1DA4FD,
        0xFF1DA4FD,0xFF1DA4FD,0xFF1DA4FD,0xFF1DA4FD,0xFF1DA4FD,0xFF1DA4FD,0xFF1EA4FD,0xFF1EA4FD,0xFF1EA5FE,0xFF1EA5FE,0xFF1EA5FE,0xFF1EA5FE,0xFF1EA5FE,
        0xFF1EA5FE,0xFF1EA5FE,0xFF1EA5FE,0xFF1EA5FE,0xFF1EA5FE,0xFF1EA5FE,0xFF1EA5FE,0xFF1EA5FE,0xFF1EA5FE,0xFF1EA5FE,0xFF1EA5FE,0xFF1EA5FE,0xFF1EA5FE,
        0xFF1EA5FE,0xFF1EA5FE,0xFF1EA5FE,0xFF1EA5FE,0xFF1EA5FE,0xFF1EA5FE,0xFF1EA4FE,0xFB1EA1FA,0xFF21AEFF,0x9F1D6592,0x00000000,0x04000204,0x00000000,
        0x00000000,0x00000000,0x04010304,0x00000000,0x7711476D,0xFF1FA9FF,0xFB1C9DF7,0xFF1EA0FB,0xFF1D9FFB,0xFF1DA0FB,0xFF1CA0FB,0xFF1BA0FB,0xFF1CA0FB,
        0xFF1CA0FB,0xFF1CA0FB,0xFF1CA0FB,0xFF1CA0FB,0xFF1CA0FB,0xFF1CA0FB,0xFF1CA0FB,0xFF1CA1FA,0xFF1CA1FB,0xFF1CA1FB,0xFF1CA1FB,0xFF1CA1FB,0xFF1CA1FB,
        0xFF1CA1FB,0xFF1CA1FB,0xFF1CA1FB,0xFF1CA1FB,0xFF1CA1FB,0xFF1CA1FB,0xFF1CA1FB,0xFF1CA1FB,0xFF1CA1FB,0xFF1CA1FB,0xFF1CA1FB,0xFF1CA1FB,0xFF1CA1FB,
        0xFF1CA1FB,0xFF1CA1FB,0xFF1CA1FB,0xFF1CA1FB,0xFF1CA1FB,0xFF1CA2FB,0xFF1DA1FB,0xFB1E9DF8,0xFF20AAFF,0x9F1C6392,0x00000000,0x04000204,0x00000000,
        0x00000000,0x00000000,0x04010204,0x00000000,0x7711476C,0xFF1FA8FF,0xFB1B9AF8,0xFF1C9EFC,0xFF1A9EFB,0xFF1B9DFB,0xFF1B9DFB,0xFF1B9DFB,0xFF1B9DFB,
        0xFF1B9DFB,0xFF1B9DFB,0xFF1B9DFA,0xFF1B9DFB,0xFF1B9DFB,0xFF1B9DFB,0xFF1B9DFB,0xFF1B9DFA,0xFF1C9EFA,0xFF1C9EFA,0xFF1C9EFB,0xFF1C9EFB,0xFF1C9EFA,
        0xFF1C9EFB,0xFF1C9EFB,0xFF1C9EFA,0xFF1C9EFA,0xFF1C9EFA,0xFF1C9EFA,0xFF1C9EFB,0xFF1C9EFB,0xFF1C9EFB,0xFF1C9EFB,0xFF1C9EFB,0xFF1C9EFA,0xFF1C9EFB,
        0xFF1C9EFB,0xFF1C9EFA,0xFF1C9EFB,0xFF1C9EFB,0xFF1C9EFB,0xFF1C9EFA,0xFF1C9DFB,0xFB1C9BF9,0xFF1FA8FF,0x9F1B6192,0x00000000,0x04000204,0x00000000,
        0x00000000,0x00000000,0x04010204,0x00000000,0x7711466C,0xFF1EA6FF,0xFB1A9AF8,0xFF1B9DFD,0xFF1A9DFC,0xFF1B9DFD,0xFF1C9CFD,0xFF1C9DFB,0xFF1C9DFB,
        0xFF1C9DFB,0xFF1C9DFB,0xFF1C9DFB,0xFF1C9DFB,0xFF1C9DFB,0xFF1C9DFB,0xFF1C9DFB,0xFF1C9DFB,0xFF1C9DFB,0xFF1C9DFB,0xFF1C9DFB,0xFF1C9DFB,0xFF1C9DFB,
        0xFF1C9DFB,0xFF1C9DFB,0xFF1C9DFB,0xFF1C9DFB,0xFF1C9DFB,0xFF1C9DFB,0xFF1C9DFB,0xFF1C9DFB,0xFF1C9DFB,0xFF1C9DFB,0xFF1C9DFB,0xFF1C9DFB,0xFF1C9DFB,
        0xFF1C9DFB,0xFF1C9DFB,0xFF1C9DFB,0xFF1C9DFB,0xFF1C9DFB,0xFF1C9DFB,0xFF1C9DFB,0xFB1B99F9,0xFF20A6FF,0x9F1B6092,0x00000000,0x04000204,0x00000000,
        0x00000000,0x00000000,0x04000204,0x00000000,0x7710456D,0xFF1CA2FF,0xFB1897FA,0xFF1999FF,0xFF1A99FE,0xFF1A9AFD,0xFF1B99FD,0xFF1A99FD,0xFF1A99FD,
        0xFF1A99FE,0xFF1A99FE,0xFF1A99FE,0xFF1A99FE,0xFF1B9AFE,0xFF1A99FD,0xFF1A99FD,0xFF1A99FE,0xFF1A99FE,0xFF1A99FD,0xFF1B9AFD,0xFF1B9AFD,0xFF1B9AFD,
        0xFF1B9AFD,0xFF1B9AFD,0xFF1B9AFD,0xFF1B9AFD,0xFF1B9AFD,0xFF1B9AFD,0xFF1B9AFD,0xFF1B9AFD,0xFF1B9AFD,0xFF1B9AFD,0xFF1B9AFD,0xFF1B9AFD,0xFF1B9AFD,
        0xFF1B9AFD,0xFF1B9AFD,0xFF1B9AFD,0xFF1B9AFD,0xFF1B9AFD,0xFF1B9AFD,0xFF1B99FD,0xFB1A96FA,0xFF20A1FF,0x9F1C5E92,0x00000000,0x04000204,0x00000000,
        0x00000000,0x00000000,0x04000204,0x00000000,0x7711436C,0xFF1C9FFF,0xFB1792F9,0xFF1A96FE,0xFF1B96FE,0xFF1B95FE,0xFF1B95FE,0xFF1B95FE,0xFF1B95FE,
        0xFF1B95FE,0xFF1B95FE,0xFF1B95FE,0xFF1B95FE,0xFF1B95FD,0xFF1A95FD,0xFF1B95FE,0xFF1B95FE,0xFF1B95FE,0xFF1B95FE,0xFF1A95FE,0xFF1A95FE,0xFF1A96FE,
        0xFF1A96FE,0xFF1A95FE,0xFF1A95FE,0xFF1A95FE,0xFF1A95FE,0xFF1A95FE,0xFF1A95FE,0xFF1A95FE,0xFF1B95FE,0xFF1A95FE,0xFF1A95FE,0xFF1A95FE,0xFF1A95FE,
        0xFF1B96FE,0xFF1A95FE,0xFF1B95FE,0xFF1B95FE,0xFF1B95FE,0xFF1A95FE,0xFF1B95FE,0xFB1C92FB,0xFF1F9EFF,0x9F1C5B91,0x00000000,0x04000204,0x00000000,
        0x00000000,0x00000000,0x04000204,0x00000000,0x7711426A,0xFF1D9BFF,0xFB168FF7,0xFF1992FB,0xFF1992FC,0xFF1992FC,0xFF1992FB,0xFF1992FB,0xFF1992FB,
        0xFF1992FB,0xFF1992FB,0xFF1992FB,0xFF1992FB,0xFF1892FB,0xFF1892FB,0xFF1992FB,0xFF1992FB,0xFF1992FB,0xFF1992FB,0xFF1992FB,0xFF1992FB,0xFF1992FB,
        0xFF1992FB,0xFF1992FB,0xFF1992FB,0xFF1992FB,0xFF1992FB,0xFF1992FB,0xFF1992FB,0xFF1992FB,0xFF1992FB,0xFF1992FB,0xFF1992FB,0xFF1992FB,0xFF1992FB,
        0xFF1992FB,0xFF1992FB,0xFF1992FB,0xFF1992FB,0xFF1992FB,0xFF1992FB,0xFF1992FB,0xFB1A8FF7,0xFF209CFF,0x9F1C5A91,0x00000000,0x04000204,0x00000000,
        0x00000000,0x00000000,0x04010204,0x00000000,0x7711416B,0xFF1D99FF,0xFB188CF8,0xFF1A90FC,0xFF198FFB,0xFF198FFB,0xFF1A8FFC,0xFF1A8FFC,0xFF1A8FFC,
        0xFF1A90FB,0xFF198FF9,0xFF1A8FF9,0xFF1A90FA,0xFF1A90FA,0xFF1A90FA,0xFF1A90FA,0xFF1A90F9,0xFF1A8FF9,0xFF1A90FA,0xFF1A90FA,0xFF1A90FA,0xFF1A90FA,
        0xFF1A90FA,0xFF1A90FA,0xFF1A90FA,0xFF1A90FA,0xFF1A90FA,0xFF1A90FA,0xFF1A90FA,0xFF1A90FA,0xFF1A90FA,0xFF1A90FA,0xFF1A90FA,0xFF1A90FA,0xFF1A90FA,
        0xFF1A90FA,0xFF1A90FA,0xFF1A90FA,0xFF1A90FA,0xFF1A90FA,0xFF1A90FA,0xFF1A90FA,0xFB1A8EF6,0xFF1F99FF,0x9F1B5891,0x00000000,0x04000204,0x00000000,
        0x00000000,0x00000000,0x04010204,0x00000000,0x76114069,0xFF1D97FF,0xFB188BF6,0xFF188DFA,0xFF188EFA,0xFF188DFA,0xFF188EFA,0xFF198DFA,0xFF198DFA,
        0xFF198DFA,0xFF198DF9,0xFF188DF9,0xFF188EFA,0xFF188DFA,0xFF198DF9,0xFF198EF9,0xFF1A8EF9,0xFF1B8DFA,0xFF1A8EFA,0xFF198EFA,0xFF1A8EFA,0xFF1A8EFA,
        0xFF1A8EFA,0xFF1A8EFA,0xFF1A8EFA,0xFF1A8EFA,0xFF1A8EFA,0xFF1A8EFA,0xFF1A8EFA,0xFF1A8EFA,0xFF1A8EFA,0xFF1A8EFA,0xFF1A8EFA,0xFF1A8EFA,0xFF1A8DFA,
        0xFF1A8EFA,0xFF1A8EFA,0xFF1A8EFA,0xFF1A8EFA,0xFF1A8EFA,0xFF1A8DFA,0xFF198EF9,0xFB198CF4,0xFF1F96FF,0xA01B5790,0x00000000,0x04000204,0x00000000,
        0x00000000,0x00000000,0x04010204,0x00000000,0x76113E69,0xFF1E93FF,0xFB1888F4,0xFF178CF7,0xFF188CF7,0xFF178CF7,0xFF178CF7,0xFF188BF7,0xFF188BF7,
        0xFF178BF7,0xFF188BF7,0xFF188BF7,0xFF188CF7,0xFF188BF8,0xFF188BF8,0xFF188BF9,0xFF188BF9,0xFF188BF8,0xFF188BF7,0xFF188BF7,0xFF188BF7,0xFF188BF7,
        0xFF188BF7,0xFF188BF7,0xFF188BF7,0xFF188BF7,0xFF188BF7,0xFF188BF7,0xFF188BF7,0xFF188BF7,0xFF188BF7,0xFF188BF7,0xFF178BF7,0xFF188BF7,0xFF188BF7,
        0xFF188BF7,0xFF188BF7,0xFF188BF7,0xFF188BF7,0xFF188BF7,0xFF188BF7,0xFF178BF7,0xFB1689F4,0xFF1E94FF,0x8F154C82,0x00000000,0x04000204,0x00000000,
        0x00000000,0x00000000,0x04010204,0x00000000,0x76113E68,0xFF1E91FF,0xFA1885F2,0xFF1889F8,0xFF1789F8,0xFF1789F8,0xFF1889F8,0xFF1889F8,0xFF1889F8,
        0xFF1889F8,0xFF1889F8,0xFF1689F7,0xFF1689F8,0xFF1789F7,0xFF1889F7,0xFF188AF7,0xFF188AF7,0xFF1889F8,0xFF1889F8,0xFF1889F8,0xFF1789F8,0xFF1789F8,
        0xFF1788F7,0xFF1789F8,0xFF1889F8,0xFF1889F8,0xFF1889F8,0xFF1889F8,0xFF1889F8,0xFF1889F8,0xFF1889F8,0xFF1889F8,0xFF1889F8,0xFF1889F8,0xFF1789F7,
        0xFF1889F8,0xFF1889F8,0xFF1889F8,0xFF1889F8,0xFF1889F8,0xFF1889F8,0xFF1888F7,0xFB1686F2,0xFF1D91FF,0x8D16487E,0x00000000,0x04010204,0x00000000,
        0x00000000,0x00000000,0x03000203,0x00000000,0x450C233B,0xFF228EFF,0xFB1A85F5,0xFA1B85F3,0xFB1B85F3,0xFB1984F2,0xFB1984F2,0xFB1984F2,0xFB1984F2,
        0xFB1984F2,0xFB1984F2,0xFB1984F2,0xFB1984F1,0xFB1885F1,0xFB1885F1,0xFB1885F1,0xFB1884F2,0xFB1884F2,0xFB1885F2,0xFB1885F2,0xFB1884F1,0xFB1884F2,
        0xFB1884F1,0xFB1884F1,0xFB1884F2,0xFB1885F2,0xFB1885F2,0xFB1885F2,0xFB1884F1,0xFB1984F2,0xFB1984F2,0xFB1984F2,0xFB1984F2,0xFB1984F2,0xFB1884F2,
        0xFB1884F2,0xFB1884F2,0xFB1884F2,0xFB1884F2,0xFB1984F2,0xFB1985F2,0xFB1A85F2,0xF91A83F2,0xFF2190FF,0x60102F51,0x00000000,0x04010203,0x00000000,
        0x00000000,0x00000000,0x00000000,0x01000101,0x00000000,0x9B164E8B,0xFF228DFF,0xFF218CFF,0xFF218CFF,0xFF208CFF,0xFF1F8CFF,0xFF1F8CFF,0xFF1F8CFF,
        0xFF1F8CFF,0xFF208CFF,0xFF208CFF,0xFF208CFF,0xFF1F8CFF,0xFF1F8CFF,0xFF208CFF,0xFF1F8CFF,0xFF1F8CFF,0xFF1F8CFF,0xFF1F8CFF,0xFF1F8CFF,0xFF1F8CFF,
        0xFF1F8CFF,0xFF1E8CFF,0xFF1E8CFF,0xFF1E8CFF,0xFF1E8CFF,0xFF1E8CFF,0xFF1E8CFF,0xFF1E8CFF,0xFF1E8CFF,0xFF1E8CFF,0xFF1E8CFF,0xFF1E8CFF,0xFF1D8CFF,
        0xFF1D8CFF,0xFF1D8CFF,0xFF1E8CFF,0xFF1D8CFF,0xFF1F8CFF,0xFF208DFF,0xFF208DFF,0xFF248EFF,0xB61C5CA8,0x00000000,0x00000000,0x01000001,0x00000000,
        0x00000000,0x00000000,0x00000000,0x01000001,0x00000000,0x00000000,0x4D0E2641,0x81164072,0x7E133E71,0x7E133F72,0x7E123F72,0x7E123F73,0x7E123E73,
        0x7E123F72,0x7E123F71,0x7E123F73,0x7E123F72,0x7E113F72,0x7E123F72,0x7E133F72,0x7E133F72,0x7E123F72,0x7E123F72,0x7E123F72,0x7E113F72,0x7E123F72,
        0x7E113F72,0x7E123F73,0x7E123F73,0x7E123F73,0x7E113F73,0x7E113F73,0x7E113F73,0x7E113F73,0x7E113F72,0x7E114072,0x7E114072,0x7E113F72,0x7E113F71,
        0x7E113F71,0x7E113F71,0x7E114072,0x7E114072,0x7E113F71,0x7E123F71,0x80164071,0x55112B4A,0x00000000,0x00000000,0x01000101,0x00000000,0x00000000,
        0x00000000,0x00000000,0x00000000,0x00000000,0x01000001,0x01000101,0x00000000,0x00000000,0x00000000,0x00000000,0x00000000,0x00000000,0x00000000,
        0x00000000,0x00000000,0x00000000,0x00000000,0x00000000,0x00000000,0x00000000,0x00000000,0x00000000,0x00000000,0x00000000,0x00000000,0x00000000,
        0x00000000,0x00000000,0x00000000,0x00000000,0x00000000,0x00000000,0x00000000,0x00000000,0x00000000,0x00000000,0x00000000,0x00000000,0x00000000,
        0x00000000,0x00000000,0x00000000,0x00000000,0x00000000,0x00000000,0x00000000,0x00000000,0x00000000,0x01000101,0x00000000,0x00000000,0x00000000,
        0x00000000,0x00000000,0x00000000,0x00000000,0x00000000,0x00000000,0x03010203,0x04010204,0x04010204,0x04010204,0x04010204,0x04010204,0x04010204,
        0x04010204,0x04010204,0x04010204,0x04010204,0x04010204,0x04010204,0x04010204,0x04010204,0x04010204,0x04010204,0x04010204,0x04010204,0x04010204,
        0x04010204,0x04010204,0x04010204,0x04010204,0x04000204,0x04000204,0x04010204,0x04010204,0x04010204,0x04010204,0x04010204,0x04000204,0x04000204,
        0x04000204,0x04000204,0x04010204,0x04000204,0x04010204,0x04010204,0x04010204,0x03010203,0x01000000,0x00000000,0x00000000,0x00000000,0x00000000,
        0x00000000,0x00000000,0x00000000,0x00000000,0x00000000,0x00000000,0x00000000,0x00000000,0x00000000,0x00000000,0x00000000,0x00000000,0x00000000,
        0x00000000,0x00000000,0x00000000,0x00000000,0x00000000,0x00000000,0x00000000,0x00000000,0x00000000,0x00000000,0x00000000,0x00000000,0x00000000,
        0x00000000,0x00000000,0x00000000,0x00000000,0x00000000,0x00000000,0x00000000,0x00000000,0x00000000,0x00000000,0x00000000,0x00000000,0x00000000,
        0x00000000,0x00000000,0x00000000,0x00000000,0x00000000,0x00000000,0x00000000,0x00000000,0x00000000,0x00000000,0x00000000,0x00000000,0x00000000,
        0x00000000,0x00000000,0x00000000,0x00000000,0x00000000,0x00000000,0x00000000,0x00000000,0x00000000,0x00000000,0x00000000,0x00000000,0x00000000,
        0x00000000,0x00000000,0x00000000,0x00000000,0x00000000,0x00000000,0x00000000,0x00000000,0x00000000,0x00000000,0x00000000,0x00000000,0x00000000,
        0x00000000,0x00000000,0x00000000,0x00000000,0x00000000,0x00000000,0x00000000,0x00000000,0x00000000,0x00000000,0x00000000,0x00000000,0x00000000,
        0x00000000,0x00000000,0x00000000,0x00000000,0x00000000,0x00000000,0x00000000,0x00000000,0x00000000,0x00000000,0x00000000,0x00000000,0x00000000,
        0x00000000,0x00000000,0x00000000,0x00000000,0x00000000,0x00000000,0x00000000,0x00000000,0x00000000,0x00000000,0x00000000,0x00000000,0x00000000,
        0x00000000,0x00000000,0x00000000,0x00000000,0x00000000,0x00000000,0x00000000,0x00000000,0x00000000,0x00000000,0x00000000,0x00000000,0x00000000,
        0x00000000,0x00000000,0x00000000,0x00000000,0x00000000,0x00000000,0x00000000,0x00000000,0x00000000,0x00000000,0x00000000,0x00000000,0x00000000,
        0x00000000,0x00000000,0x00000000,0x00000000,0x00000000,0x00000000,0x00000000,0x00000000,0x00000000,0x00000000,0x00000000,0x00000000,0x00000000,
        0x00000000,0x00000000,0x00000000,0x00000000,0x00000000,0x00000000,0x00000000,0x00000000,0x00000000,0x00000000,0x00000000,0x00000000,0x00000000,
        0x00000000,0x00000000,0x00000000,0x00000000,0x00000000,0x00000000,0x00000000,0x00000000,0x00000000,0x00000000,0x00000000,0x00000000,0x00000000,
        0x00000000,0x00000000,0x00000000,0x00000000,0x00000000,0x00000000,0x00000000,0x00000000,0x00000000,0x00000000,0x00000000,0x00000000,0x00000000,
        0x00000000,0x00000000,0x00000000,0x00000000,0x00000000,0x00000000,0x00000000,0x00000000,0x00000000,0x00000000,0x00000000,0x00000000,0x00000000,
        0x00000000,0x00000000,0x00000000,0x00000000,0x00000000,0x00000000,0x00000000,0x00000000,0x00000000,0x00000000,0x00000000,0x00000000,0x00000000,
        0x00000000,0x00000000,0x00000000,0x00000000,0x00000000,0x00000000,0x00000000,0x00000000,0x00000000,0x00000000,0x00000000,0x00000000,0x00000000,
        0x00000000,0x00000000,0x00000000,0x00000000,0x00000000,0x00000000,0x00000000,0x00000000,0x00000000,0x00000000,0x00000000,0x00000000,0x00000000,
        0x00000000,0x00000000,0x00000000,0x00000000,0x00000000,0x00000000,0x00000000,0x00000000,0x00000000,0x00000000,0x00000000,0x00000000,0x00000000,
        0x00000000,0x00000000,0x00000000,0x00000000,0x00000000,0x00000000,0x00000000,0x00000000,0x00000000,0x00000000,0x00000000,0x00000000,0x00000000,
        0x00000000,0x00000000,0x00000000,0x00000000,0x00000000,0x00000000,0x00000000,0x00000000,0x00000000,0x00000000,0x00000000,0x00000000,0x00000000,
        0x00000000,0x00000000,0x00000000,0x00000000,0x00000000,0x00000000,0x00000000,0x00000000,0x00000000,0x00000000,0x00000000,0x00000000,0x00000000,
        0x00000000,0x00000000,0x00000000,0x00000000,0x00000000,0x00000000,0x00000000,0x00000000,0x00000000,0x00000000,0x00000000,0x00000000,0x00000000,
    },
    { /* BROWSER */
        0x00000000,0x00000000,0x00000000,0x00000000,0x00000000,0x00000000,0x00000000,0x00000000,0x00000000,0x00000000,0x00000000,0x00000000,0x00000000,
        0x00000000,0x00000000,0x00000000,0x00000000,0x00000000,0x00000000,0x00000000,0x00000000,0x00000000,0x00000000,0x00000000,0x00000000,0x00000000,
        0x00000000,0x00000000,0x00000000,0x00000000,0x00000000,0x00000000,0x00000000,0x00000000,0x00000000,0x00000000,0x00000000,0x00000000,0x00000000,
        0x00000000,0x00000000,0x00000000,0x00000000,0x00000000,0x00000000,0x00000000,0x00000000,0x00000000,0x00000000,0x00000000,0x00000000,0x00000000,
        0x00000000,0x00000000,0x00000000,0x00000000,0x00000000,0x00000000,0x00000000,0x00000000,0x00000000,0x00000000,0x00000000,0x00000000,0x00000000,
        0x00000000,0x00000000,0x00000000,0x00000000,0x00000000,0x00000000,0x00000000,0x00000000,0x00000000,0x00000000,0x00000000,0x00000000,0x00000000,
        0x00000000,0x00000000,0x00000000,0x00000000,0x00000000,0x00000000,0x00000000,0x00000000,0x00000000,0x00000000,0x00000000,0x00000000,0x00000000,
        0x00000000,0x00000000,0x00000000,0x00000000,0x00000000,0x00000000,0x00000000,0x00000000,0x00000000,0x00000000,0x00000000,0x00000000,0x00000000,
        0x00000000,0x00000000,0x00000000,0x00000000,0x00000000,0x00000000,0x00000000,0x00000000,0x00000000,0x00000000,0x00000000,0x00000000,0x00000000,
        0x00000000,0x00000000,0x00000000,0x00000000,0x00000000,0x00000000,0x00000000,0x00000000,0x00000000,0x00000000,0x00000000,0x00000000,0x00000000,
        0x00000000,0x00000000,0x00000000,0x00000000,0x00000000,0x00000000,0x00000000,0x00000000,0x00000000,0x00000000,0x00000000,0x00000000,0x00000000,
        0x00000000,0x00000000,0x00000000,0x00000000,0x00000000,0x00000000,0x00000000,0x00000000,0x00000000,0x00000000,0x00000000,0x00000000,0x00000000,
        0x00000000,0x00000000,0x00000000,0x00000000,0x00000000,0x00000000,0x00000000,0x00000000,0x00000000,0x00000000,0x00000000,0x00000000,0x00000000,
        0x00000000,0x00000000,0x00000000,0x00000000,0x00000000,0x00000000,0x00000000,0x00000000,0x00000000,0x00000000,0x00000000,0x00000000,0x00000000,
        0x00000000,0x00000000,0x00000000,0x00000000,0x00000000,0x00000000,0x00000000,0x00000000,0x00000000,0x00000000,0x00000000,0x00000000,0x00000000,
        0x00000000,0x00000000,0x00000000,0x00000000,0x00000000,0x00000000,0x00000000,0x00000000,0x00000000,0x00000000,0x00000000,0x00000000,0x00000000,
        0x00000000,0x00000000,0x00000000,0x00000000,0x00000000,0x00000000,0x00000000,0x03030303,0x00000000,0x00000000,0x100F0F0F,0x64616161,0xABA7A7A7,
        0xE0DBDBDB,0xFFFCFCFC,0xFEFAFAFA,0xFFFBFBFB,0xFFFAFAFA,0xFFFAFAFA,0xFFFAFAFA,0xFFFAFAFA,0xFFFAFAFA,0xFFFAFAFA,0xFFFAFAFA,0xFFFAFAFA,0xFFFAFAFA,
        0xFFFAFAFA,0xFFFAFAFA,0xFFFAFAFA,0xFFFAFAFA,0xFFFAFAFA,0xFFFAFAFA,0xFFFAFAFA,0xFFFAFAFA,0xFFFAFAFA,0xFFFAFAFA,0xFEF8F8F8,0xFFFAFAFA,0xE0DADADA,
        0xABA6A6A6,0x645F5F5F,0x100F0F0F,0x00000000,0x00000000,0x03030303,0x00000000,0x00000000,0x00000000,0x00000000,0x00000000,0x00000000,0x00000000,
        0x00000000,0x00000000,0x00000000,0x00000000,0x00000000,0x00000000,0x03030303,0x00000000,0x00000000,0x75717171,0xE6E1E1E1,0xFFFFFFFF,0xFFFFFFFF,
        0xFFFFFFFF,0xFFFFFFFF,0xFFFFFFFF,0xFFFFFFFF,0xFFFFFFFF,0xFFFFFFFF,0xFFFFFFFF,0xFFFFFFFF,0xFFFFFFFF,0xFFFFFFFF,0xFFFFFFFF,0xFFFFFFFF,0xFFFFFFFF,
        0xFFFFFFFF,0xFFFFFFFF,0xFFFFFFFF,0xFFFFFFFF,0xFFFFFFFF,0xFFFFFFFF,0xFFFFFFFF,0xFFFFFFFF,0xFFFFFFFF,0xFFFFFFFF,0xFFFFFFFF,0xFFFFFFFF,0xFFFFFFFF,
        0xFFFFFFFF,0xFFFFFFFF,0xE6DFDFDF,0x76717171,0x00000000,0x00000000,0x03030303,0x00000000,0x00000000,0x00000000,0x00000000,0x00000000,0x00000000,
        0x00000000,0x00000000,0x00000000,0x00000000,0x00000000,0x03030303,0x00000000,0x18171717,0xCAC5C5C5,0xFFFFFFFF,0xFFFFFFFF,0xFCFCFCFC,0xFCFCFCFC,
        0xFEFEFEFE,0xFFFFFFFF,0xFFFFFFFF,0xFFFFFFFF,0xFFFFFFFF,0xFFFFFFFF,0xFFFFFFFF,0xFFFFFFFF,0xFFFFFEFE,0xFFFFFDFC,0xFFFFFCFC,0xFFFFFCFC,0xFFFFFDFC,
        0xFFFFFCFC,0xFFFFFCFC,0xFFFFFCFC,0xFFFFFDFD,0xFFFFFEFE,0xFFFFFFFF,0xFFFFFFFF,0xFFFFFFFF,0xFFFFFFFF,0xFFFFFFFF,0xFFFFFFFF,0xFFFFFFFF,0xFEFEFEFE,
        0xFCFCFCFC,0xFCFCFCFC,0xFFFFFFFF,0xFFFFFFFF,0xCBC4C4C4,0x18171717,0x00000000,0x03030303,0x00000000,0x00000000,0x00000000,0x00000000,0x00000000,
        0x00000000,0x00000000,0x00000000,0x00000000,0x03030303,0x00000000,0x18171717,0xE3DDDDDD,0xFFFFFFFF,0xF9F9F9F9,0xFDFDFDFD,0xFFFFFFFF,0xFFFFFFFF,
        0xFFFFFFFF,0xFFFFFFFF,0xFFFFFFFF,0xFFFFFFFF,0xFFFFFFFF,0xFFFFFEFE,0xFFFFFCFC,0xFFFFFEFE,0xFFFFFFFF,0xFFFFFFFF,0xFFFFFFFF,0xFFFFFFFF,0xFFFEFFFF,
        0xFFFEFFFF,0xFFFEFFFF,0xFFFFFFFF,0xFFFFFFFF,0xFFFFFFFF,0xFFFFFDFE,0xFFFFFCFD,0xFFFFFEFE,0xFFFFFFFF,0xFFFFFFFF,0xFFFFFFFF,0xFFFFFFFF,0xFFFFFFFF,
        0xFFFFFFFF,0xFFFFFFFF,0xFEFDFDFD,0xF9F9F9F9,0xFFFFFFFF,0xE4DCDCDC,0x18171717,0x00000000,0x03030303,0x00000000,0x00000000,0x00000000,0x00000000,
        0x00000000,0x00000000,0x00000000,0x00000000,0x00000000,0x00000000,0xCAC5C5C5,0xFFFFFFFF,0xF9F9F9F9,0xFFFFFFFF,0xFFFFFFFF,0xFFFFFFFF,0xFFFFFFFF,
        0xFFFFFFFF,0xFFFFFFFF,0xFFFFFFFF,0xFFFFFFFE,0xFFFFFCFC,0xFFFFFFFF,0xFFFFFFFF,0xFFFDFFFF,0xFFFBE9E9,0xFFF9C6C6,0xFFF8A7A5,0xFFF99090,0xFFF68885,
        0xFFF78986,0xFFF99290,0xFFF9A8A7,0xFFF9C7C5,0xFFFBE9E8,0xFFFCFFFF,0xFFFFFFFF,0xFFFFFFFF,0xFFFEFCFC,0xFFFFFEFE,0xFFFFFFFF,0xFFFFFFFF,0xFFFFFFFF,
        0xFFFFFFFF,0xFFFFFFFF,0xFFFFFFFF,0xFFFFFFFF,0xF9F9F9F9,0xFFFFFFFF,0xCCC5C5C5,0x00000000,0x00000000,0x00000000,0x00000000,0x00000000,0x00000000,
        0x00000000,0x00000000,0x00000000,0x00000000,0x00000000,0x75727272,0xFFFFFFFF,0xF9F9F9F9,0xFFFFFFFF,0xFFFFFFFF,0xFFFFFFFF,0xFFFFFFFF,0xFFFFFFFF,
        0xFFFFFFFF,0xFFFFFFFF,0xFFFFFDFD,0xFFFFFFFF,0xFFFFFFFF,0xFFFCF4F3,0xFFF9B0B2,0xFFF76D6D,0xFFF73D40,0xFFF72727,0xFFF91F1D,0xFFF91C1A,0xFFFA1C1A,
        0xFFFC1C1B,0xFFFB1E1C,0xFFFB211F,0xFFFB2C29,0xFFF94540,0xFFF7726C,0xFFF8B3B1,0xFFFCF2F0,0xFFFFFFFF,0xFFFFFEFF,0xFFFFFCFD,0xFFFFFFFF,0xFFFFFFFF,
        0xFFFFFFFF,0xFFFFFFFF,0xFFFFFFFF,0xFFFFFFFF,0xFFFFFFFF,0xF9F9F9F9,0xFFFFFFFF,0x77727272,0x00000000,0x00000000,0x00000000,0x00000000,0x00000000,
        0x00000000,0x00000000,0x00000000,0x00000000,0x100F0F0F,0xE6E1E1E1,0xFFFFFFFF,0xFEFDFDFD,0xFFFFFFFF,0xFFFFFFFF,0xFFFFFFFF,0xFFFFFFFF,0xFFFFFFFF,
        0xFFFFFFFF,0xFFFFFCFC,0xFFFFFFFF,0xFFFCFCFC,0xFFF7A5A7,0xFFF64A4A,0xFFF71F1F,0xFFF81817,0xFFF81A1A,0xFFF71D1C,0xFFF81F1E,0xFFF82120,0xFFF82220,
        0xFFF82321,0xFFFA2422,0xFFFB2523,0xFFFD2523,0xFFFD2421,0xFFFD221E,0xFFFC2924,0xFFF7534D,0xFFF8AAA8,0xFFFCF8F9,0xFFFFFFFF,0xFFFEFCFC,0xFFFFFFFF,
        0xFFFFFFFF,0xFFFFFFFF,0xFFFFFFFF,0xFFFFFFFF,0xFFFFFFFF,0xFEFDFDFD,0xFFFFFFFF,0xE7E0E0E0,0x11101010,0x00000000,0x00000000,0x00000000,0x00000000,
        0x00000000,0x00000000,0x00000000,0x00000000,0x64606060,0xFFFFFFFF,0xFCFCFCFC,0xFFFFFFFF,0xFFFFFFFF,0xFFFFFFFF,0xFFFFFFFF,0xFFFFFFFF,0xFFFFFFFF,
        0xFFFFFCFC,0xFFFFFFFF,0xFFF9D4D6,0xFFF55B5B,0xFFF51D1D,0xFFF71719,0xFFF51B1B,0xFFF51C1B,0xFFF51C1A,0xFFF51C1A,0xFFF61D1C,0xFFF61E1C,0xFFF61F1D,
        0xFFF61F1D,0xFFF7201E,0xFFF82220,0xFFFA2321,0xFFFA2523,0xFFFB2925,0xFFFC2A26,0xFFFF2623,0xFFFB2924,0xFFF7645D,0xFFFAD6D3,0xFFFFFFFF,0xFFFEFBFB,
        0xFFFFFEFF,0xFFFFFFFF,0xFFFFFFFF,0xFFFFFFFF,0xFFFFFFFF,0xFFFFFFFF,0xFCFCFCFC,0xFFFFFFFF,0x65626262,0x00000000,0x00000000,0x00000000,0x00000000,
        0x00000000,0x00000000,0x00000000,0x00000000,0xACA7A7A7,0xFFFFFFFF,0xFCFCFCFC,0xFFFFFFFF,0xFFFFFFFF,0xFFFFFFFF,0xFFFFFFFF,0xFFFFFFFF,0xFFFFFDFD,
        0xFFFFFFFF,0xFFF7B3B3,0xFFF73037,0xFFF71519,0xFFF21A1B,0xFFF31A1B,0xFFF3191A,0xFFF31918,0xFFF41A19,0xFFF41A19,0xFFF51B1A,0xFFF41C1B,0xFFF51E1C,
        0xFFF61F1D,0xFFF61F1D,0xFFF7201E,0xFFF9211F,0xFFF92321,0xFFF92623,0xFFFA2724,0xFFFD2A27,0xFFFD2E2A,0xFFFE2722,0xFFF83F38,0xFFF8B6B2,0xFFFFFFFF,
        0xFFFFFBFB,0xFFFFFFFF,0xFFFFFFFF,0xFFFFFFFF,0xFFFFFFFF,0xFFFFFFFF,0xFCFCFCFC,0xFFFFFFFF,0xADA8A8A8,0x00000000,0x00000000,0x00000000,0x00000000,
        0x00000000,0x00000000,0x00000000,0x00000000,0xE1DBDBDB,0xFFFFFFFF,0xFEFEFEFE,0xFFFFFFFF,0xFFFFFFFF,0xFFFFFFFF,0xFFFFFFFF,0xFFFFFCFC,0xFFFEFFFF,
        0xFFF6A5A6,0xFFF72325,0xFFF61619,0xFFF21719,0xFFF21618,0xFFF11719,0xFFF11718,0xFFF21817,0xFFF31918,0xFFF41A19,0xFFF51B1A,0xFFF51D1B,0xFFF51E1C,
        0xFFF61F1D,0xFFF61F1D,0xFFF7201E,0xFFF7211F,0xFFF82320,0xFFF82420,0xFFF92522,0xFFFB2623,0xFFFC2A26,0xFFFC2E2A,0xFFFE2B27,0xFFF9322E,0xFFF7ABA6,
        0xFFFEFFFF,0xFFFEFAFA,0xFFFFFFFF,0xFFFFFFFF,0xFFFFFFFF,0xFFFFFFFF,0xFEFEFEFE,0xFFFFFFFF,0xE2DBDBDB,0x00000000,0x00000000,0x00000000,0x00000000,
        0x00000000,0x00000000,0x00000000,0x00000000,0xFFFBFBFB,0xFFFFFFFF,0xFFFFFFFF,0xFFFFFFFF,0xFFFFFFFF,0xFFFFFFFF,0xFFFEFCFC,0xFFFFFFFF,0xFFF7B0B3,
        0xFFF72224,0xFFF41518,0xFFF01617,0xFFF01517,0xFFF11517,0xFFF01617,0xFFF01616,0xFFF11716,0xFFF31918,0xFFF51B1A,0xFFF61C1B,0xFFF61E1D,0xFFF6201E,
        0xFFF7201E,0xFFF7211F,0xFFF8221F,0xFFF72320,0xFFF72420,0xFFF82420,0xFFF82421,0xFFF92622,0xFFFA2823,0xFFFC2A26,0xFFFE2D29,0xFFFD2E29,0xFFF9332C,
        0xFFF7B4B2,0xFFFFFFFF,0xFFFEFBFA,0xFFFFFFFF,0xFFFFFFFF,0xFFFFFFFF,0xFFFFFFFF,0xFFFFFFFF,0xFFFAFAFA,0x00000000,0x00000000,0x00000000,0x00000000,
        0x00000000,0x00000000,0x00000000,0x00000000,0xFEF9F9F9,0xFFFFFFFF,0xFFFFFFFF,0xFFFFFFFF,0xFFFFFFFF,0xFFFFFDFD,0xFFFDFFFF,0xFFF8D4D4,0xFFF62D31,
        0xFFF61419,0xFFF31319,0xFFF01416,0xFFF01416,0xFFF01416,0xFFF01617,0xFFF21818,0xFFF31918,0xFFF51B1A,0xFFF51E1C,0xFFF6211F,0xFFF92220,0xFFFA2320,
        0xFFF92321,0xFFF92424,0xFFFA2525,0xFFFA2524,0xFFFA2623,0xFFFA2623,0xFFFA2523,0xFFFA2623,0xFFFB2724,0xFFFC2925,0xFFFD2B26,0xFFFD2F29,0xFFFF2E28,
        0xFFF93E39,0xFFF9D3CF,0xFFFFFFFE,0xFFFFFCFC,0xFFFFFFFF,0xFFFFFFFF,0xFFFFFFFF,0xFFFFFFFF,0xFEF9F9F9,0x00000000,0x00000000,0x00000000,0x00000000,
        0x00000000,0x00000000,0x00000000,0x00000000,0xFFFBFBFB,0xFFFFFFFF,0xFFFFFFFF,0xFFFFFFFF,0xFFFFFEFE,0xFFFEFFFF,0xFFFFF5F8,0xFFF65356,0xFFF51015,
        0xFFF21218,0xFFF11217,0xFFEE1214,0xFFEF1315,0xFFF01416,0xFFF11718,0xFFF31919,0xFFF51C1B,0xFFF71E1D,0xFFFA1B1A,0xFFF91817,0xFFF71F1D,0xFFF72524,
        0xFFF52724,0xFFF7281C,0xFFF82716,0xFFF8261D,0xFFF72525,0xFFF72523,0xFFF72623,0xFFF62522,0xFFF72422,0xFFF62622,0xFFF62823,0xFFF92B25,0xFFFA2F29,
        0xFFFB2822,0xFFF36059,0xFFFBF0EF,0xFFFFFCF9,0xFFFFFEFF,0xFFFFFFFF,0xFFFFFFFF,0xFFFFFFFF,0xFFF9F9F9,0x00000000,0x00000000,0x00000000,0x00000000,
        0x00000000,0x00000000,0x00000000,0x00000000,0xFFFBFBFB,0xFFFFFFFF,0xFFFFFFFF,0xFFFFFFFF,0xFFFDFDFD,0xFFFFFFFF,0xFFADD3B7,0xFFDF2422,0xFFF70E16,
        0xFFF01117,0xFFF01116,0xFFEE1214,0xFFEF1315,0xFFF11517,0xFFF31819,0xFFF41C1C,0xFFF81B19,0xFFF71919,0xFFF13D3F,0xFFF17679,0xFFF9A1A2,0xFFFDB6B3,
        0xFFFDBAB4,0xFFFBB99F,0xFFF4B06A,0xFFF3A823,0xFFF8A200,0xFFF8A206,0xFFF7A10A,0xFFF8A008,0xFFF89E07,0xFFF89D07,0xFFF89D08,0xFFFA9D07,0xFFFA9E08,
        0xFFF9A20C,0xFFF8A100,0xFFF9D985,0xFFFFFCFB,0xFFFEFDF8,0xFFFFFFFF,0xFFFFFFFF,0xFFFFFFFF,0xFFF9F9F9,0x00000000,0x00000000,0x00000000,0x00000000,
        0x00000000,0x00000000,0x00000000,0x00000000,0xFFFAFAFA,0xFFFFFFFF,0xFFFFFFFF,0xFFFEFFFE,0xFFFFFFFF,0xFFF0F8F4,0xFF0EDA7F,0xFF776333,0xFFFF0311,
        0xFFEC1115,0xFFEF1015,0xFFEE1214,0xFFEF1415,0xFFF11718,0xFFF41B1C,0xFFF7181A,0xFFF22B2D,0xFFEF8A8C,0xFFFFD8D3,0xFFFFEFEC,0xFFE7E8F1,0xFFD4E0F2,
        0xFFD4E1F4,0xFFE7EBF7,0xFFFFF7F3,0xFFFFF4D5,0xFFF9E273,0xFFFDD004,0xFFFEC800,0xFFFEC504,0xFFFFC400,0xFFFFC200,0xFFFFC100,0xFFFFC101,0xFFFFC200,
        0xFFFFC402,0xFFFFC500,0xFFFBCB1D,0xFFFDF4DA,0xFFFEFEF8,0xFFFFFFFE,0xFFFFFFFF,0xFFFFFFFF,0xFFF9F9F9,0x00000000,0x00000000,0x00000000,0x00000000,
        0x00000000,0x00000000,0x00000000,0x00000000,0xFFFAFAFA,0xFFFFFFFF,0xFFFFFFFF,0xFFFCFEFD,0xFFFFFFFF,0xFF98E9C4,0xFF00BE57,0xFF0FA84B,0xFFD1231A,
        0xFFF60912,0xFFED1115,0xFFEF1215,0xFFF01517,0xFFF21A1B,0xFFF61718,0xFFF13636,0xFFF3B6B8,0xFFFFEEEC,0xFFC2D4EB,0xFF6CACF1,0xFF4092F3,0xFF2E87F2,
        0xFF2F87F3,0xFF3C90F1,0xFF68A9F1,0xFFBFD6F2,0xFFFFFAF7,0xFFFBE9B0,0xFFFACE13,0xFFFEC100,0xFFFDBD05,0xFFFEBB01,0xFFFFBA01,0xFFFFBA02,0xFFFFBA01,
        0xFFFFBA01,0xFFFEBD06,0xFFFDBF00,0xFFFBE58B,0xFFFFFEF9,0xFFFFFEF9,0xFFFFFFFF,0xFFFFFFFF,0xFFF9F9F9,0x00000000,0x00000000,0x00000000,0x00000000,
        0x00000000,0x00000000,0x00000000,0x00000000,0xFFFAFAFA,0xFFFFFFFF,0xFFFFFFFF,0xFFFEFFFE,0xFFFFFFFF,0xFF44D891,0xFF00B24A,0xFF00B74E,0xFF567535,
        0xFFFA0611,0xFFEC1215,0xFFEF1315,0xFFF11618,0xFFF71719,0xFFF22929,0xFFF3B6B6,0xFFFDEDED,0xFF8ABAEE,0xFF298AF5,0xFF1B7AF0,0xFF1C76ED,0xFF1D76EB,
        0xFF1E76EC,0xFF1D77ED,0xFF1978F1,0xFF237FF4,0xFF84B4ED,0xFFF6FAFC,0xFFF9EEB1,0xFFFBCF05,0xFFFEC101,0xFFFDBF02,0xFFFFBD01,0xFFFFBB03,0xFFFFBB01,
        0xFFFFBC01,0xFFFEBE04,0xFFFEBE00,0xFFFBD441,0xFFFFFBEA,0xFFFEFEF5,0xFFFFFFFE,0xFFFFFFFF,0xFFF9F9F9,0x00000000,0x00000000,0x00000000,0x00000000,
        0x00000000,0x00000000,0x00000000,0x00000000,0xFFFAFAFA,0xFFFFFFFF,0xFFFDFFFE,0xFFFFFFFF,0xFFDFF9ED,0xFF0FC96F,0xFF00B04A,0xFF04AC49,0xFF00AE48,
        0xFFB33520,0xFFFB0812,0xFFEC1516,0xFFF3191A,0xFFF51515,0xFFF08987,0xFFFFEFEC,0xFF8ABBED,0xFF1F82F3,0xFF2077ED,0xFF2078EB,0xFF1E77EA,0xFF1D76EA,
        0xFF1D76E9,0xFF1E76EA,0xFF2078EA,0xFF2179ED,0xFF1875F3,0xFF82B4ED,0xFFFCFCFF,0xFFF8E478,0xFFFDC800,0xFFFEBF06,0xFFFEBF02,0xFFFFBC01,0xFFFFBB00,
        0xFFFFBB00,0xFFFEBE02,0xFFFEBF00,0xFFFBC913,0xFFFCF4CA,0xFFFEFEF5,0xFFFFFEFC,0xFFFFFFFF,0xFFF9F9F9,0x00000000,0x00000000,0x00000000,0x00000000,
        0x00000000,0x00000000,0x00000000,0x00000000,0xFFFAFAFA,0xFFFFFFFF,0xFFFCFEFD,0xFFFFFFFF,0xFFB0EFD4,0xFF00BE58,0xFF04AD49,0xFF05A948,0xFF00B049,
        0xFF368738,0xFFF00E13,0xFFF01518,0xFFF31414,0xFFEF3B3D,0xFFFFD7D4,0xFFC3D5EE,0xFF2D8BF5,0xFF2076EC,0xFF1E78E9,0xFF1D76EA,0xFF1C75E9,0xFF1C75E9,
        0xFF1C75E9,0xFF1C75E9,0xFF1D76EA,0xFF1F78EB,0xFF2179EE,0xFF207AF0,0xFFBAD5F4,0xFFFEF9E0,0xFFF9D319,0xFFFDC100,0xFFFCBF03,0xFFFEBD01,0xFFFFBC01,
        0xFFFFBB00,0xFFFEBD01,0xFFFEBF03,0xFFFBC300,0xFFFBEBA2,0xFFFEFEF5,0xFFFFFEFB,0xFFFFFFFF,0xFFF9F9F9,0x00000000,0x00000000,0x00000000,0x00000000,
        0x00000000,0x00000000,0x00000000,0x00000000,0xFFFAFAFA,0xFFFFFFFF,0xFFFBFEFD,0xFFFFFFFF,0xFF89E7BD,0xFF00B74E,0xFF06AB49,0xFF02AB48,0xFF05A646,
        0xFF00B148,0xFF934D27,0xFFFF0D16,0xFFF01313,0xFFF17578,0xFFFFEFED,0xFF70AFF2,0xFF1D7AF2,0xFF1F77EB,0xFF1E77EA,0xFF1C75E9,0xFF1A73E7,0xFF1A73E7,
        0xFF1A73E7,0xFF1B74E8,0xFF1C75E9,0xFF1E77EB,0xFF2179EB,0xFF1875F0,0xFF62A1ED,0xFFF5F9FF,0xFFF8E25E,0xFFFDC600,0xFFFDBF05,0xFFFDBD04,0xFFFFBC02,
        0xFFFFBC01,0xFFFEBD01,0xFFFEBF05,0xFFFDC000,0xFFFAE27F,0xFFFFFDF7,0xFFFFFDF9,0xFFFFFFFF,0xFFF9F9F9,0x00000000,0x00000000,0x00000000,0x00000000,
        0x00000000,0x00000000,0x00000000,0x00000000,0xFFFAFAFA,0xFFFFFFFF,0xFFFCFEFD,0xFFFFFFFF,0xFF6EE1AC,0xFF00B34A,0xFF07AA49,0xFF03AA48,0xFF04A646,
        0xFF00AA47,0xFF1C9941,0xFFE3201D,0xFFF61417,0xFFF6A3A0,0xFFEAEBF2,0xFF4596F3,0xFF1C76ED,0xFF1F77EB,0xFF1C75E9,0xFF1B74E8,0xFF1A73E7,0xFF1A73E7,
        0xFF1A73E7,0xFF1A73E7,0xFF1A73E7,0xFF1C75E9,0xFF1E77EA,0xFF1D78EE,0xFF3788EB,0xFFD9E9FF,0xFFFBEC97,0xFFFDCB00,0xFFFEC005,0xFFFDBE02,0xFFFFBC01,
        0xFFFFBC01,0xFFFEBD02,0xFFFEBF04,0xFFFDC100,0xFFFBDD63,0xFFFFFCF2,0xFFFFFDF7,0xFFFFFFFF,0xFFFAFAFA,0x00000000,0x00000000,0x00000000,0x00000000,
        0x00000000,0x00000000,0x00000000,0x00000000,0xFFFAFAFA,0xFFFFFFFF,0xFFFCFEFD,0xFFFFFFFF,0xFF62DCA4,0xFF00B149,0xFF07A948,0xFF03A947,0xFF01A544,
        0xFF06A344,0xFF00B149,0xFF726533,0xFFFF121B,0xFFF7BAB5,0xFFD7E4F5,0xFF358DF4,0xFF1E77EC,0xFF1E77EA,0xFF1C75E9,0xFF1B74E8,0xFF1A73E7,0xFF1A73E7,
        0xFF1A73E7,0xFF1A73E7,0xFF1B74E8,0xFF1C75E9,0xFF1E76EA,0xFF1F78ED,0xFF2C80EC,0xFFC7DDFF,0xFFFBEFAE,0xFFFCCF00,0xFFFEC104,0xFFFEC003,0xFFFEBD02,
        0xFFFEBD03,0xFFFEBD02,0xFFFEBF04,0xFFFDC100,0xFFFADC5A,0xFFFEFBED,0xFFFEFDF6,0xFFFFFFFF,0xFFFAFAFA,0x00000000,0x00000000,0x00000000,0x00000000,
        0x00000000,0x00000000,0x00000000,0x00000000,0xFFFAFAFA,0xFFFFFFFF,0xFFFCFEFD,0xFFFFFFFF,0xFF62DBA4,0xFF00B049,0xFF05A948,0xFF03A746,0xFF03A343,
        0xFF02A443,0xFF00A745,0xFF08A545,0xFFCB3427,0xFFFFB6B6,0xFFD4E8F8,0xFF368CF5,0xFF1E77ED,0xFF1E77EA,0xFF1D75E9,0xFF1D75E9,0xFF1A73E7,0xFF1A73E7,
        0xFF1A73E7,0xFF1B74E8,0xFF1C75E9,0xFF1C76E9,0xFF1E77EA,0xFF2079EE,0xFF2D81EC,0xFFC3DDFF,0xFFF8EFB0,0xFFFCD200,0xFFFEC104,0xFFFEBF03,0xFFFEBD02,
        0xFFFEBD03,0xFFFEBD04,0xFFFDBF06,0xFFFEC000,0xFFF9DD5C,0xFFFEFBEC,0xFFFEFDF5,0xFFFFFFFF,0xFFFAFAFA,0x00000000,0x00000000,0x00000000,0x00000000,
        0x00000000,0x00000000,0x00000000,0x00000000,0xFFFAFAFA,0xFFFFFFFF,0xFFFCFEFD,0xFFFFFFFF,0xFF6DDFAC,0xFF00B04B,0xFF06A948,0xFF02A745,0xFF03A343,
        0xFF01A343,0xFF05A243,0xFF00B048,0xFF4E7937,0xFFFCA6A8,0xFFE3F3F8,0xFF4794F3,0xFF1D78EE,0xFF2078EB,0xFF1F76EA,0xFF1D75E9,0xFF1C75E9,0xFF1C75E9,
        0xFF1C75E9,0xFF1B74E8,0xFF1C75E9,0xFF1F77EB,0xFF2078EB,0xFF2078EE,0xFF3D8AEC,0xFFD5E6FF,0xFFF8ED95,0xFFFCD100,0xFFFEC105,0xFFFEC003,0xFFFFBE02,
        0xFFFEBD02,0xFFFCBE03,0xFFFDC106,0xFFFDC200,0xFFFBDE65,0xFFFEFBED,0xFFFEFDF5,0xFFFFFFFF,0xFFFAFAFA,0x00000000,0x00000000,0x00000000,0x00000000,
        0x00000000,0x00000000,0x00000000,0x00000000,0xFFFAFAFA,0xFFFFFFFF,0xFFFCFEFD,0xFFFFFFFF,0xFF87E4B9,0xFF00B34E,0xFF05A947,0xFF02A745,0xFF02A242,
        0xFF01A242,0xFF02A343,0xFF03A747,0xFF00A23E,0xFFA4A98B,0xFFFFFAF6,0xFF70B0F2,0xFF207BF1,0xFF2279EC,0xFF2178EC,0xFF1E76EA,0xFF1C75E9,0xFF1C75E9,
        0xFF1C75E9,0xFF1C75E9,0xFF1D75E9,0xFF2178EC,0xFF237AEC,0xFF1E79EF,0xFF68A3EB,0xFFECF3FF,0xFFF6E85D,0xFFFECC00,0xFFFFC105,0xFFFEC003,0xFFFFBE02,
        0xFFFFBE02,0xFFFCBF02,0xFFFEC105,0xFFFDC400,0xFFFAE27B,0xFFFFFBED,0xFFFEFDF5,0xFFFFFFFF,0xFFFAFAFA,0x00000000,0x00000000,0x00000000,0x00000000,
        0x00000000,0x00000000,0x00000000,0x00000000,0xFFFAFAFA,0xFFFFFFFF,0xFFFCFEFD,0xFFFFFFFF,0xFFAEEDD1,0xFF00B856,0xFF04A947,0xFF02A545,0xFF02A242,
        0xFF02A242,0xFF02A242,0xFF04A344,0xFF00A641,0xFF27AE60,0xFFEAF2E5,0xFFBEDCF3,0xFF3189F4,0xFF237BED,0xFF2379EC,0xFF2178EB,0xFF2077EA,0xFF1F77EA,
        0xFF1F77EA,0xFF2077EA,0xFF2077EA,0xFF2379EC,0xFF247BF0,0xFF2D81ED,0xFFB3D0F3,0xFFF4F5E3,0xFFFADE19,0xFFFEC500,0xFFFEC203,0xFFFCBF02,0xFFFDBF02,
        0xFFFEBF02,0xFFFCBF02,0xFFFEC303,0xFFFCC700,0xFFFBE99C,0xFFFFFCEF,0xFFFEFEF6,0xFFFFFFFF,0xFFFAFAFA,0x00000000,0x00000000,0x00000000,0x00000000,
        0x00000000,0x00000000,0x00000000,0x00000000,0xFFFAFAFA,0xFFFFFFFF,0xFFFEFFFE,0xFFFFFFFF,0xFFDCF6EC,0xFF10BF68,0xFF00AA46,0xFF03A545,0xFF03A242,
        0xFF02A242,0xFF02A242,0xFF02A242,0xFF06A344,0xFF00A541,0xFF75D4A5,0xFFFCFFFB,0xFF87BBF0,0xFF2780F4,0xFF257CED,0xFF237AEB,0xFF2279EC,0xFF2278EB,
        0xFF2378EB,0xFF2278EB,0xFF2379EB,0xFF257CEF,0xFF257DF0,0xFF84B1E8,0xFFEDF3FF,0xFFF3EB79,0xFFFED000,0xFFFFC205,0xFFFEC202,0xFFFCBF02,0xFFFCBF02,
        0xFFFCBF02,0xFFFEC103,0xFFFFC400,0xFFFBCD12,0xFFFCF2C1,0xFFFEFCEF,0xFFFEFEFA,0xFFFFFFFF,0xFFFAFAFA,0x00000000,0x00000000,0x00000000,0x00000000,
        0x00000000,0x00000000,0x00000000,0x00000000,0xFFFAFAFA,0xFFFFFFFF,0xFFFFFFFF,0xFFFCFFFE,0xFFFFFFFF,0xFF45CE8B,0xFF00AC47,0xFF04A545,0xFF02A343,
        0xFF02A142,0xFF02A041,0xFF02A241,0xFF03A244,0xFF00A343,0xFF04AF53,0xFFB2E7CF,0xFFFAFAFE,0xFF89BAF0,0xFF3285F2,0xFF217BF0,0xFF227BF0,0xFF237BEF,
        0xFF237BF0,0xFF227BEF,0xFF217CEE,0xFF3184ED,0xFF84B1E9,0xFFEFEFFF,0xFFD4EBC5,0xFFF3DB0A,0xFFFFC501,0xFFFEC402,0xFFFEC202,0xFFFCBF02,0xFFFCBF02,
        0xFFFDC103,0xFFFFC304,0xFFFFC400,0xFFFAD742,0xFFFDF9DE,0xFFFEFCEF,0xFFFFFFFD,0xFFFFFFFF,0xFFFAFAFA,0x00000000,0x00000000,0x00000000,0x00000000,
        0x00000000,0x00000000,0x00000000,0x00000000,0xFFFAFAFA,0xFFFFFFFF,0xFFFFFFFF,0xFFFCFEFD,0xFFFFFFFF,0xFF97E4C1,0xFF00B24F,0xFF05A545,0xFF02A343,
        0xFF02A141,0xFF02A041,0xFF02A041,0xFF02A041,0xFF05A143,0xFF00A340,0xFF12B462,0xFFB2EAD4,0xFFFFFEFF,0xFFC0D7F4,0xFF6EA9EF,0xFF4692EF,0xFF388AEF,
        0xFF388AEE,0xFF4690ED,0xFF6BA6EB,0xFFB7D0F1,0xFFFBF6FF,0xFFA7E8DC,0xFFB3D22A,0xFFFFCA00,0xFFFDC404,0xFFFFC301,0xFFFEC103,0xFFFDC003,0xFFFDC003,
        0xFFFEC202,0xFFFFC504,0xFFFDC700,0xFFFAE68A,0xFFFEFBEA,0xFFFFFCF4,0xFFFFFFFE,0xFFFFFFFF,0xFFFAFAFA,0x00000000,0x00000000,0x00000000,0x00000000,
        0x00000000,0x00000000,0x00000000,0x00000000,0xFFFAFAFA,0xFFFFFFFF,0xFFFFFFFF,0xFFFEFFFF,0xFFFFFFFF,0xFFE8FAF4,0xFF20C073,0xFF00A844,0xFF03A243,
        0xFF02A142,0xFF02A041,0xFF019F40,0xFF029F40,0xFF01A041,0xFF03A242,0xFF00A240,0xFF04B056,0xFF78D9AF,0xFFE2F9F1,0xFFFAFBFF,0xFFE8EBFF,0xFFD4DFFA,
        0xFFD3DEF9,0xFFE3E7FF,0xFFF6F5FF,0xFFE4F5F6,0xFF6CDBBD,0xFF44BB47,0xFFFFC700,0xFFFFC504,0xFFFEC402,0xFFFEC201,0xFFFDC102,0xFFFEC104,0xFFFEC202,
        0xFFFFC302,0xFFFFC500,0xFFFAD220,0xFFFCF4CA,0xFFFEFBED,0xFFFFFFFB,0xFFFFFFFE,0xFFFFFFFF,0xFFFAFAFA,0x00000000,0x00000000,0x00000000,0x00000000,
        0x00000000,0x00000000,0x00000000,0x00000000,0xFFFAFAFA,0xFFFFFFFF,0xFFFFFFFF,0xFFFFFFFF,0xFFFCFEFD,0xFFFFFFFF,0xFF8CDDB9,0xFF00AE4D,0xFF05A445,
        0xFF02A142,0xFF02A041,0xFF019E40,0xFF029D3F,0xFF019E3F,0xFF019F40,0xFF04A041,0xFF00A040,0xFF00A442,0xFF18B969,0xFF60D39F,0xFF97E6C6,0xFFB1EFD6,
        0xFFB1EDD7,0xFF95E8C7,0xFF62D6A4,0xFF1BC071,0xFF00A343,0xFFC2B808,0xFFFFC900,0xFFFCC403,0xFFFFC304,0xFFFEC202,0xFFFEC202,0xFFFFC202,0xFFFFC400,
        0xFFFEC604,0xFFFCC900,0xFFFAE47E,0xFFFEFAE5,0xFFFEFCF2,0xFFFFFFFE,0xFFFFFFFF,0xFFFFFFFF,0xFFFAFAFA,0x00000000,0x00000000,0x00000000,0x00000000,
        0x00000000,0x00000000,0x00000000,0x00000000,0xFFFAFAFA,0xFFFFFFFF,0xFFFFFFFF,0xFFFFFFFF,0xFFFFFFFF,0xFFFEFEFE,0xFFF2FBF8,0xFF32C47F,0xFF00A846,
        0xFF05A243,0xFF01A141,0xFF019E40,0xFF029C3E,0xFF029C3E,0xFF029C3E,0xFF029D3F,0xFF039E40,0xFF049E40,0xFF009D3C,0xFF009F3B,0xFF00A644,0xFF00AB4C,
        0xFF00AA4C,0xFF00A646,0xFF009F3E,0xFF00973E,0xFF62A41F,0xFFFFC900,0xFFFBC402,0xFFFFC402,0xFFFFC302,0xFFFFC301,0xFFFEC301,0xFFFFC400,0xFFFEC605,
        0xFFFDC900,0xFFF9D534,0xFFFDF5D3,0xFFFEFCE9,0xFFFEFEF9,0xFFFFFFFD,0xFFFFFFFF,0xFFFFFFFF,0xFFFAFAFA,0x00000000,0x00000000,0x00000000,0x00000000,
        0x00000000,0x00000000,0x00000000,0x00000000,0xFEF8F8F8,0xFFFFFFFF,0xFFFFFFFF,0xFFFFFFFF,0xFFFFFFFF,0xFFFCFEFD,0xFFFFFFFF,0xFFC3ECDB,0xFF05B45D,
        0xFF00A544,0xFF04A142,0xFF019F40,0xFF029C3F,0xFF029C3E,0xFF029C3E,0xFF029C3E,0xFF029C3E,0xFF029C3E,0xFF039D40,0xFF059D40,0xFF049C3F,0xFF029A3D,
        0xFF029A3C,0xFF059A3D,0xFF029B41,0xFF0F9935,0xFFE0C006,0xFFFFC702,0xFFFCC401,0xFFFEC401,0xFFFFC301,0xFFFEC401,0xFFFEC501,0xFFFFC503,0xFFFFC700,
        0xFFFACF0C,0xFFFCEDAF,0xFFFEFAE5,0xFFFEFDF3,0xFFFFFFFE,0xFFFFFFFF,0xFFFFFFFF,0xFFFFFFFF,0xFEF9F9F9,0x00000000,0x00000000,0x00000000,0x00000000,
        0x00000000,0x00000000,0x00000000,0x00000000,0xFFFBFBFB,0xFFFFFFFF,0xFFFFFFFF,0xFFFFFFFF,0xFFFFFFFF,0xFFFFFFFF,0xFFFAFEFC,0xFFFFFFFF,0xFF9AE0BE,
        0xFF00AE53,0xFF03A345,0xFF04A041,0xFF029D3F,0xFF019C3E,0xFF019B3D,0xFF019B3D,0xFF019A3C,0xFF019A3D,0xFF019A3D,0xFF029B3D,0xFF019B3D,0xFF019A3D,
        0xFF02993D,0xFF059A3C,0xFF00953E,0xFF84AB18,0xFFFFC800,0xFFFAC300,0xFFFFC401,0xFFFEC401,0xFFFEC402,0xFFFFC502,0xFFFFC605,0xFFFEC801,0xFFFACE00,
        0xFFF9E88C,0xFFFEFAE2,0xFFFEFBEC,0xFFFFFEFB,0xFFFFFFFF,0xFFFFFFFF,0xFFFFFFFF,0xFFFFFFFF,0xFFFBFBFB,0x00000000,0x00000000,0x00000000,0x00000000,
        0x00000000,0x00000000,0x00000000,0x00000000,0xE2DDDDDD,0xFFFFFFFF,0xFEFEFEFE,0xFFFFFFFF,0xFFFFFFFF,0xFFFFFFFF,0xFFFFFFFF,0xFFF9FDFB,0xFFFDFFFF,
        0xFF8BDBB7,0xFF00AC50,0xFF00A344,0xFF059E41,0xFF019D40,0xFF029C3E,0xFF029A3D,0xFF03993D,0xFF02993C,0xFF01983B,0xFF01983B,0xFF02983B,0xFF01973A,
        0xFF04973A,0xFF00953C,0xFF26982B,0xFFF7C302,0xFFFFC502,0xFFFEC401,0xFFFFC502,0xFFFFC602,0xFFFEC601,0xFFFEC706,0xFFFEC900,0xFFFBCE00,0xFFF8E681,
        0xFFFDF9DF,0xFFFEFBE7,0xFFFFFEFB,0xFFFFFFFF,0xFFFFFFFF,0xFFFFFFFF,0xFEFEFEFE,0xFFFFFFFF,0xE4DEDEDE,0x00000000,0x00000000,0x00000000,0x00000000,
        0x00000000,0x00000000,0x00000000,0x00000000,0xAEA8A8A8,0xFFFFFFFF,0xFCFCFCFC,0xFFFFFFFF,0xFFFFFFFF,0xFFFFFFFF,0xFFFFFFFF,0xFFFFFFFF,0xFFF9FDFB,
        0xFFFCFFFE,0xFF99DDBD,0xFF06AF59,0xFF00A343,0xFF059F44,0xFF049D3F,0xFF029B3E,0xFF039A3D,0xFF039A3D,0xFF02993C,0xFF01983B,0xFF02963A,0xFF01963A,
        0xFF04973A,0xFF00913A,0xFFA8B20E,0xFFFFC900,0xFFFBC502,0xFFFFC602,0xFFFFC602,0xFFFEC804,0xFFFECA03,0xFFFDCB00,0xFFFAD20C,0xFFFAE88D,0xFFFDF9DF,
        0xFFFEFAE8,0xFFFFFEF9,0xFFFFFFFE,0xFFFFFFFF,0xFFFFFFFF,0xFFFFFFFF,0xFCFCFCFC,0xFFFFFFFF,0xAFABABAB,0x00000000,0x00000000,0x00000000,0x00000000,
        0x00000000,0x00000000,0x00000000,0x00000000,0x66616161,0xFFFFFFFF,0xFCFCFCFC,0xFFFFFFFF,0xFFFFFFFF,0xFFFFFFFF,0xFFFFFFFF,0xFFFFFFFF,0xFFFFFFFF,
        0xFFF8FDFB,0xFFFCFEFF,0xFFBFE7D6,0xFF33BB78,0xFF00A344,0xFF009F3F,0xFF049D40,0xFF049C3F,0xFF039B3E,0xFF029A3D,0xFF02993C,0xFF02983C,0xFF05983B,
        0xFF00943C,0xFF459E23,0xFFFFC900,0xFFFDC703,0xFFFEC704,0xFFFFC806,0xFFFECA04,0xFFFECB00,0xFFFDCD00,0xFFFAD835,0xFFFBEDAD,0xFFFDFAE1,0xFFFEFBE8,
        0xFFFFFEF9,0xFFFFFFFF,0xFFFFFFFF,0xFFFFFFFF,0xFFFFFFFF,0xFFFFFFFF,0xFCFCFCFC,0xFFFFFFFF,0x68646464,0x00000000,0x00000000,0x00000000,0x00000000,
        0x00000000,0x00000000,0x00000000,0x00000000,0x11101010,0xE8E1E1E1,0xFFFFFFFF,0xFEFDFDFD,0xFFFFFFFF,0xFFFFFFFF,0xFFFFFFFF,0xFFFFFFFF,0xFFFFFFFF,
        0xFFFFFFFF,0xFFF8FCFB,0xFFFAFDFD,0xFFE6F7F0,0xFF83D5AD,0xFF1FB165,0xFF00A145,0xFF009E3E,0xFF009D3D,0xFF029C3E,0xFF059B3E,0xFF069A3D,0xFF039A3F,
        0xFF009438,0xFFCCBD0D,0xFFFFCD05,0xFFFBC904,0xFFFECA00,0xFFFECC00,0xFFFCCF00,0xFFF9D624,0xFFF9E67E,0xFFFDF6D2,0xFFFFFAE6,0xFFFEFCEC,0xFFFEFEFA,
        0xFFFFFFFE,0xFFFFFFFF,0xFFFFFFFF,0xFFFFFFFF,0xFFFFFFFF,0xFEFEFEFE,0xFFFFFFFF,0xE9E4E4E4,0x12121212,0x00000000,0x00000000,0x00000000,0x00000000,
        0x00000000,0x00000000,0x00000000,0x00000000,0x00000000,0x78737373,0xFFFFFFFF,0xF9F9F9F9,0xFFFFFFFF,0xFFFFFFFF,0xFFFFFFFF,0xFFFFFFFF,0xFFFFFFFF,
        0xFFFFFFFF,0xFFFFFFFF,0xFFFBFEFD,0xFFF8FCFB,0xFFFAFDFD,0xFFDAF1E6,0xFF8ED7B3,0xFF41BB7E,0xFF11A95B,0xFF00A248,0xFF009E41,0xFF009C3D,0xFF00963F,
        0xFF6CAC12,0xFFFFD200,0xFFF9CF00,0xFFFCD200,0xFFFBD415,0xFFFADD44,0xFFFBE88C,0xFFFCF5CD,0xFFFFFAE6,0xFFFEFBE8,0xFFFEFDF2,0xFFFEFEFB,0xFFFFFFFF,
        0xFFFFFFFF,0xFFFFFFFF,0xFFFFFFFF,0xFFFFFFFF,0xFFFFFFFF,0xF9F9F9F9,0xFFFFFFFF,0x7A767676,0x00000000,0x00000000,0x00000000,0x00000000,0x00000000,
        0x00000000,0x00000000,0x00000000,0x00000000,0x00000000,0x00000000,0xCDC5C5C5,0xFFFFFFFF,0xF9F9F9F9,0xFFFFFFFF,0xFFFFFFFF,0xFFFFFFFF,0xFFFFFFFF,
        0xFFFFFFFF,0xFFFFFFFF,0xFFFFFFFF,0xFFFFFFFE,0xFFFAFCFB,0xFFF7FCFB,0xFFF6FEFB,0xFFEAF8F1,0xFFC9EBDB,0xFFA0DCBF,0xFF7DCFA7,0xFF62C796,0xFF58C28A,
        0xFFD4DA67,0xFFF7E36B,0xFFF7E681,0xFFFBEDA0,0xFFFCF2C5,0xFFFEF8E0,0xFFFEFCEB,0xFFFEFCEA,0xFFFEFDF0,0xFFFEFFFA,0xFFFFFFFE,0xFFFFFFFF,0xFFFFFFFF,
        0xFFFFFFFF,0xFFFFFFFF,0xFFFFFFFF,0xFFFFFFFF,0xF9F9F9F9,0xFFFFFFFF,0xCEC8C8C8,0x00000000,0x00000000,0x00000000,0x00000000,0x00000000,0x00000000,
        0x00000000,0x00000000,0x00000000,0x00000000,0x03030303,0x00000000,0x1A191919,0xE5DEDEDE,0xFFFFFFFF,0xF9F9F9F9,0xFEFEFEFE,0xFFFFFFFF,0xFFFFFFFF,
        0xFFFFFFFF,0xFFFFFFFF,0xFFFFFFFF,0xFFFFFFFF,0xFFFFFFFF,0xFFFDFFFE,0xFFF9FDFB,0xFFF6FCFA,0xFFF6FBFB,0xFFF7FCFB,0xFFF6FAF8,0xFFF0F9F6,0xFFEEF9F3,
        0xFFEAF7F4,0xFFF5F8F3,0xFFFCFBF1,0xFFFEFCEF,0xFFFFFCEF,0xFFFEFCF0,0xFFFEFDF4,0xFFFEFEFB,0xFFFFFFFE,0xFFFFFFFF,0xFFFFFFFF,0xFFFFFFFF,0xFFFFFFFF,
        0xFFFFFFFF,0xFFFFFFFF,0xFEFEFEFE,0xF9F9F9F9,0xFFFFFFFF,0xE6E0E0E0,0x1B1A1A1A,0x00000000,0x03030303,0x00000000,0x00000000,0x00000000,0x00000000,
        0x00000000,0x00000000,0x00000000,0x00000000,0x00000000,0x03030303,0x00000000,0x1A191919,0xCDC6C6C6,0xFFFFFFFF,0xFFFFFFFF,0xFCFCFCFC,0xFCFCFCFC,
        0xFEFEFEFE,0xFFFFFFFF,0xFFFFFFFF,0xFFFFFFFF,0xFFFFFFFF,0xFFFFFFFF,0xFFFFFFFF,0xFFFFFEFF,0xFFFDFEFE,0xFFFAFDFC,0xFFF7FCFA,0xFFF5FBF9,0xFFF4FBF9,
        0xFFF9FCF7,0xFFFDFCF5,0xFFFEFDF6,0xFFFFFDF7,0xFFFFFEFB,0xFFFFFEFC,0xFFFFFFFE,0xFFFFFFFE,0xFFFFFFFF,0xFFFFFFFF,0xFFFFFFFF,0xFFFFFFFF,0xFEFEFEFE,
        0xFCFCFCFC,0xFCFCFCFC,0xFFFFFFFF,0xFFFFFFFF,0xCEC8C8C8,0x1B1A1A1A,0x00000000,0x03030303,0x00000000,0x00000000,0x00000000,0x00000000,0x00000000,
        0x00000000,0x00000000,0x00000000,0x00000000,0x00000000,0x00000000,0x03030303,0x00000000,0x00000000,0x79747474,0xE8E2E2E2,0xFFFFFFFF,0xFFFFFFFF,
        0xFFFFFFFF,0xFFFFFFFF,0xFFFFFFFF,0xFFFFFFFF,0xFFFFFFFF,0xFFFFFFFF,0xFFFFFFFF,0xFFFFFFFF,0xFFFFFFFF,0xFFFFFFFF,0xFFFFFFFF,0xFFFFFFFF,0xFFFFFFFF,
        0xFFFFFFFF,0xFFFFFFFF,0xFFFFFFFF,0xFFFFFFFF,0xFFFFFFFF,0xFFFFFFFF,0xFFFFFFFF,0xFFFFFFFF,0xFFFFFFFF,0xFFFFFFFF,0xFFFFFFFF,0xFFFFFFFF,0xFFFFFFFF,
        0xFFFFFFFF,0xFFFFFFFF,0xE9E3E3E3,0x7A767676,0x00000000,0x00000000,0x03030303,0x00000000,0x00000000,0x00000000,0x00000000,0x00000000,0x00000000,
        0x00000000,0x00000000,0x00000000,0x00000000,0x00000000,0x00000000,0x00000000,0x03030303,0x00000000,0x00000000,0x12111111,0x68646464,0xAFA9A9A9,
        0xE4DDDDDD,0xFFFBFBFB,0xFEF8F8F8,0xFFF9F9F9,0xFFFAFAFA,0xFFF9F9F9,0xFFF9F9F9,0xFFF9F9F9,0xFFF9F9F9,0xFFF9F9F9,0xFFF9F9F9,0xFFF9F9F9,0xFFF9F9F9,
        0xFFF9F9F9,0xFFFAFAFA,0xFFFAFAFA,0xFFFAFAFA,0xFFFAFAF9,0xFFFAFAF9,0xFFFAFAFA,0xFFFAFAFA,0xFFFAFAFA,0xFFFAFAFA,0xFEF9F9F9,0xFFFCFCFC,0xE5E0E0E0,
        0xB0ABABAB,0x68646464,0x12121212,0x00000000,0x00000000,0x03030303,0x00000000,0x00000000,0x00000000,0x00000000,0x00000000,0x00000000,0x00000000,
        0x00000000,0x00000000,0x00000000,0x00000000,0x00000000,0x00000000,0x00000000,0x00000000,0x00000000,0x00000000,0x00000000,0x00000000,0x00000000,
        0x00000000,0x00000000,0x00000000,0x00000000,0x00000000,0x00000000,0x00000000,0x00000000,0x00000000,0x00000000,0x00000000,0x00000000,0x00000000,
        0x00000000,0x00000000,0x00000000,0x00000000,0x00000000,0x00000000,0x00000000,0x00000000,0x00000000,0x00000000,0x00000000,0x00000000,0x00000000,
        0x00000000,0x00000000,0x00000000,0x00000000,0x00000000,0x00000000,0x00000000,0x00000000,0x00000000,0x00000000,0x00000000,0x00000000,0x00000000,
        0x00000000,0x00000000,0x00000000,0x00000000,0x00000000,0x00000000,0x00000000,0x00000000,0x00000000,0x00000000,0x00000000,0x00000000,0x00000000,
        0x00000000,0x00000000,0x00000000,0x00000000,0x00000000,0x00000000,0x00000000,0x00000000,0x00000000,0x00000000,0x00000000,0x00000000,0x00000000,
        0x00000000,0x00000000,0x00000000,0x00000000,0x00000000,0x00000000,0x00000000,0x00000000,0x00000000,0x00000000,0x00000000,0x00000000,0x00000000,
        0x00000000,0x00000000,0x00000000,0x00000000,0x00000000,0x00000000,0x00000000,0x00000000,0x00000000,0x00000000,0x00000000,0x00000000,0x00000000,
        0x00000000,0x00000000,0x00000000,0x00000000,0x00000000,0x00000000,0x00000000,0x00000000,0x00000000,0x00000000,0x00000000,0x00000000,0x00000000,
        0x00000000,0x00000000,0x00000000,0x00000000,0x00000000,0x00000000,0x00000000,0x00000000,0x00000000,0x00000000,0x00000000,0x00000000,0x00000000,
        0x00000000,0x00000000,0x00000000,0x00000000,0x00000000,0x00000000,0x00000000,0x00000000,0x00000000,0x00000000,0x00000000,0x00000000,0x00000000,
        0x00000000,0x00000000,0x00000000,0x00000000,0x00000000,0x00000000,0x00000000,0x00000000,0x00000000,0x00000000,0x00000000,0x00000000,0x00000000,
        0x00000000,0x00000000,0x00000000,0x00000000,0x00000000,0x00000000,0x00000000,0x00000000,0x00000000,0x00000000,0x00000000,0x00000000,0x00000000,
        0x00000000,0x00000000,0x00000000,0x00000000,0x00000000,0x00000000,0x00000000,0x00000000,0x00000000,0x00000000,0x00000000,0x00000000,0x00000000,
        0x00000000,0x00000000,0x00000000,0x00000000,0x00000000,0x00000000,0x00000000,0x00000000,0x00000000,0x00000000,0x00000000,0x00000000,0x00000000,
        0x00000000,0x00000000,0x00000000,0x00000000,0x00000000,0x00000000,0x00000000,0x00000000,0x00000000,0x00000000,0x00000000,0x00000000,0x00000000,
    },
    { /* PHOTOS */
        0x00000000,0x00000000,0x00000000,0x00000000,0x00000000,0x00000000,0x00000000,0x00000000,0x00000000,0x00000000,0x00000000,0x00000000,0x00000000,
        0x00000000,0x00000000,0x00000000,0x00000000,0x00000000,0x00000000,0x00000000,0x00000000,0x00000000,0x00000000,0x00000000,0x00000000,0x00000000,
        0x00000000,0x00000000,0x00000000,0x00000000,0x00000000,0x00000000,0x00000000,0x00000000,0x00000000,0x00000000,0x00000000,0x00000000,0x00000000,
        0x00000000,0x00000000,0x00000000,0x00000000,0x00000000,0x00000000,0x00000000,0x00000000,0x00000000,0x00000000,0x00000000,0x00000000,0x00000000,
        0x00000000,0x00000000,0x00000000,0x00000000,0x00000000,0x00000000,0x00000000,0x00000000,0x00000000,0x00000000,0x00000000,0x00000000,0x00000000,
        0x00000000,0x00000000,0x00000000,0x00000000,0x00000000,0x00000000,0x00000000,0x00000000,0x00000000,0x00000000,0x00000000,0x00000000,0x00000000,
        0x00000000,0x00000000,0x00000000,0x00000000,0x00000000,0x00000000,0x00000000,0x00000000,0x00000000,0x00000000,0x00000000,0x00000000,0x00000000,
        0x00000000,0x00000000,0x00000000,0x00000000,0x00000000,0x00000000,0x00000000,0x00000000,0x00000000,0x00000000,0x00000000,0x00000000,0x00000000,
        0x00000000,0x00000000,0x00000000,0x00000000,0x00000000,0x00000000,0x00000000,0x00000000,0x00000000,0x00000000,0x00000000,0x01010101,0x02020202,
        0x04040404,0x04040404,0x04040404,0x04040404,0x04040404,0x04040404,0x04040404,0x04040404,0x04040404,0x04040404,0x04040404,0x04040404,0x04040404,
        0x04040404,0x04040404,0x04040404,0x04040404,0x04040404,0x04040404,0x04040404,0x04040404,0x04040404,0x04040404,0x04040404,0x04040404,0x04040404,
        0x04040404,0x02020202,0x01010101,0x00000000,0x00000000,0x00000000,0x00000000,0x00000000,0x00000000,0x00000000,0x00000000,0x00000000,0x00000000,
        0x00000000,0x00000000,0x00000000,0x00000000,0x00000000,0x00000000,0x00000000,0x00000000,0x00000000,0x01010101,0x04040404,0x00000000,0x00000000,
        0x00000000,0x00000000,0x00000000,0x00000000,0x00000000,0x00000000,0x00000000,0x00000000,0x00000000,0x00000000,0x00000000,0x00000000,0x00000000,
        0x00000000,0x00000000,0x00000000,0x00000000,0x00000000,0x00000000,0x00000000,0x00000000,0x00000000,0x00000000,0x00000000,0x00000000,0x00000000,
        0x00000000,0x00000000,0x00000000,0x04040404,0x01010101,0x00000000,0x00000000,0x00000000,0x00000000,0x00000000,0x00000000,0x00000000,0x00000000,
        0x00000000,0x00000000,0x00000000,0x00000000,0x00000000,0x00000000,0x00000000,0x00000000,0x03030303,0x00000000,0x00000000,0x00000000,0x33313131,
        0x65626262,0x89868686,0x8D8B8B8B,0x8D8A8A8A,0x8D8B8B8B,0x8E8B8B8B,0x8E8B8B8B,0x8E8B8B8B,0x8E8B8B8B,0x8E8B8B8B,0x8E8B8B8B,0x8E8B8B8B,0x8E8B8B8B,
        0x8E8B8B8B,0x8E8B8B8B,0x8E8B8B8B,0x8E8B8B8B,0x8E8B8B8B,0x8E8B8B8B,0x8E8B8B8B,0x8E8B8B8B,0x8E8B8B8B,0x8D8B8B8B,0x8D8A8A8A,0x8D8B8B8B,0x89868686,
        0x65626262,0x33313131,0x01000000,0x00000000,0x00000000,0x03030303,0x00000000,0x00000000,0x00000000,0x00000000,0x00000000,0x00000000,0x00000000,
        0x00000000,0x00000000,0x00000000,0x00000000,0x00000000,0x00000000,0x00000000,0x04040404,0x00000000,0x03010101,0x6F6C6C6C,0xD5D4D4D4,0xFFFFFFFF,
        0xFFFFFFFF,0xFFFFFFFF,0xFFFFFFFF,0xFFFFFFFF,0xFFFFFFFF,0xFFFFFFFF,0xFFFFFFFF,0xFFFFFFFF,0xFFFFFFFF,0xFFFFFFFF,0xFFFFFFFF,0xFFFFFFFF,0xFFFFFFFF,
        0xFFFFFFFF,0xFFFFFFFF,0xFFFFFFFF,0xFFFFFFFF,0xFFFFFFFF,0xFFFFFFFF,0xFFFFFFFF,0xFFFFFFFF,0xFFFFFFFF,0xFFFFFFFF,0xFFFFFFFF,0xFFFFFFFF,0xFFFFFFFF,
        0xFFFFFFFF,0xFFFFFFFF,0xD6D4D4D4,0x706D6D6D,0x03020202,0x00000000,0x04040404,0x00000000,0x00000000,0x00000000,0x00000000,0x00000000,0x00000000,
        0x00000000,0x00000000,0x00000000,0x00000000,0x00000000,0x00000000,0x04040404,0x00000000,0x332F2F2F,0xD7D4D4D4,0xFFFFFFFF,0xFFFFFFFF,0xFEFEFEFE,
        0xFBFBFBFB,0xFBFBFBFB,0xFBFBFBFB,0xFBFBFBFB,0xFBFBFBFB,0xFBFBFBFB,0xFBFBFBFB,0xFBFBFBFB,0xFBFBFBFB,0xFBFBFBFB,0xFBFBFBFB,0xFBFBFBFB,0xFBFBFAF9,
        0xFBFBFAF9,0xFBFBFAF9,0xFBFBFBFB,0xFBFBFBFB,0xFBFBFBFB,0xFBFBFBFB,0xFBFBFBFB,0xFBFBFBFB,0xFBFBFBFB,0xFBFBFBFB,0xFBFBFBFB,0xFBFBFBFB,0xFBFBFBFB,
        0xFBFBFBFB,0xFEFEFEFE,0xFFFFFFFF,0xFFFFFFFF,0xD8D5D5D5,0x34303030,0x00000000,0x04040404,0x00000000,0x00000000,0x00000000,0x00000000,0x00000000,
        0x00000000,0x00000000,0x00000000,0x00000000,0x00000000,0x04040404,0x00000000,0x4A454545,0xFFFEFEFE,0xFFFFFFFF,0xFAFAFAFA,0xFDFDFDFD,0xFFFFFFFF,
        0xFFFFFFFF,0xFFFFFFFF,0xFFFFFFFF,0xFFFFFFFF,0xFFFFFFFF,0xFFFFFFFF,0xFFFFFFFF,0xFFFFFFFF,0xFFFFFFFF,0xFFFFFFFF,0xFFFFFEFD,0xFFFFFFFE,0xFFFFFFFF,
        0xFFFFFFFF,0xFFFFFFFF,0xFFFFFFFE,0xFFFFFEFD,0xFFFFFFFF,0xFFFFFFFF,0xFFFFFFFF,0xFFFFFFFF,0xFFFFFFFF,0xFFFFFFFF,0xFFFFFFFF,0xFFFFFFFF,0xFFFFFFFF,
        0xFFFFFFFF,0xFFFFFFFF,0xFDFDFDFD,0xFAFAFAFA,0xFFFFFFFF,0xFFFFFFFF,0x4B474747,0x00000000,0x04040404,0x00000000,0x00000000,0x00000000,0x00000000,
        0x00000000,0x00000000,0x00000000,0x00000000,0x03030303,0x00000000,0x342F2F2F,0xFFFEFEFE,0xFFFFFFFF,0xFBFBFBFB,0xFFFFFFFF,0xFFFFFFFF,0xFFFFFFFF,
        0xFFFFFFFF,0xFFFFFFFF,0xFFFFFFFF,0xFFFFFFFF,0xFFFFFFFF,0xFFFFFFFF,0xFFFFFFFF,0xFFFFFFFF,0xFFFFFFFF,0xFFFFFEFD,0xFFFFFFFF,0xFFFEFFFF,0xFFFEF8E8,
        0xFFFDF2D7,0xFFFEF6E7,0xFFFEFFFF,0xFFFFFFFF,0xFFFFFEFD,0xFFFFFFFF,0xFFFFFFFF,0xFFFFFFFF,0xFFFFFFFF,0xFFFFFFFF,0xFFFFFFFF,0xFFFFFFFF,0xFFFFFFFF,
        0xFFFFFFFF,0xFFFFFFFF,0xFFFFFFFF,0xFFFFFFFF,0xFBFBFBFB,0xFFFFFFFF,0xFFFFFFFF,0x35303030,0x00000000,0x03030303,0x00000000,0x00000000,0x00000000,
        0x00000000,0x00000000,0x00000000,0x01010101,0x00000000,0x05010101,0xD7D4D4D4,0xFFFFFFFF,0xFBFBFBFB,0xFFFFFFFF,0xFFFFFFFF,0xFFFFFFFF,0xFFFFFFFF,
        0xFFFFFFFF,0xFFFFFFFF,0xFFFFFFFF,0xFFFFFFFF,0xFFFFFFFF,0xFFFFFFFF,0xFFFFFFFF,0xFFFFFFFF,0xFFFFFFFD,0xFFFFFFFF,0xFFFDF3DC,0xFFFCCC69,0xFFFDAE28,
        0xFFFDA318,0xFFFDA924,0xFFFDC260,0xFFFDF0D7,0xFFFFFFFF,0xFFFFFEFC,0xFFFFFFFF,0xFFFFFFFF,0xFFFFFFFF,0xFFFFFFFF,0xFFFFFFFF,0xFFFFFFFF,0xFFFFFFFF,
        0xFFFFFFFF,0xFFFFFFFF,0xFFFFFFFF,0xFFFFFFFF,0xFFFFFFFF,0xFBFBFBFB,0xFFFFFFFF,0xD9D5D5D5,0x06020202,0x00000000,0x01010101,0x00000000,0x00000000,
        0x00000000,0x00000000,0x00000000,0x04040404,0x00000000,0x716C6C6C,0xFFFFFFFF,0xFAF9F9F9,0xFFFFFFFF,0xFFFEFEFE,0xFFFEFEFE,0xFFFEFEFE,0xFFFEFEFE,
        0xFFFEFEFE,0xFFFEFEFE,0xFFFEFEFE,0xFFFEFDFD,0xFFFEFDFD,0xFFFFFDFD,0xFFFEFEFE,0xFFFEFEFC,0xFFFFFFFF,0xFFFDF1D7,0xFFFDB632,0xFFFE8E00,0xFFFF8700,
        0xFFFF8700,0xFFFF8700,0xFFFE8A00,0xFFFDA624,0xFFFDEBCF,0xFFFEFFFF,0xFFFEFDFC,0xFFFEFEFD,0xFFFEFEFB,0xFFFEFEFB,0xFFFEFEFB,0xFFFEFEFD,0xFFFEFEFE,
        0xFFFEFEFE,0xFFFEFEFE,0xFFFEFEFE,0xFFFEFEFE,0xFFFEFEFE,0xFFFFFFFF,0xFAF9F9F9,0xFFFFFFFF,0x736D6D6D,0x00000000,0x04040404,0x00000000,0x00000000,
        0x00000000,0x00000000,0x01000000,0x00000000,0x03000000,0xD6D3D3D3,0xFFFFFFFF,0xFDFCFCFC,0xFFFEFEFE,0xFFFEFEFE,0xFFFEFEFE,0xFFFEFEFE,0xFFFEFEFE,
        0xFFFEFEFE,0xFFFEFDFD,0xFFFEFFFF,0xFFFEFFFF,0xFFFFFFFF,0xFFFFFFFF,0xFFFEFEFE,0xFFFEFCFD,0xFFFEFCFE,0xFFFCC65B,0xFFFE8D00,0xFFFF8703,0xFFFF8802,
        0xFFFF8702,0xFFFF8803,0xFFFF8904,0xFFFF8700,0xFFFDB349,0xFFFEFBF8,0xFFFEFCF9,0xFFFFFDFF,0xFFFEFFFF,0xFFFEFEFF,0xFFFEFEFF,0xFFFEFEFF,0xFFFEFEFB,
        0xFFFEFEFE,0xFFFEFEFE,0xFFFEFEFE,0xFFFEFEFE,0xFFFEFEFE,0xFFFEFEFE,0xFDFCFCFC,0xFFFFFFFF,0xD8D4D4D4,0x04000000,0x00000000,0x01010101,0x00000000,
        0x00000000,0x00000000,0x02020202,0x00000000,0x37303030,0xFFFFFFFF,0xFEFDFDFD,0xFFFDFDFD,0xFFFDFDFD,0xFFFEFEFE,0xFFFEFEFE,0xFFFDFDFD,0xFFFEFEFD,
        0xFFFDFDFD,0xFFFDFFFF,0xFFFDF4F5,0xFFFCDADD,0xFFFBCED1,0xFFFCDADD,0xFFFDF6F5,0xFFFEFFFF,0xFFFCEED2,0xFFFDA619,0xFFFF8700,0xFFFF8803,0xFFFF8502,
        0xFFFF8402,0xFFFF8502,0xFFFF8702,0xFFFF8700,0xFFFE950C,0xFFFDE7C5,0xFFFEFFFF,0xFFFDFBEF,0xFFFDF9B7,0xFFFDF59B,0xFFFDF7AD,0xFFFDFBE7,0xFFFEFEFF,
        0xFFFEFDFC,0xFFFDFEFD,0xFFFDFDFD,0xFFFDFDFD,0xFFFDFDFD,0xFFFEFEFE,0xFFFDFDFD,0xFEFDFDFD,0xFFFFFFFF,0x38323232,0x00000000,0x02020202,0x00000000,
        0x00000000,0x00000000,0x03030303,0x00000000,0x68616161,0xFFFFFFFF,0xFBF9F9F9,0xFFFDFDFD,0xFFFDFDFD,0xFFFDFDFD,0xFFFDFDFD,0xFFFDFDFD,0xFFFEFCFD,
        0xFFFDFFFF,0xFFFCD1D5,0xFFFC8C95,0xFFFD6A74,0xFFFE626D,0xFFFE6973,0xFFFD888F,0xFFFCD5E1,0xFFFCE7B5,0xFFFE9809,0xFFFF8700,0xFFFF8702,0xFFFF8402,
        0xFFFF8302,0xFFFF8402,0xFFFF8701,0xFFFF8801,0xFFFE8E00,0xFFFDD8AC,0xFFFDF9B6,0xFFFDE92A,0xFFFEDA00,0xFFFED400,0xFFFED600,0xFFFDE019,0xFFFDF097,
        0xFFFDFDFF,0xFFFDFCFB,0xFFFDFDFD,0xFFFDFDFD,0xFFFDFDFD,0xFFFDFDFD,0xFFFDFDFD,0xFBF9F9F9,0xFFFFFFFF,0x6A636363,0x00000000,0x03030303,0x00000000,
        0x00000000,0x00000000,0x03030303,0x00000000,0x8C858585,0xFFFFFFFF,0xFBF8F8F8,0xFFFCFCFC,0xFFFCFCFC,0xFFFCFCFC,0xFFFCFCFC,0xFFFDFBFB,0xFFFDFFFF,
        0xFFFCD0D4,0xFFFD737D,0xFFFF5560,0xFFFF555F,0xFFFF5460,0xFFFF555F,0xFFFF545D,0xFFFE6D7E,0xFFFAAA7C,0xFFFE9B0B,0xFFFF8500,0xFFFF8701,0xFFFF8402,
        0xFFFF8302,0xFFFF8402,0xFFFF8601,0xFFFF8800,0xFFFE8C08,0xFFFBCB45,0xFFFEE30C,0xFFFFC800,0xFFFFC502,0xFFFFC503,0xFFFFC503,0xFFFEC700,0xFFFED300,
        0xFFFCEE93,0xFFFDFDFF,0xFFFCFCF9,0xFFFCFCFC,0xFFFCFCFC,0xFFFCFCFC,0xFFFDFDFD,0xFBF8F8F8,0xFFFFFFFF,0x8C858585,0x00000000,0x03030303,0x00000000,
        0x00000000,0x00000000,0x03030303,0x00000000,0x908A8A8A,0xFFFFFFFF,0xFBF7F7F7,0xFFFCFCFC,0xFFFCFCFC,0xFFFCFCFC,0xFFFCFBFB,0xFFFCFEFD,0xFFFBF3F3,
        0xFFFC8D96,0xFFFF5661,0xFFFF5762,0xFFFF5561,0xFFFF5460,0xFFFF5561,0xFFFF5660,0xFFFF5665,0xFFFA614E,0xFFF9780C,0xFFFF8900,0xFFFF8601,0xFFFF8502,
        0xFFFF8402,0xFFFF8502,0xFFFF8701,0xFFFF8900,0xFFF88109,0xFFF9AF03,0xFFFFC900,0xFFFFC404,0xFFFFC501,0xFFFFC502,0xFFFFC502,0xFFFFC604,0xFFFFC600,
        0xFFFED715,0xFFFDF7DF,0xFFFCFBFE,0xFFFCFBFB,0xFFFCFCFC,0xFFFCFCFC,0xFFFCFCFC,0xFBF7F7F7,0xFFFFFFFF,0x908A8A8A,0x00000000,0x03030303,0x00000000,
        0x00000000,0x00000000,0x03030303,0x00000000,0x908A8A8A,0xFFFFFFFF,0xFBF7F7F7,0xFFFBFBFB,0xFFFBFBFB,0xFFFBFBFB,0xFFFBFAFA,0xFFFBFFFF,0xFFFBD9DC,
        0xFFFE6D78,0xFFFF5661,0xFFFF5661,0xFFFF535F,0xFFFF535F,0xFFFF535F,0xFFFF5560,0xFFFF5663,0xFFF95547,0xFFF4470C,0xFFF76700,0xFFFF8902,0xFFFF8503,
        0xFFFF8502,0xFFFF8601,0xFFFF8802,0xFFF97E03,0xFFF16D06,0xFFF49D04,0xFFFFC702,0xFFFFC201,0xFFFFC301,0xFFFFC301,0xFFFFC301,0xFFFFC501,0xFFFFC603,
        0xFFFECD00,0xFFFDEEA2,0xFFFCFBFF,0xFFFBFBF8,0xFFFBFBFB,0xFFFBFBFB,0xFFFBFBFB,0xFBF7F7F7,0xFFFFFFFF,0x908A8A8A,0x00000000,0x03030303,0x00000000,
        0x00000000,0x00000000,0x03030303,0x00000000,0x918B8B8B,0xFFFFFFFF,0xFBF6F6F6,0xFFFBFBFB,0xFFFBFBFB,0xFFFBFBFB,0xFFFBF9F9,0xFFFBFFFF,0xFFFBCED2,
        0xFFFE6671,0xFFFF5761,0xFFFF5661,0xFFFF5360,0xFFFF535F,0xFFFF5460,0xFFFF545F,0xFFFF5462,0xFFFA5548,0xFFEF3E0D,0xFFED3800,0xFFF76903,0xFFFF8703,
        0xFFFF8502,0xFFFF8701,0xFFF97D02,0xFFF06B06,0xFFE46107,0xFFF39C03,0xFFFFC501,0xFFFFC100,0xFFFFC301,0xFFFFC301,0xFFFFC301,0xFFFFC501,0xFFFFC503,
        0xFFFFCB00,0xFFFCEA8D,0xFFFAFBFF,0xFFFBF9F6,0xFFFBFAFB,0xFFFBFBFB,0xFFFBFBFB,0xFBF7F7F7,0xFFFFFFFF,0x918B8B8B,0x00000000,0x03030303,0x00000000,
        0x00000000,0x00000000,0x03030303,0x00000000,0x918B8B8B,0xFFFFFFFF,0xFBF6F6F6,0xFFFAFAFA,0xFFFAFAFA,0xFFFAFAFA,0xFFFAF9F9,0xFFFBFEFF,0xFFFBD9DC,
        0xFFFE6E78,0xFFFF5862,0xFFFF5863,0xFFFF5661,0xFFFF5560,0xFFFF5560,0xFFFF555F,0xFFFF5462,0xFFFA5548,0xFFED400E,0xFFE82F01,0xFFEC3C02,0xFFF87402,
        0xFFFF8901,0xFFFA8002,0xFFF06D03,0xFFE35F06,0xFFE36207,0xFFF39C02,0xFFFFC401,0xFFFEC101,0xFFFEC200,0xFFFFC301,0xFFFFC301,0xFFFFC502,0xFFFFC602,
        0xFFFFCD00,0xFFFBEDA8,0xFFFAFAFF,0xFFFBF9F6,0xFFFAFAFA,0xFFFAFAFA,0xFFFAFAFA,0xFBF6F6F6,0xFFFFFFFF,0x918B8B8B,0x00000000,0x03030303,0x00000000,
        0x00000000,0x00000000,0x03030303,0x00000000,0x918B8B8B,0xFFFFFFFF,0xFBF5F5F5,0xFFF9F9F9,0xFFFAFAFA,0xFFF9F9F9,0xFFFAF9F9,0xFFF9FAFA,0xFFFAF1F2,
        0xFFFD8C95,0xFFFF5965,0xFFFF5965,0xFFFF5863,0xFFFF5762,0xFFFF5761,0xFFFF5761,0xFFFF5664,0xFFFA554C,0xFFED4211,0xFFE73102,0xFFE73102,0xFFEE5301,
        0xFFFF8602,0xFFF57502,0xFFE56102,0xFFE25F06,0xFFE26405,0xFFF4A103,0xFFFFC301,0xFFFCC001,0xFFFDC201,0xFFFEC201,0xFFFEC401,0xFFFEC603,0xFFFDC700,
        0xFFFCD720,0xFFF9F4DE,0xFFF9F8F6,0xFFF9F9F8,0xFFFAF9F9,0xFFF9FAF9,0xFFFAFAFA,0xFBF5F5F5,0xFFFFFFFF,0x918B8B8B,0x00000000,0x03030303,0x00000000,
        0x00000000,0x00000000,0x03030303,0x00000000,0x918B8B8B,0xFFFFFFFF,0xFBF5F5F5,0xFFF9F9F9,0xFFF9F9F9,0xFFF9F9F9,0xFFF9F8F9,0xFFF9F7F8,0xFFF9FFFD,
        0xFFFAD7D3,0xFFFE797B,0xFFFF6067,0xFFFF5F66,0xFFFF5D65,0xFFFF5C63,0xFFFF5B62,0xFFFF5A64,0xFFFC5658,0xFFEF481D,0xFFE73403,0xFFE73203,0xFFEB4502,
        0xFFFA7E02,0xFFF17002,0xFFE16002,0xFFE36005,0xFFE36C04,0xFFF8B002,0xFFFFC301,0xFFFFC401,0xFFFFC501,0xFFFFC601,0xFFFFC801,0xFFFFC900,0xFFFFD10C,
        0xFFFFECAD,0xFFFDF9FF,0xFFF9F8F2,0xFFF8F9F7,0xFFF9F9F9,0xFFF9F9F9,0xFFF9F9F9,0xFBF5F5F5,0xFFFFFFFF,0x918B8B8B,0x00000000,0x03030303,0x00000000,
        0x00000000,0x00000000,0x03030303,0x00000000,0x918B8B8B,0xFFFFFFFF,0xFBF4F4F4,0xFFF8F8F8,0xFFF8F9F8,0xFFF8F7F8,0xFFF8FDF9,0xFFF9F7F8,0xFFF9DCF4,
        0xFFFACAF4,0xFFFA90BE,0xFFF95977,0xFFF84A67,0xFFF84865,0xFFF84763,0xFFF84A62,0xFFFB5262,0xFFFF5A64,0xFFF55138,0xFFE93D0A,0xFFE83505,0xFFEC4606,
        0xFFFA7E06,0xFFF17105,0xFFE36205,0xFFE16204,0xFFED8C03,0xFFFFC102,0xFFEFBA02,0xFFDCB603,0xFFD4B402,0xFFD4B503,0xFFD5B605,0xFFD8BC03,0xFFD1DB38,
        0xFFD1EF9A,0xFFE1F1BC,0xFFF7F7F5,0xFFFCF9FF,0xFFF7F8F6,0xFFF8F8F9,0xFFF8F8F8,0xFBF4F4F4,0xFFFFFFFF,0x918B8B8B,0x00000000,0x03030303,0x00000000,
        0x00000000,0x00000000,0x03030303,0x00000000,0x918B8B8B,0xFFFFFFFF,0xFBF4F4F4,0xFFF8F8F8,0xFFF8F7F8,0xFFF8FDF8,0xFFF9DEF4,0xFFFB93E9,0xFFFB64D9,
        0xFFFB54CF,0xFFFB52D0,0xFFF441A3,0xFFEB2C6A,0xFFE6205B,0xFFE51F5B,0xFFE51F5A,0xFFE8255B,0xFFF03A60,0xFFFB565D,0xFFF24F2E,0xFFEA3E0B,0xFFF05104,
        0xFFFD8706,0xFFF47502,0xFFE56706,0xFFED8505,0xFFF6B603,0xFFC2AA04,0xFF919803,0xFF7D9103,0xFF798F05,0xFF799006,0xFF7F950A,0xFF78B108,0xFF6FCA00,
        0xFF71CC00,0xFF7CD206,0xFF9DDE3E,0xFFE0F1C5,0xFFFBF9FF,0xFFF6F7F5,0xFFF8F8F8,0xFBF3F3F3,0xFFFFFFFF,0x918B8B8B,0x00000000,0x03030303,0x00000000,
        0x00000000,0x00000000,0x03030303,0x00000000,0x918B8B8B,0xFFFFFFFF,0xFBF3F3F3,0xFFF7F6F7,0xFFF8FBF8,0xFFF8E2F4,0xFFFB7CE3,0xFFFA4CC9,0xFFF848C2,
        0xFFF748C1,0xFFF747BF,0xFFF745C2,0xFFED3A9A,0xFFE12865,0xFFDC1D58,0xFFDB1C57,0xFFDC1B56,0xFFDF1C59,0xFFEC3762,0xFFFD5C64,0xFFF75948,0xFFF78B4A,
        0xFFFEAF4E,0xFFF8A43B,0xFFF6A800,0xFFFBBE02,0xFFBAAA03,0xFF7B8E02,0xFF6E8604,0xFF6F8706,0xFF708807,0xFF748C09,0xFF6EA705,0xFF65BF00,0xFF65BD01,
        0xFF65BE03,0xFF65C001,0xFF66C400,0xFF85D315,0xFFE0F0C9,0xFFFAF8FD,0xFFF6F7F5,0xFBF3F3F3,0xFFFFFFFF,0x918B8B8B,0x00000000,0x03030303,0x00000000,
        0x00000000,0x00000000,0x03030303,0x00000000,0x918B8B8B,0xFFFFFFFF,0xFBF2F2F2,0xFFF7F6F7,0xFFF7F9F6,0xFFFBA0EB,0xFFFA53CC,0xFFF64EC1,0xFFF54DC4,
        0xFFF54BC3,0xFFF54BC2,0xFFF54ABF,0xFFF548C1,0xFFEC3D9C,0xFFE02B6A,0xFFDB215A,0xFFDB1F59,0xFFDC1F59,0xFFDF225B,0xFFF3506B,0xFFFF9DA3,0xFFF8E6E5,
        0xFFF8ECE7,0xFFF7F0E3,0xFFFFE551,0xFFDEBD00,0xFF8A9505,0xFF728805,0xFF748907,0xFF758908,0xFF778F0A,0xFF6FA905,0xFF67BD01,0xFF68BE01,0xFF67BF01,
        0xFF67C002,0xFF68C102,0xFF6AC106,0xFF69C300,0xFFA0DA4D,0xFFF6F6F6,0xFFF5F6F4,0xFBF2F2F2,0xFFFFFFFF,0x918B8B8B,0x00000000,0x03030303,0x00000000,
        0x00000000,0x00000000,0x03030303,0x00000000,0x918B8B8B,0xFFFFFFFF,0xFBF2F1F1,0xFFF7F9F6,0xFFF7E7F4,0xFFFB7CE0,0xFFF852C4,0xFFF653C4,0xFFF44FC2,
        0xFFF34FC2,0xFFF44FC1,0xFFF34FC1,0xFFF24EBF,0xFFF44CC1,0xFFED42A9,0xFFE33583,0xFFE02F70,0xFFE22F6E,0xFFE72F7A,0xFFF268A8,0xFFF7E5E8,0xFFF6EFEF,
        0xFFF7F2EF,0xFFF6F4F5,0xFFF7F2EA,0xFFB7D036,0xFF81A002,0xFF80960A,0xFF7D9608,0xFF779D07,0xFF6EB003,0xFF69BE00,0xFF6ABD01,0xFF6ABF01,0xFF6ABF00,
        0xFF6AC001,0xFF6BC001,0xFF6EC202,0xFF6EC300,0xFF82CF19,0xFFE3F0D1,0xFFF7F6F9,0xFBF1F1F1,0xFFFFFFFF,0x918B8B8B,0x00000000,0x03030303,0x00000000,
        0x00000000,0x00000000,0x03030303,0x00000000,0x918B8B8B,0xFFFFFFFF,0xFBF1F0F1,0xFFF6FAF7,0xFFF6DEF3,0xFFFB76DB,0xFFF659C7,0xFFF458C6,0xFFF256C4,
        0xFFF255C3,0xFFF255C3,0xFFF255C3,0xFFF255C3,0xFFF154C2,0xFFF655C1,0xFFF450BE,0xFFEB48B8,0xFFEB47B8,0xFFF54BBD,0xFFFF7FD3,0xFFF6E7EF,0xFFF5F0F3,
        0xFFF5F5F5,0xFFF5F5F4,0xFFF5F5F2,0xFFADE74A,0xFF70C300,0xFF68B606,0xFF67B604,0xFF6EC000,0xFF72C200,0xFF6EBE01,0xFF6FC001,0xFF6FC101,0xFF6FC101,
        0xFF6FC101,0xFF70C101,0xFF72C303,0xFF73C402,0xFF80CD14,0xFFD9EDBF,0xFFF7F6F9,0xFBF0F1EF,0xFFFFFFFF,0x918B8B8B,0x00000000,0x03030303,0x00000000,
        0x00000000,0x00000000,0x03030303,0x00000000,0x918B8B8B,0xFFFFFFFF,0xFBF1F0F0,0xFFF5F8F7,0xFFF6E5F3,0xFFFB81DE,0xFFF762C9,0xFFF461C7,0xFFF25FC6,
        0xFFF25EC5,0xFFF25EC5,0xFFF25EC5,0xFFF25EC5,0xFFF45FC2,0xFFE151CA,0xFFC43DD5,0xFFB130D4,0xFFAD2ED3,0xFFB82ED4,0xFFD466DC,0xFFF1E8F0,0xFFF6F3F5,
        0xFFF4F4F5,0xFFF9F6F7,0xFFF1F2F2,0xFF6CCB57,0xFF249E18,0xFF199019,0xFF188F15,0xFF299812,0xFF55B209,0xFF79C407,0xFF75C209,0xFF76C30A,0xFF77C30B,
        0xFF77C30B,0xFF78C40C,0xFF79C60E,0xFF7AC70F,0xFF8AD127,0xFFDFEFCE,0xFFF5F5F5,0xFBF0F0EF,0xFFFFFFFF,0x918B8B8B,0x00000000,0x03030303,0x00000000,
        0x00000000,0x00000000,0x03030303,0x00000000,0x918B8B8B,0xFFFFFFFF,0xFBF0F0F0,0xFFF5F4F4,0xFFF4F5F4,0xFFF9A1E5,0xFFF96DD1,0xFFF56BCA,0xFFF469CA,
        0xFFF468C9,0xFFF367C9,0xFFF368C9,0xFFF569C5,0xFFD852D4,0xFFAD33DC,0xFF941FCB,0xFF8F19C4,0xFF8F1BC5,0xFF9217CB,0xFF9B49E3,0xFFC2A0F2,0xFFF0EAF3,
        0xFFF1F2F5,0xFFEFF2EF,0xFF71DAAB,0xFF11A750,0xFF03800F,0xFF04770C,0xFF03770A,0xFF047A0E,0xFF0A8518,0xFF44A916,0xFF80C817,0xFF7EC61A,0xFF7EC71B,
        0xFF7FC71B,0xFF80C81C,0xFF83CA20,0xFF81CB19,0xFFA5DA5B,0xFFEEF3EC,0xFFF2F3F0,0xFBF0EFF0,0xFFFFFFFF,0x918B8B8B,0x00000000,0x03030303,0x00000000,
        0x00000000,0x00000000,0x03030303,0x00000000,0x918B8B8B,0xFFFFFFFF,0xFBEFEFEF,0xFFF4F3F4,0xFFF4F7F5,0xFFF5DBEF,0xFFFB85DB,0xFFF973D0,0xFFF676CF,
        0xFFF575CE,0xFFF575CE,0xFFF777CB,0xFFD859DA,0xFFAB34E0,0xFF941EC9,0xFF911CC8,0xFF921CCA,0xFF9216CA,0xFF962CD3,0xFF9061DE,0xFF7165DD,0xFF6690E7,
        0xFF67AFFE,0xFF4AA5CF,0xFF159D7E,0xFF0C9E5C,0xFF058B24,0xFF017B0B,0xFF037A10,0xFF047B10,0xFF057C12,0xFF06841C,0xFF44AB24,0xFF8CCD2A,0xFF88CB2D,
        0xFF8ACC30,0xFF8BCD30,0xFF89CE28,0xFF92D437,0xFFD8EBC1,0xFFF1F3F1,0xFFF2F3F0,0xFBEFEFEF,0xFFFFFFFF,0x918B8B8B,0x00000000,0x03030303,0x00000000,
        0x00000000,0x00000000,0x03030303,0x00000000,0x918B8B8B,0xFFFFFFFF,0xFBEFEFEF,0xFFF3F3F3,0xFFF4F2F4,0xFFF3F6F5,0xFFF5D6ED,0xFFFA95DC,0xFFF97ED4,
        0xFFF97BD4,0xFFFA7DD2,0xFFDC5CDF,0xFFB032E5,0xFF991DD0,0xFF971BCF,0xFF951ACE,0xFF941CCD,0xFF9533D3,0xFF8B5DD9,0xFF5361D2,0xFF284DC0,0xFF1C4EC6,
        0xFF217BED,0xFF046EA2,0xFF086479,0xFF0C7A76,0xFF0C985A,0xFF068A2B,0xFF017E14,0xFF017E12,0xFF027E13,0xFF048014,0xFF03871F,0xFF46AE2C,0xFF93D235,
        0xFF8DD133,0xFF92D338,0xFFA2DA58,0xFFD5EABC,0xFFF1F2EF,0xFFF0F2ED,0xFFF3F3F3,0xFBEFEFEF,0xFFFFFFFF,0x918B8B8B,0x00000000,0x03030303,0x00000000,
        0x00000000,0x00000000,0x03030303,0x00000000,0x918B8B8B,0xFFFFFFFF,0xFBEEEEEE,0xFFF3F3F3,0xFFF3F3F3,0xFFF3F1F4,0xFFF2F4F5,0xFFF3ECF1,0xFFF4D0EA,
        0xFFF8C1E5,0xFFDC91E7,0xFFB15FEC,0xFF9B4ADB,0xFF9949D9,0xFF9747D8,0xFF964BD8,0xFF9459DA,0xFF9568DC,0xFF5D63D1,0xFF254CBD,0xFF1B3CB2,0xFF2045BE,
        0xFF2273DD,0xFF046990,0xFF005A6E,0xFF025D75,0xFF087B70,0xFF12A062,0xFF149A52,0xFF119643,0xFF10943F,0xFF11953F,0xFF139741,0xFF129E49,0xFF69C569,
        0xFFCBE69F,0xFFD1E8B8,0xFFE9F0E3,0xFFF0F2F0,0xFFEFF1EC,0xFFF2F2F1,0xFFF3F3F3,0xFBEEEEEE,0xFFFFFFFF,0x918B8B8B,0x00000000,0x03030303,0x00000000,
        0x00000000,0x00000000,0x03030303,0x00000000,0x918B8B8B,0xFFFFFFFF,0xFBEEEEEE,0xFFF2F2F2,0xFFF2F2F2,0xFFF2F2F2,0xFFF3F1F3,0xFFF2F0F4,0xFFF5F8F2,
        0xFFDED3F3,0xFFB28FF3,0xFF9C78E3,0xFF9A75E2,0xFF9773E1,0xFF9571DF,0xFF9470DE,0xFF986FDF,0xFF8769DA,0xFF3B5AC6,0xFF1F40B2,0xFF1E40B5,0xFF1F47BE,
        0xFF2374DE,0xFF036891,0xFF005C74,0xFF015D74,0xFF026576,0xFF119469,0xFF1CA567,0xFF20A668,0xFF21A768,0xFF22A86A,0xFF24A96B,0xFF26AC6D,0xFF2AB277,
        0xFFA8DAC6,0xFFF7F4F5,0xFFEDF0EC,0xFFF0F1EE,0xFFF2F2F2,0xFFF2F2F2,0xFFF2F2F2,0xFBEDEDED,0xFFFFFFFF,0x918B8B8B,0x00000000,0x03030303,0x00000000,
        0x00000000,0x00000000,0x03030303,0x00000000,0x918A8A8A,0xFFFFFFFF,0xFBEDEDED,0xFFF2F2F2,0xFFF2F2F2,0xFFF2F2F2,0xFFF1F1F2,0xFFF3F2F3,0xFFEDE9F1,
        0xFFC09DF3,0xFFA179E7,0xFF9D76E2,0xFF9B73E1,0xFF9971E0,0xFF9870DF,0xFF9770DF,0xFF9D71E1,0xFF786DD8,0xFF2F54BF,0xFF2344B4,0xFF2141B4,0xFF2352C4,
        0xFF2E7EED,0xFF0A6DA3,0xFF006179,0xFF016078,0xFF00637C,0xFF108C72,0xFF21A569,0xFF24A56A,0xFF25A76A,0xFF26A76B,0xFF27A96C,0xFF2AAA6D,0xFF27AB6B,
        0xFF40B87F,0xFFDBEAE0,0xFFF1F2F0,0xFFF1F1F1,0xFFF2F2F2,0xFFF2F2F2,0xFFF2F2F2,0xFBEDEDED,0xFFFFFFFF,0x918B8B8B,0x00000000,0x03030303,0x00000000,
        0x00000000,0x00000000,0x03030303,0x00000000,0x918A8A8A,0xFFFFFFFF,0xFBECECEC,0xFFF1F1F1,0xFFF1F1F1,0xFFF1F1F1,0xFFF0F0F1,0xFFF4F6F1,0xFFDFD3F2,
        0xFFB089F0,0xFFA07CE4,0xFF9F7AE3,0xFF9D78E1,0xFF9C76E0,0xFF9B76E0,0xFF9A76E0,0xFFA178E2,0xFF736FD7,0xFF2F55BE,0xFF2748B6,0xFF2546B8,0xFF2D6EDC,
        0xFF3583F2,0xFF237BCE,0xFF006885,0xFF01657F,0xFF006582,0xFF108A78,0xFF27A86E,0xFF2BA86F,0xFF2CA96F,0xFF2CA96F,0xFF2DAA70,0xFF2FAB72,0xFF34AD75,
        0xFF2BAF73,0xFFAADAC3,0xFFF7F2F4,0xFFEEF0EF,0xFFF1F1F1,0xFFF1F1F1,0xFFF1F1F1,0xFBECECEC,0xFFFFFFFF,0x918B8B8B,0x00000000,0x03030303,0x00000000,
        0x00000000,0x00000000,0x03030303,0x00000000,0x918A8A8A,0xFFFFFFFF,0xFBECECEC,0xFFF1F1F1,0xFFF0F0F0,0xFFF0F0F0,0xFFF0EFF1,0xFFF3F6F2,0xFFD8C7F2,
        0xFFAC86EE,0xFFA27FE3,0xFFA17CE1,0xFF9F7BE0,0xFF9F7AE0,0xFF9E7BE1,0xFF9E7BE1,0xFFA57CE4,0xFF7473D9,0xFF3359C2,0xFF2B49B7,0xFF3067D4,0xFF3784EE,
        0xFF3782EA,0xFF3A87EE,0xFF1C7ABA,0xFF006C83,0xFF006A8A,0xFF148B7F,0xFF2FAB72,0xFF32AA75,0xFF33AB75,0xFF33AB73,0xFF33AC73,0xFF35AD76,0xFF39AF7A,
        0xFF2DAF74,0xFF94D1B4,0xFFF5F1F1,0xFFEDEFEE,0xFFF0F0F1,0xFFF0F0F0,0xFFF1F1F1,0xFBECECEC,0xFFFFFFFF,0x918B8B8B,0x00000000,0x03030303,0x00000000,
        0x00000000,0x00000000,0x03030303,0x00000000,0x918A8A8A,0xFFFFFFFF,0xFBEBEBEB,0xFFF0F0F0,0xFFF0F0F0,0xFFF0F0F0,0xFFEFEFF0,0xFFF3F5F1,0xFFDBCDF1,
        0xFFAE8AEE,0xFFA584E2,0xFFA380E2,0xFFA17FE1,0xFFA17EE1,0xFFA17FE1,0xFFA17FE2,0xFFA882E4,0xFF7878DC,0xFF3559C3,0xFF3668D3,0xFF3E87EE,0xFF3C85EB,
        0xFF3C87EB,0xFF3C89EB,0xFF408BEE,0xFF1E7DB8,0xFF006E8C,0xFF198F87,0xFF38AF79,0xFF39AD7A,0xFF3BAE79,0xFF3AAD79,0xFF3BAE79,0xFF3CAF7A,0xFF41B27F,
        0xFF34B178,0xFFA2D5BD,0xFFF3F1F0,0xFFEDEFEE,0xFFF0F0F0,0xFFF0F0F0,0xFFF0F0F0,0xFBEBEBEB,0xFFFFFFFF,0x918A8A8A,0x00000000,0x03030303,0x00000000,
        0x00000000,0x00000000,0x03030303,0x00000000,0x91898989,0xFFFFFFFF,0xFBEBEBEB,0xFFEFEFEF,0xFFEFEFEF,0xFFEFEFEF,0xFFEFEFEF,0xFFF1F2F0,0xFFE7E2EF,
        0xFFB695F0,0xFFAA88E6,0xFFA786E3,0xFFA683E2,0xFFA583E1,0xFFA684E2,0xFFA686E3,0xFFAE89E6,0xFF7876DC,0xFF4076DC,0xFF448BEF,0xFF4189EC,0xFF418AEB,
        0xFF418BEB,0xFF418BEB,0xFF428CEB,0xFF4890F0,0xFF1D7FBE,0xFF159386,0xFF42B481,0xFF43B180,0xFF42B17E,0xFF42B17E,0xFF42B17E,0xFF45B380,0xFF45B481,
        0xFF43B682,0xFFCDE3D7,0xFFEEEFEC,0xFFEEEFEE,0xFFEFEFEF,0xFFF0F0F0,0xFFF0F0F0,0xFBEAEAEA,0xFFFFFFFF,0x918A8A8A,0x00000000,0x03030303,0x00000000,
        0x00000000,0x00000000,0x03030303,0x00000000,0x8D858585,0xFFFFFFFF,0xFBEAEAEA,0xFFEFEFEF,0xFFEFEFEF,0xFFEFEFEF,0xFFEFEFEF,0xFFEEEEEF,0xFFF2F2EF,
        0xFFD1BFEF,0xFFAB86EC,0xFFAC8BE5,0xFFAB8DE4,0xFFAB8CE3,0xFFAB8CE4,0xFFA889E5,0xFFAE85E7,0xFF8897EC,0xFF4D98F5,0xFF498DED,0xFF478EED,0xFF458EEB,
        0xFF458DEA,0xFF458EEB,0xFF468FEC,0xFF4A92ED,0xFF4990F4,0xFF4AA7B8,0xFF3DB77F,0xFF46B484,0xFF4FB787,0xFF4EB686,0xFF4FB686,0xFF4CB785,0xFF37B27A,
        0xFF91D0B2,0xFFECEDEB,0xFFE9EDEA,0xFFEEEEEE,0xFFEFEFEF,0xFFEFEFEF,0xFFEFEFEF,0xFBEAEAEA,0xFFFFFFFF,0x8D868686,0x00000000,0x03030303,0x00000000,
        0x00000000,0x00000000,0x03030303,0x00000000,0x6C636363,0xFFFFFFFF,0xFBEAEAEA,0xFFEEEEEE,0xFFEEEEEE,0xFFEEEEEE,0xFFEEEEEE,0xFFEEEEEE,0xFFEEEDEF,
        0xFFEEEEEF,0xFFCDBBEC,0xFFAE8DE9,0xFFA888E7,0xFFA887E7,0xFFA787E7,0xFFAB8EE8,0xFFD6C0EA,0xFFACCBF2,0xFF4E98F5,0xFF4F93ED,0xFF4C92EC,0xFF4A90EA,
        0xFF4A90EA,0xFF4B90EA,0xFF4C92EC,0xFF5095ED,0xFF4491F1,0xFFA3C3F2,0xFFA7D7BF,0xFF4CBA8A,0xFF43B680,0xFF44B680,0xFF41B680,0xFF48B885,0xFF91CFB2,
        0xFFE6EAE7,0xFFE7ECE9,0xFFEDEEEE,0xFFEEEEEE,0xFFEEEEEE,0xFFEEEEEE,0xFFEEEEEE,0xFBE9E9E9,0xFFFFFFFF,0x6D656565,0x00000000,0x03030303,0x00000000,
        0x00000000,0x00000000,0x02020202,0x00000000,0x3C323232,0xFFFAFAFA,0xFEECECEC,0xFFEEEEEE,0xFFEEEEEE,0xFFEEEEEE,0xFFEEEEEE,0xFFEEEEEE,0xFFEEEEEF,
        0xFFEEECEF,0xFFEFEFEE,0xFFE1DBEC,0xFFD0C0EB,0xFFCAB7EA,0xFFD0C1EA,0xFFDFDAEC,0xFFF2EDEC,0xFFC1D4EF,0xFF56A0F6,0xFF5598EE,0xFF5195EC,0xFF5094EB,
        0xFF4F93EA,0xFF5094EB,0xFF5195EC,0xFF5698EE,0xFF4B94F3,0xFFB6CFEE,0xFFF3EFF0,0xFFD5E5DE,0xFFA8D7C0,0xFF94D0B4,0xFFA1D4BC,0xFFCBE1D5,0xFFEBEBEA,
        0xFFE7EBE9,0xFFECEDED,0xFFEEEDED,0xFFEEEEEE,0xFFEEEEEE,0xFFEEEEEE,0xFFEEEEEE,0xFEECECEC,0xFFFEFEFE,0x3D333333,0x00000000,0x02020202,0x00000000,
        0x00000000,0x00000000,0x01010101,0x00000000,0x0A000000,0xD8D0D0D0,0xFFF7F7F7,0xFDEBEBEB,0xFFEDEDED,0xFFEDEDED,0xFFEDEDED,0xFFEDEDED,0xFFEDEDED,
        0xFFEDEDEE,0xFFEDEBEF,0xFFEEEDEE,0xFFEFEFEE,0xFFEEEEED,0xFFEDEDED,0xFFEBEAEE,0xFFECE9EE,0xFFE8E9ED,0xFF71AFF6,0xFF559BF2,0xFF5B9BED,0xFF5698ED,
        0xFF5597EC,0xFF5698EC,0xFF5B9BED,0xFF5297F1,0xFF64A2F2,0xFFDDE3ED,0xFFE6E9EB,0xFFEDEDEE,0xFFF3EFF0,0xFFF2EEEE,0xFFF0EEED,0xFFEBECEA,0xFFE7EBE9,
        0xFFECEDEC,0xFFEDEDED,0xFFEDEDED,0xFFEDEDED,0xFFEDEDED,0xFFEDEDED,0xFDEAEAEA,0xFFF8F8F8,0xDAD3D3D3,0x0B000000,0x00000000,0x01010101,0x00000000,
        0x00000000,0x00000000,0x00000000,0x03030303,0x00000000,0x776C6C6C,0xFFFFFFFF,0xFAE7E7E7,0xFFEDEDED,0xFFEDEDED,0xFFEDEDED,0xFFEDEDED,0xFFEDEDED,
        0xFFEDEDED,0xFFEDEDED,0xFFECECED,0xFFEBEBEE,0xFFEBEBEE,0xFFEBEBEE,0xFFECECEE,0xFFEBEBEE,0xFFF2EFEE,0xFFC3D7EF,0xFF589FF6,0xFF569AF1,0xFF5F9DEE,
        0xFF5F9DEE,0xFF5F9CEF,0xFF5599F1,0xFF5198F2,0xFFB9D0ED,0xFFE9EAEC,0xFFE9EAEE,0xFFECECED,0xFFEAECEB,0xFFEAEBEA,0xFFEAECEB,0xFFEBECEB,0xFFECECEC,
        0xFFEDEDED,0xFFEDEDED,0xFFEDEDED,0xFFEDEDED,0xFFEDEDED,0xFFEEEEEE,0xFAE7E7E7,0xFFFFFFFF,0x796E6E6E,0x00000000,0x03030303,0x00000000,0x00000000,
        0x00000000,0x00000000,0x00000000,0x01010101,0x00000000,0x0F020202,0xDAD1D1D1,0xFFFAFAFA,0xFBE7E7E7,0xFFEDEDED,0xFFECECEC,0xFFECECEC,0xFFECECEC,
        0xFFECECEC,0xFFECECEC,0xFFECECEC,0xFFECECED,0xFFECECEC,0xFFECECEC,0xFFECECEC,0xFFECECED,0xFFEAEBEC,0xFFF1EEEC,0xFFC4D7EE,0xFF72ABF1,0xFF599CF1,
        0xFF559AF2,0xFF589BF2,0xFF6FA8F0,0xFFBDD1ED,0xFFE7E9EB,0xFFE6E8EC,0xFFECECEC,0xFFECECEC,0xFFECECEC,0xFFECECEC,0xFFECECEC,0xFFECECEC,0xFFECECEC,
        0xFFECECEC,0xFFECECEC,0xFFECECEC,0xFFECECEC,0xFFEDEDED,0xFBE7E7E7,0xFFFBFBFB,0xDBD5D5D5,0x10020202,0x00000000,0x01010101,0x00000000,0x00000000,
        0x00000000,0x00000000,0x00000000,0x00000000,0x02020202,0x00000000,0x3F303030,0xFFF7F7F7,0xFFF2F2F2,0xFBE7E7E7,0xFFEDEDED,0xFFECECEC,0xFFECECEC,
        0xFFECECEC,0xFFECECEC,0xFFECECEC,0xFFECECEC,0xFFECECEC,0xFFECECEC,0xFFECECEC,0xFFECECEC,0xFFECECEC,0xFFEAEAED,0xFFF0EDED,0xFFE7E8EC,0xFFC9D9EC,
        0xFFBAD1EC,0xFFC6D7EC,0xFFE2E5EB,0xFFE9E9EB,0xFFE6E7EC,0xFFEBEAED,0xFFECECEC,0xFFECECEC,0xFFECECEC,0xFFECECEC,0xFFECECEC,0xFFECECEC,0xFFECECEC,
        0xFFECECEC,0xFFECECEC,0xFFECECEC,0xFFEDEDED,0xFBE7E7E7,0xFFF3F3F3,0xFFFBFBFB,0x40313131,0x00000000,0x02020202,0x00000000,0x00000000,0x00000000,
        0x00000000,0x00000000,0x00000000,0x00000000,0x00000000,0x03030303,0x00000000,0x55454545,0xFFF7F7F7,0xFFF9F9F9,0xFAE6E6E6,0xFDEAEAEA,0xFFECECEC,
        0xFFECECEC,0xFFECECEC,0xFFECECEC,0xFFECECEC,0xFFECECEC,0xFFECECEC,0xFFECECEC,0xFFECECEC,0xFFECECEC,0xFFECECEC,0xFFEAEBEC,0xFFEAEAED,0xFFEEECEC,
        0xFFEEECEC,0xFFECEBEC,0xFFE8E9EC,0xFFE9E9ED,0xFFECEBEC,0xFFECECED,0xFFECECED,0xFFECECEC,0xFFECECEC,0xFFECECEC,0xFFECECEC,0xFFECECEC,0xFFECECEC,
        0xFFECECEC,0xFFECECEC,0xFDE9E9E9,0xFAE6E6E6,0xFFFBFBFB,0xFFFBFBFB,0x57474747,0x00000000,0x03030303,0x00000000,0x00000000,0x00000000,0x00000000,
        0x00000000,0x00000000,0x00000000,0x00000000,0x00000000,0x00000000,0x03030303,0x00000000,0x41303030,0xDAD0D0D0,0xFFFFFFFF,0xFFF6F6F6,0xFEEAEAEA,
        0xFBE8E8E8,0xFBE7E7E7,0xFBE7E7E7,0xFBE8E8E8,0xFBE8E8E8,0xFBE8E8E8,0xFBE8E8E8,0xFBE8E8E8,0xFBE8E8E8,0xFBE8E8E8,0xFBE8E8E7,0xFBE7E7E9,0xFBE6E7E8,
        0xFBE5E6E8,0xFBE6E6E8,0xFBE7E7E8,0xFBE7E7E9,0xFBE7E7E8,0xFBE7E7E7,0xFBE7E7E7,0xFBE7E7E7,0xFBE7E7E7,0xFBE7E7E7,0xFBE7E7E7,0xFBE7E7E7,0xFBE7E7E7,
        0xFBE7E7E7,0xFEEBEBEB,0xFFF7F7F7,0xFFFFFFFF,0xDBD4D4D4,0x42303030,0x00000000,0x03030303,0x00000000,0x00000000,0x00000000,0x00000000,0x00000000,
        0x00000000,0x00000000,0x00000000,0x00000000,0x00000000,0x00000000,0x00000000,0x03030303,0x00000000,0x13020202,0x7A6C6C6C,0xD9CFCFCF,0xFFF8F8F8,
        0xFFFFFFFF,0xFFFFFFFF,0xFFFFFFFF,0xFFFFFFFF,0xFFFFFFFF,0xFFFFFFFF,0xFFFFFFFF,0xFFFFFFFF,0xFFFFFFFF,0xFFFFFFFF,0xFFFFFFFF,0xFFFFFFFF,0xFFFFFFFF,
        0xFFFFFFFF,0xFFFFFFFF,0xFFFFFFFF,0xFFFFFFFF,0xFFFFFFFF,0xFFFFFFFF,0xFFFFFFFF,0xFFFFFFFF,0xFFFFFFFF,0xFFFFFFFF,0xFFFFFFFF,0xFFFFFFFF,0xFFFFFFFF,
        0xFFFFFFFF,0xFFFCFCFC,0xDAD2D2D2,0x7B6E6E6E,0x14020202,0x00000000,0x03030303,0x00000000,0x00000000,0x00000000,0x00000000,0x00000000,0x00000000,
        0x00000000,0x00000000,0x00000000,0x00000000,0x00000000,0x00000000,0x00000000,0x00000000,0x02020202,0x01000000,0x00000000,0x10000000,0x42323232,
        0x71626262,0x90828282,0x94878787,0x94878787,0x95888888,0x95888888,0x95888888,0x95888888,0x95888888,0x95888888,0x95888888,0x95888888,0x95898989,
        0x95898989,0x95898989,0x95898989,0x95898989,0x95898989,0x95898989,0x95898989,0x958A8A8A,0x958A8A8A,0x958A8A8A,0x948A8A8A,0x94898989,0x91848484,
        0x71646464,0x42323232,0x11000000,0x00000000,0x01000000,0x02020202,0x00000000,0x00000000,0x00000000,0x00000000,0x00000000,0x00000000,0x00000000,
        0x00000000,0x00000000,0x00000000,0x00000000,0x00000000,0x00000000,0x00000000,0x00000000,0x00000000,0x00000000,0x03030303,0x01000000,0x00000000,
        0x00000000,0x00000000,0x00000000,0x00000000,0x01000000,0x02000000,0x02000000,0x02000000,0x02000000,0x02000000,0x02000000,0x02000000,0x02000000,
        0x02000000,0x02000000,0x02000000,0x02000000,0x02000000,0x02000000,0x02000000,0x02000000,0x02000000,0x01000000,0x00000000,0x00000000,0x00000000,
        0x00000000,0x00000000,0x01000000,0x03030303,0x00000000,0x00000000,0x00000000,0x00000000,0x00000000,0x00000000,0x00000000,0x00000000,0x00000000,
        0x00000000,0x00000000,0x00000000,0x00000000,0x00000000,0x00000000,0x00000000,0x00000000,0x00000000,0x00000000,0x00000000,0x00000000,0x01010101,
        0x02020202,0x03030303,0x03030303,0x03030303,0x03030303,0x03030303,0x03030303,0x03030303,0x03030303,0x03030303,0x03030303,0x03030303,0x03030303,
        0x03030303,0x03030303,0x03030303,0x03030303,0x03030303,0x03030303,0x03030303,0x03030303,0x03030303,0x03030303,0x03030303,0x03030303,0x03030303,
        0x02020202,0x01010101,0x00000000,0x00000000,0x00000000,0x00000000,0x00000000,0x00000000,0x00000000,0x00000000,0x00000000,0x00000000,0x00000000,
        0x00000000,0x00000000,0x00000000,0x00000000,0x00000000,0x00000000,0x00000000,0x00000000,0x00000000,0x00000000,0x00000000,0x00000000,0x00000000,
        0x00000000,0x00000000,0x00000000,0x00000000,0x00000000,0x00000000,0x00000000,0x00000000,0x00000000,0x00000000,0x00000000,0x00000000,0x00000000,
        0x00000000,0x00000000,0x00000000,0x00000000,0x00000000,0x00000000,0x00000000,0x00000000,0x00000000,0x00000000,0x00000000,0x00000000,0x00000000,
        0x00000000,0x00000000,0x00000000,0x00000000,0x00000000,0x00000000,0x00000000,0x00000000,0x00000000,0x00000000,0x00000000,0x00000000,0x00000000,
    },
    { /* CALENDAR */
        0x00000000,0x00000000,0x00000000,0x00000000,0x00000000,0x00000000,0x00000000,0x00000000,0x00000000,0x00000000,0x00000000,0x00000000,0x00000000,
        0x00000000,0x00000000,0x00000000,0x00000000,0x00000000,0x00000000,0x00000000,0x00000000,0x00000000,0x00000000,0x00000000,0x00000000,0x00000000,
        0x00000000,0x00000000,0x00000000,0x00000000,0x00000000,0x00000000,0x00000000,0x00000000,0x00000000,0x00000000,0x00000000,0x00000000,0x00000000,
        0x00000000,0x00000000,0x00000000,0x00000000,0x00000000,0x00000000,0x00000000,0x00000000,0x00000000,0x00000000,0x00000000,0x00000000,0x00000000,
        0x00000000,0x00000000,0x00000000,0x00000000,0x00000000,0x00000000,0x00000000,0x00000000,0x00000000,0x00000000,0x00000000,0x00000000,0x00000000,
        0x00000000,0x00000000,0x00000000,0x00000000,0x00000000,0x00000000,0x00000000,0x00000000,0x00000000,0x00000000,0x00000000,0x00000000,0x00000000,
        0x00000000,0x00000000,0x00000000,0x00000000,0x00000000,0x00000000,0x00000000,0x00000000,0x00000000,0x00000000,0x00000000,0x00000000,0x00000000,
        0x00000000,0x00000000,0x00000000,0x00000000,0x00000000,0x00000000,0x00000000,0x00000000,0x00000000,0x00000000,0x00000000,0x00000000,0x00000000,
        0x00000000,0x00000000,0x00000000,0x00000000,0x00000000,0x00000000,0x00000000,0x00000000,0x00000000,0x00000000,0x00000000,0x01010000,0x02020101,
        0x04040101,0x04040201,0x04040101,0x04040201,0x04040201,0x04040101,0x04040201,0x04040101,0x04040201,0x04040201,0x04040201,0x04040201,0x04040201,
        0x04040201,0x04040201,0x04040201,0x04040201,0x04040201,0x04040201,0x04040201,0x04040201,0x04040201,0x04040201,0x04040201,0x04040201,0x04040201,
        0x04040101,0x02020101,0x01010000,0x00000000,0x00000000,0x00000000,0x00000000,0x00000000,0x00000000,0x00000000,0x00000000,0x00000000,0x00000000,
        0x00000000,0x00000000,0x00000000,0x00000000,0x00000000,0x00000000,0x00000000,0x00000000,0x00000000,0x01010000,0x03030101,0x00000000,0x00000000,
        0x00000000,0x00000000,0x00000000,0x00000000,0x00000000,0x00000000,0x00000000,0x00000000,0x00000000,0x00000000,0x00000000,0x00000000,0x00000000,
        0x00000000,0x00000000,0x00000000,0x00000000,0x00000000,0x00000000,0x00000000,0x00000000,0x00000000,0x00000000,0x00000000,0x00000000,0x00000000,
        0x00000000,0x00000000,0x00000000,0x02020101,0x01010000,0x00000000,0x00000000,0x00000000,0x00000000,0x00000000,0x00000000,0x00000000,0x00000000,
        0x00000000,0x00000000,0x00000000,0x00000000,0x00000000,0x00000000,0x00000000,0x01000000,0x01010101,0x00000000,0x00000000,0x07000000,0x35321311,
        0x66622622,0x89853531,0x8D883530,0x8C883530,0x8B893430,0x8C89342F,0x8C89342F,0x8D89342F,0x8C89342F,0x8D8A332F,0x8D89332F,0x8C8A342F,0x8C8A342F,
        0x8C8A342F,0x8C89332F,0x8C89332F,0x8D8A332F,0x8C8A342F,0x8C89342F,0x8C893430,0x8C89342F,0x8C893530,0x8B893531,0x8C883530,0x8D893631,0x89843531,
        0x66622623,0x35321311,0x08000000,0x00000000,0x00000000,0x01010101,0x01000000,0x00000000,0x00000000,0x00000000,0x00000000,0x00000000,0x00000000,
        0x00000000,0x00000000,0x00000000,0x00000000,0x00000000,0x00000000,0x01000000,0x00000000,0x00000000,0x24020000,0x7E6C2824,0xD6D34E48,0xFFFF5F57,
        0xFFFF645B,0xFFFF655C,0xFFFF645C,0xFFFF645B,0xFFFF655C,0xFFFF655C,0xFFFF645C,0xFFFF655C,0xFFFF645B,0xFFFF645C,0xFFFF645C,0xFFFF645C,0xFFFF645B,
        0xFFFF645C,0xFFFF655C,0xFFFF645B,0xFFFF655C,0xFFFF645B,0xFFFF645C,0xFFFF645C,0xFFFF655C,0xFFFF645C,0xFFFF655C,0xFFFF655C,0xFFFF655C,0xFFFF645B,
        0xFFFF635A,0xFFFF5F57,0xD7D44E48,0x816D2825,0x28020101,0x00000000,0x00000000,0x01000000,0x00000000,0x00000000,0x00000000,0x00000000,0x00000000,
        0x00000000,0x00000000,0x00000000,0x00000000,0x00000000,0x01000000,0x00000000,0x0A000000,0x62301110,0xDFD44E47,0xFFFF645B,0xFFFF5F57,0xFEFC5C54,
        0xFBF95B54,0xFBF95C54,0xFBF85C54,0xFBF85B54,0xFBF85C54,0xFBF85B53,0xFBF85C54,0xFBF85B53,0xFBF85D55,0xFBF85D55,0xFBF85C54,0xFBF85F57,0xFBF85C54,
        0xFBF85B53,0xFBF85C54,0xFBF85E56,0xFBF85B53,0xFBF85D55,0xFBF85C55,0xFBF85A53,0xFBF85B53,0xFBF95B53,0xFBF85B53,0xFBF85B53,0xFBF85B53,0xFBF95B53,
        0xFBF85B53,0xFEFB5C54,0xFFFF5F57,0xFFFF635B,0xE0D44F48,0x66311210,0x0C000000,0x00000000,0x01000000,0x00000000,0x00000000,0x00000000,0x00000000,
        0x00000000,0x00000000,0x00000000,0x00000000,0x01000000,0x00000000,0x0A000000,0x7C471A18,0xFEFC5C54,0xFFFF6057,0xFBF75A52,0xFDF95B53,0xFFFC5B54,
        0xFFFC5C54,0xFFFC5C54,0xFFFC5C54,0xFFFB5B53,0xFFFB5C53,0xFFFB5B53,0xFFFC5B53,0xFFFB5D55,0xFFFB564D,0xFFFB5249,0xFFFB5A51,0xFFFA5148,0xFFFB5951,
        0xFFFB5C54,0xFFFB5A51,0xFFFB5148,0xFFFB5A51,0xFFFA534A,0xFFFB554C,0xFFFB5C54,0xFFFB5B53,0xFFFC5C54,0xFFFC5B53,0xFFFB5B53,0xFFFB5B53,0xFFFB5C54,
        0xFFFC5B53,0xFFFB5B53,0xFDFA5B53,0xFBF65951,0xFFFF6057,0xFDFD5C55,0x81481A18,0x0D000000,0x00000000,0x01000000,0x00000000,0x00000000,0x00000000,
        0x00000000,0x00000000,0x00000000,0x00000000,0x01010101,0x00000000,0x642F110F,0xFEFA5C53,0xFFFF5D54,0xFCF55950,0xFFF95C53,0xFFF95B52,0xFFFA5A52,
        0xFFFA5B52,0xFFFA5B52,0xFFFA5B52,0xFFFA5B52,0xFFFA5B53,0xFFFA5B52,0xFFFA5C54,0xFFFA544A,0xFFF58F88,0xFFF4A09B,0xFFF7675E,0xFFF4B2AE,0xFFF86E68,
        0xFFFB534A,0xFFF86B64,0xFFF3B2B0,0xFFF76961,0xFFF49C98,0xFFF4938D,0xFFF9554B,0xFFF95D54,0xFFF95A51,0xFFFA5A52,0xFFFA5A52,0xFFF95A51,0xFFF95C53,
        0xFFFA5B52,0xFFFA5951,0xFFFB5A52,0xFFFB5B53,0xFCF75951,0xFFFF5B53,0xFDFB5B53,0x69311210,0x01000000,0x00000000,0x00000000,0x00000000,0x00000000,
        0x00000000,0x00000000,0x00000000,0x01010000,0x00000000,0x29020101,0xDFD04C44,0xFFFF5E55,0xFCF45850,0xFFF85A51,0xFFF85A51,0xFFF85A51,0xFFF85A51,
        0xFFF85A51,0xFFF85A51,0xFFF85A51,0xFFF85A51,0xFFF85A51,0xFFF85A51,0xFFF85D54,0xFFF74C42,0xFFF6BEBB,0xFFF5E3E2,0xFFF6716A,0xFFF5FFFF,0xFFF5807A,
        0xFFF94B41,0xFFF67A73,0xFFF5FFFF,0xFFF6756E,0xFFF5DBD9,0xFFF4C8C5,0xFFF84D44,0xFFF85D54,0xFFF75950,0xFFF85B52,0xFFF95951,0xFFF85951,0xFFF75A51,
        0xFFF85A51,0xFFF95951,0xFFF95951,0xFFF85A51,0xFFF95951,0xFCF55850,0xFFFF5D54,0xE1D24C44,0x2D030101,0x00000000,0x01010000,0x00000000,0x00000000,
        0x00000000,0x00000000,0x00000000,0x02020101,0x00000000,0x816A2622,0xFFFF5F56,0xFBF1574E,0xFFF65950,0xFFF75950,0xFFF75950,0xFFF6584F,0xFFF6584F,
        0xFFF7584F,0xFFF65950,0xFFF6584F,0xFFF6584F,0xFFF6584F,0xFFF65950,0xFFF65C53,0xFFF64C44,0xFFF5B6B3,0xFFF5D7D6,0xFFF46E68,0xFFF5F9F9,0xFFF47D76,
        0xFFF74A41,0xFFF5766F,0xFFF5FAFA,0xFFF4726A,0xFFF5D0CE,0xFFF3BEBB,0xFFF64D43,0xFFF65B52,0xFFF65950,0xFFF65950,0xFFF65950,0xFFF65950,0xFFF75950,
        0xFFF6584F,0xFFF75950,0xFFF75950,0xFFF6584F,0xFFF6584F,0xFFF75950,0xFBF1574E,0xFFFF5F56,0x866B2723,0x00000000,0x01010101,0x00000000,0x00000000,
        0x00000000,0x00000000,0x01010000,0x00000000,0x0E000000,0xD7CC4941,0xFFFD5A51,0xFDF2574E,0xFFF4574E,0xFFF4574E,0xFFF4564E,0xFFF4574E,0xFFF4574E,
        0xFFF4574E,0xFFF4574E,0xFFF3574E,0xFFF4574E,0xFFF4574E,0xFFF4544A,0xFFF4554C,0xFFF44D44,0xFFF5B8B4,0xFFF4D9D7,0xFFF26D66,0xFFF5FAFB,0xFFF37D76,
        0xFFF44B41,0xFFF3766E,0xFFF5FCFC,0xFFF3716A,0xFFF4D2D1,0xFFF2C1BD,0xFFF34D43,0xFFF35C53,0xFFF4584F,0xFFF4574E,0xFFF5584F,0xFFF4574E,0xFFF4574E,
        0xFFF3574D,0xFFF4574E,0xFFF4574E,0xFFF4584E,0xFFF4574E,0xFFF4574E,0xFDF2564D,0xFFFD5A51,0xD9CE4A42,0x11000000,0x00000000,0x01010000,0x00000000,
        0x00000000,0x00000000,0x02020101,0x00000000,0x3C2F110F,0xFFF5584E,0xFEF0564C,0xFFF0564C,0xFFF1564D,0xFFF1564C,0xFFF1554C,0xFFF1574D,0xFFF2554C,
        0xFFF1564C,0xFFF1564C,0xFFF2554C,0xFFF2554C,0xFFF1554B,0xFFF1665E,0xFFF06761,0xFFF13D33,0xFFF3B1AF,0xFFF5DAD9,0xFFF06C65,0xFFF5FEFE,0xFFF07770,
        0xFFF13B31,0xFFF1706A,0xFFF5FFFE,0xFFF07169,0xFFF4D1D0,0xFFF2BAB7,0xFFF03D32,0xFFF14C42,0xFFF15248,0xFFF1574D,0xFFF1574D,0xFFF2554C,0xFFF1554C,
        0xFFF1564C,0xFFF2554C,0xFFF1564C,0xFFF2564D,0xFFF2554C,0xFFF2554C,0xFFF2554C,0xFEF1554C,0xFFF5584E,0x3E311210,0x00000000,0x02020101,0x00000000,
        0x00000000,0x00000000,0x03030101,0x00000000,0x6B5D231F,0xFFFF5B52,0xFBEB534A,0xFFEF554B,0xFFEF554B,0xFFEF554B,0xFFEF564B,0xFFEF544A,0xFFEF544A,
        0xFFEF554B,0xFFEF554B,0xFFEF544A,0xFFF0574D,0xFFEF493F,0xFFF09C98,0xFFF4FAFA,0xFFEE837D,0xFFF3E4E4,0xFFF3CBC9,0xFFED5048,0xFFF4F0EE,0xFFF3D1CE,
        0xFFEE766F,0xFFF2CBC9,0xFFF5F4F3,0xFFED574D,0xFFF5D9D8,0xFFF1D8D7,0xFFEE807A,0xFFEF908B,0xFFEF6B63,0xFFEF5147,0xFFEF564B,0xFFF0544B,0xFFEF554B,
        0xFFF0554B,0xFFF0554B,0xFFEF554B,0xFFEF544A,0xFFEF544A,0xFFF0554B,0xFFF0554B,0xFBEB5349,0xFFFF5B50,0x6D5F2320,0x00000000,0x03030101,0x00000000,
        0x00000000,0x00000000,0x03030101,0x00000000,0x8D7D2F2B,0xFFFF5A51,0xFBEA524A,0xFFED534A,0xFFED534A,0xFFED544B,0xFFED544B,0xFFEE544B,0xFFED534A,
        0xFFED534A,0xFFEE544B,0xFFEE544B,0xFFED544B,0xFFEE5349,0xFFEE5951,0xFFF2BBB8,0xFFF4EBEB,0xFFF2D1CE,0xFFED6D65,0xFFEE4940,0xFFED756E,0xFFF3D3D1,
        0xFFF4E7E5,0xFFF3D7D5,0xFFEE7B74,0xFFED4940,0xFFF0B3B0,0xFFF2DAD9,0xFFF2D5D5,0xFFF2E1E0,0xFFEE8681,0xFFED4B41,0xFFED564D,0xFFED554B,0xFFEE544B,
        0xFFED544B,0xFFEE544B,0xFFEE544B,0xFFEE544B,0xFFED544A,0xFFEE544B,0xFFEE544B,0xFBEA534A,0xFFFE5A50,0x8E7D2F2B,0x00000000,0x03030101,0x00000000,
        0x00000000,0x00000000,0x03030101,0x00000000,0x917F2E2B,0xFFFD5850,0xFBE9524A,0xFFEC524B,0xFFED534B,0xFFEC524B,0xFFEC534B,0xFFEC524A,0xFFED534B,
        0xFFED534B,0xFFEC534B,0xFFEC534B,0xFFEC524A,0xFFEC534B,0xFFED5148,0xFFEC4941,0xFFEB524B,0xFFEB4D44,0xFFEC4E45,0xFFEC544C,0xFFEC4D44,0xFFEB4A41,
        0xFFEB534C,0xFFEB4A42,0xFFED4B44,0xFFED544C,0xFFEB4F47,0xFFEB4C45,0xFFEC4C45,0xFFEB4B44,0xFFEB4F48,0xFFEC534B,0xFFEC534B,0xFFEC534B,0xFFEC534B,
        0xFFEC534B,0xFFED534B,0xFFEC534B,0xFFED534B,0xFFEC534B,0xFFEC534B,0xFFEC524B,0xFBE85149,0xFFFD5850,0x92812E2A,0x00000000,0x03030101,0x00000000,
        0x00000000,0x00000000,0x03030101,0x00000000,0x91802E2B,0xFFFE5951,0xFBE8524A,0xFFEC544C,0xFFEC534B,0xFFEC534B,0xFFED534B,0xFFEC534B,0xFFEC534B,
        0xFFEC534B,0xFFEC534B,0xFFEB534B,0xFFEC534B,0xFFEC534B,0xFFED544C,0xFFEC554D,0xFFEC524A,0xFFEC544D,0xFFEC544C,0xFFEC534B,0xFFEC554D,0xFFEC554D,
        0xFFEC534A,0xFFEC544C,0xFFED554D,0xFFEC534B,0xFFEC544C,0xFFEC544C,0xFFED544C,0xFFED544C,0xFFEC534C,0xFFEC534B,0xFFEC534B,0xFFEC534B,0xFFED534C,
        0xFFEC534B,0xFFEC534B,0xFFEC534B,0xFFEC534B,0xFFEC544C,0xFFEC534B,0xFFEC534B,0xFBE85149,0xFFFE5951,0x91802E2A,0x00000000,0x03030101,0x00000000,
        0x00000000,0x00000000,0x03030101,0x00000000,0x927F2A26,0xFFFB5149,0xFBE74B42,0xFFEA4C44,0xFFEA4C44,0xFFEA4D44,0xFFEA4C43,0xFFEA4C44,0xFFEA4C44,
        0xFFEA4C44,0xFFEA4C43,0xFFE94B43,0xFFEA4D44,0xFFEA4C44,0xFFEA4C43,0xFFEA4C44,0xFFEA4D45,0xFFEA4C44,0xFFEB4C44,0xFFEB4C44,0xFFEA4C44,0xFFEA4D44,
        0xFFEA4D45,0xFFEA4B43,0xFFEA4C43,0xFFE94C43,0xFFEA4C44,0xFFEA4C43,0xFFEB4C44,0xFFEA4C44,0xFFEA4C43,0xFFEA4C44,0xFFEA4C44,0xFFE94C43,0xFFEA4C44,
        0xFFEA4C44,0xFFEA4C44,0xFFEB4C44,0xFFEA4C44,0xFFEA4B43,0xFFEB4C44,0xFFEB4C44,0xFBE64A42,0xFFFB5148,0x917F2A26,0x00000000,0x03030101,0x00000000,
        0x00000000,0x00000000,0x03030303,0x00000000,0x92857371,0xFFFFE1DE,0xFBF2CECB,0xFFF6D1CE,0xFFF6D2CF,0xFFF6D2CF,0xFFF6D2CF,0xFFF6D2CF,0xFFF7D3CF,
        0xFFF7D2CF,0xFFF7D2CF,0xFFF7D2CF,0xFFF6D3CF,0xFFF7D2CF,0xFFF6D2CF,0xFFF6D2CF,0xFFF6D2CF,0xFFF7D2CF,0xFFF7D3CF,0xFFF6D2CF,0xFFF6D2CF,0xFFF6D2CF,
        0xFFF6D2CF,0xFFF6D2CF,0xFFF6D2CF,0xFFF6D2CF,0xFFF7D2CF,0xFFF6D2CE,0xFFF6D2CF,0xFFF7D2CF,0xFFF6D2CF,0xFFF7D2CF,0xFFF7D2CF,0xFFF6D2CE,0xFFF6D2CF,
        0xFFF7D2CF,0xFFF7D2CF,0xFFF7D2CF,0xFFF6D2CF,0xFFF6D2CF,0xFFF6D2CF,0xFFF7D2CF,0xFBF2CFCC,0xFFFFE1DD,0x92857371,0x00000000,0x03030303,0x00000000,
        0x00000000,0x00000000,0x03030303,0x00000000,0x918A8D8D,0xFFFFFFFF,0xFBF8FBFB,0xFFFCFFFF,0xFFFCFFFF,0xFFFCFFFF,0xFFFCFFFF,0xFFFCFFFF,0xFFFDFFFF,
        0xFFFDFFFF,0xFFFDFFFF,0xFFFDFFFF,0xFFFEFFFF,0xFFFDFFFF,0xFFFDFFFF,0xFFFDFFFF,0xFFFDFFFF,0xFFFDFFFF,0xFFFDFFFF,0xFFFDFFFF,0xFFFDFFFF,0xFFFDFFFF,
        0xFFFDFFFF,0xFFFDFFFF,0xFFFDFFFF,0xFFFDFFFF,0xFFFDFFFF,0xFFFDFFFF,0xFFFDFFFF,0xFFFDFFFF,0xFFFDFFFF,0xFFFDFFFF,0xFFFDFFFF,0xFFFDFFFF,0xFFFDFFFF,
        0xFFFDFFFF,0xFFFDFFFF,0xFFFDFFFF,0xFFFDFFFF,0xFFFDFFFF,0xFFFDFFFF,0xFFFDFFFF,0xFBF9FBFB,0xFFFFFFFF,0x928A8E8D,0x00000000,0x03030303,0x00000000,
        0x00000000,0x00000000,0x03030303,0x00000000,0x91898887,0xFFFFFFFF,0xFBF7F5F3,0xFFFBF9F7,0xFFFBF9F7,0xFFFBF9F7,0xFFFBF9F7,0xFFFBF9F7,0xFFFBF9F7,
        0xFFFBF9F7,0xFFFCFAF8,0xFFFBFAF8,0xFFFBFAF9,0xFFFCFAF9,0xFFFBFAF9,0xFFF9F7F6,0xFFF7F6F5,0xFFFAF8F7,0xFFFCFAF9,0xFFFBFAF9,0xFFFCFAF9,0xFFFBF9F8,
        0xFFF8F6F5,0xFFF8F6F5,0xFFF8F6F5,0xFFF8F6F5,0xFFF8F6F5,0xFFF8F6F5,0xFFF8F6F5,0xFFF8F6F5,0xFFF8F6F5,0xFFF8F6F5,0xFFF8F6F5,0xFFF8F6F5,0xFFF9F7F6,
        0xFFFCFAF9,0xFFFBFAF8,0xFFFCFAF9,0xFFFBFAF9,0xFFFBF9F8,0xFFFBFAF9,0xFFFBFAF9,0xFBF7F6F5,0xFFFFFFFF,0x91898888,0x00000000,0x03030303,0x00000000,
        0x00000000,0x00000000,0x03030303,0x00000000,0x91888887,0xFFFFFFFF,0xFBF7F6F4,0xFFFBFAF8,0xFFFBFAF8,0xFFFBFAF8,0xFFFBFAF8,0xFFFBFAF8,0xFFFBFAF8,
        0xFFFBFAF8,0xFFFBFAF8,0xFFFBFBF9,0xFFFBFBFB,0xFFF9F9F9,0xFFFAFAFA,0xFFFFFFFF,0xFFFFFFFF,0xFFFFFFFF,0xFFFAFAFA,0xFFFCFBFB,0xFFFBFBFB,0xFFFCFCFD,
        0xFFFFFFFF,0xFFFFFFFF,0xFFFFFFFF,0xFFFFFFFF,0xFFFFFFFF,0xFFFFFFFF,0xFFFFFFFF,0xFFFFFFFF,0xFFFFFFFF,0xFFFFFFFF,0xFFFFFFFF,0xFFFFFFFF,0xFFFFFFFF,
        0xFFFAFAFA,0xFFFBFBFB,0xFFFBFBFB,0xFFFBFBFB,0xFFFBFBFB,0xFFFBFBFB,0xFFFBFBFB,0xFBF7F7F7,0xFFFFFFFF,0x91898989,0x00000000,0x03030303,0x00000000,
        0x00000000,0x00000000,0x03030303,0x00000000,0x91888887,0xFFFFFFFF,0xFBF6F5F3,0xFFFBFAF8,0xFFFBFAF8,0xFFFBFAF8,0xFFFBFAF8,0xFFFBFAF8,0xFFFBFAF8,
        0xFFFBFAF8,0xFFFBFAF8,0xFFFBFAF8,0xFFF7F7F4,0xFFFFFFFE,0xFFFFFFFF,0xFFB2B2B2,0xFF848484,0xFFC7C7C6,0xFFFFFFFF,0xFFFAF9F7,0xFFFEFDFD,0xFFF1F1F1,
        0xFF959595,0xFF8F8F8F,0xFF919191,0xFF909090,0xFF909090,0xFF909090,0xFF909090,0xFF909090,0xFF909090,0xFF909090,0xFF919191,0xFF8B8B8B,0xFFAEAEAE,
        0xFFFFFFFF,0xFFFAFAFA,0xFFFBFBFB,0xFFFBFBFB,0xFFFBFBFB,0xFFFBFBFB,0xFFFBFBFB,0xFBF7F7F7,0xFFFFFFFF,0x91898989,0x00000000,0x03030303,0x00000000,
        0x00000000,0x00000000,0x03030303,0x00000000,0x91888886,0xFFFFFFFF,0xFBF5F5F3,0xFFF9F9F7,0xFFFAFAF8,0xFFFAFAF8,0xFFFAFAF8,0xFFFAFAF8,0xFFFAFAF8,
        0xFFFBFAF8,0xFFF9F9F7,0xFFF7F7F5,0xFFFFFFFF,0xFFEAEAE8,0xFF696969,0xFF181819,0xFF0D0D0D,0xFF8C8C8B,0xFFFFFFFF,0xFFF6F6F4,0xFFFFFFFE,0xFFE7E7E5,
        0xFF282827,0xFF1A1A1A,0xFF1E1E1E,0xFF1D1D1D,0xFF1D1D1D,0xFF1D1D1D,0xFF1D1D1D,0xFF1D1D1D,0xFF1D1D1D,0xFF1C1C1C,0xFF232323,0xFF121212,0xFF545454,
        0xFFFFFFFF,0xFFF9F9F9,0xFFFBFBFB,0xFFFBFBFB,0xFFFBFBFB,0xFFFBFBFB,0xFFFBFBFB,0xFBF7F7F7,0xFFFFFFFF,0x91898989,0x00000000,0x03030303,0x00000000,
        0x00000000,0x00000000,0x03030303,0x00000000,0x91878886,0xFFFFFFFF,0xFBF5F5F3,0xFFF9F9F7,0xFFF9F9F7,0xFFF9F9F7,0xFFF9F9F7,0xFFFAFAF8,0xFFFAFBF9,
        0xFFF9F9F7,0xFFFEFEFC,0xFFFFFFFF,0xFFB7B7B5,0xFF2F2F2E,0xFF1F1F1F,0xFF636363,0xFF202020,0xFF959594,0xFFFFFFFF,0xFFF8F8F6,0xFFFBFCFA,0xFFF8F8F6,
        0xFFDEDEDC,0xFFDCDCDB,0xFFDDDDDB,0xFFDDDDDB,0xFFDDDDDB,0xFFDDDDDB,0xFFDDDDDB,0xFFDDDDDC,0xFFDADADA,0xFFE7E7E8,0xFFAAAAAA,0xFF181818,0xFF858586,
        0xFFFFFFFF,0xFFF8F8F8,0xFFFBFBFB,0xFFFBFBFB,0xFFFBFBFB,0xFFFBFBFB,0xFFFBFBFB,0xFBF7F7F7,0xFFFFFFFF,0x91898989,0x00000000,0x03030303,0x00000000,
        0x00000000,0x00000000,0x03030303,0x00000000,0x91888785,0xFFFFFFFF,0xFBF5F4F2,0xFFF9F8F6,0xFFF9F8F6,0xFFF9F8F6,0xFFF9F8F6,0xFFF9F8F6,0xFFF9F8F6,
        0xFFFCFBF9,0xFFEDEDEB,0xFF777776,0xFF101010,0xFF3F4040,0xFFD5D4D3,0xFFCACAC9,0xFF111112,0xFF959594,0xFFFFFFFF,0xFFF8F7F5,0xFFFBFAF8,0xFFFCFBF9,
        0xFFFFFFFF,0xFFFFFFFF,0xFFFFFFFF,0xFFFFFFFF,0xFFFFFFFF,0xFFFFFFFF,0xFFFFFFFF,0xFFFFFFFF,0xFFFFFFFF,0xFFFFFFFF,0xFF606060,0xFF252525,0xFFE2E2E1,
        0xFFFFFFFF,0xFFF9F9F8,0xFFFBFBFA,0xFFFBFBFA,0xFFFBFBFA,0xFFFBFBFA,0xFFFBFBFA,0xFBF7F7F6,0xFFFFFFFF,0x91898988,0x00000000,0x03030303,0x00000000,
        0x00000000,0x00000000,0x03030303,0x00000000,0x91888786,0xFFFFFFFF,0xFBF5F4F2,0xFFF9F8F6,0xFFF9F8F6,0xFFF9F8F6,0xFFF9F8F6,0xFFF9F8F6,0xFFF5F4F2,
        0xFFFFFFFF,0xFF787877,0xFF0A0A0A,0xFF868685,0xFFF3F3F2,0xFFFFFFFF,0xFFBDBDBC,0xFF121313,0xFF959594,0xFFFFFFFF,0xFFF7F6F4,0xFFFBFAF8,0xFFFBFAF8,
        0xFFFAF9F7,0xFFF9F8F6,0xFFF9F8F6,0xFFF9F8F6,0xFFFAF9F7,0xFFF9F8F6,0xFFFAF9F7,0xFFF7F5F3,0xFFFFFFFF,0xFFBEBEBD,0xFF111111,0xFF838382,0xFFFFFFFF,
        0xFFF8F8F5,0xFFFBFBF9,0xFFFBFBF9,0xFFFBFBF9,0xFFFBFBF9,0xFFFBFBF9,0xFFFBFBF9,0xFBF7F7F5,0xFFFFFFFF,0x92898987,0x00000000,0x03030303,0x00000000,
        0x00000000,0x00000000,0x03030303,0x00000000,0x91878785,0xFFFFFFFF,0xFBF4F3F1,0xFFF9F8F6,0xFFF9F8F6,0xFFF9F8F6,0xFFF9F8F6,0xFFF9F8F6,0xFFF7F6F4,
        0xFFFFFFFF,0xFF959594,0xFFB6B6B5,0xFFFFFFFF,0xFFF9F9F7,0xFFFFFFFF,0xFFC0C0BF,0xFF131313,0xFF959594,0xFFFFFFFF,0xFFF7F6F4,0xFFF9F9F7,0xFFFAF9F7,
        0xFFFAFAF8,0xFFFAFAF8,0xFFFBFAF8,0xFFFBFAF8,0xFFFBFAF8,0xFFFBFAF8,0xFFFBFAF8,0xFFFAF9F7,0xFFFFFFFE,0xFF565656,0xFF272727,0xFFE2E2E1,0xFFFFFFFE,
        0xFFF9F9F7,0xFFFBFBFA,0xFFFBFBF9,0xFFFBFBF9,0xFFFBFBF9,0xFFFBFBF9,0xFFFBFBF9,0xFBF7F7F5,0xFFFFFFFF,0x92898988,0x00000000,0x03030303,0x00000000,
        0x00000000,0x00000000,0x03030303,0x00000000,0x91878785,0xFFFFFFFF,0xFBF3F3F1,0xFFF8F7F5,0xFFF8F8F6,0xFFF8F8F6,0xFFF8F8F6,0xFFF8F8F6,0xFFF8F8F6,
        0xFFF7F7F5,0xFFFBFBF9,0xFFFFFFFF,0xFFF5F5F4,0xFFF5F5F3,0xFFFFFFFF,0xFFBFBFBF,0xFF131313,0xFF959594,0xFFFFFFFF,0xFFF5F5F3,0xFFF9F9F7,0xFFF9FAF7,
        0xFFF9F9F7,0xFFF9F9F7,0xFFFAFAF8,0xFFFAFAF8,0xFFFAFAF8,0xFFFAFAF8,0xFFF7F7F5,0xFFFFFFFF,0xFFBCBDBB,0xFF121212,0xFF848484,0xFFFFFFFF,0xFFF7F7F5,
        0xFFFAFAF9,0xFFFAFAFA,0xFFFBFBF9,0xFFFBFBF9,0xFFFBFBF9,0xFFFBFBF9,0xFFFBFBF9,0xFBF7F7F5,0xFFFFFFFF,0x91898987,0x00000000,0x03030303,0x00000000,
        0x00000000,0x00000000,0x03030303,0x00000000,0x91878785,0xFFFFFFFF,0xFBF4F3F1,0xFFF8F7F5,0xFFF8F7F5,0xFFF7F6F4,0xFFF8F7F5,0xFFF9F8F6,0xFFF8F7F5,
        0xFFF8F8F6,0xFFF8F7F5,0xFFF5F5F3,0xFFF8F7F5,0xFFF5F5F3,0xFFFFFFFF,0xFFBFBEBD,0xFF131314,0xFF959594,0xFFFFFFFF,0xFFF6F5F3,0xFFFAF9F7,0xFFF9F9F7,
        0xFFF9F9F6,0xFFF9F8F7,0xFFF8F8F6,0xFFFAF9F7,0xFFF9F9F7,0xFFF9F9F7,0xFFF9F9F7,0xFFFFFFFD,0xFF535352,0xFF272727,0xFFE2E2E0,0xFFFFFFFE,0xFFF8F8F6,
        0xFFFAFAF8,0xFFFAFAF8,0xFFFAFAF8,0xFFFAFAF8,0xFFFAFAF8,0xFFFBFBF9,0xFFFBFBF9,0xFBF7F6F5,0xFFFFFFFF,0x91898987,0x00000000,0x03030303,0x00000000,
        0x00000000,0x00000000,0x03030303,0x00000000,0x91878684,0xFFFFFFFF,0xFBF3F2F0,0xFFF7F6F4,0xFFF7F6F4,0xFFF7F6F4,0xFFF7F6F4,0xFFF7F6F4,0xFFF7F7F5,
        0xFFF8F7F5,0xFFF8F7F5,0xFFF8F7F5,0xFFF8F7F5,0xFFF5F4F2,0xFFFFFFFF,0xFFBEBEBD,0xFF131313,0xFF949494,0xFFFFFFFF,0xFFF6F5F3,0xFFF9F8F6,0xFFF9F8F6,
        0xFFF9F8F6,0xFFF9F8F6,0xFFF9F8F6,0xFFF9F8F6,0xFFF9F8F6,0xFFF6F5F3,0xFFFFFFFF,0xFFBAB9B7,0xFF111111,0xFF858585,0xFFFFFFFF,0xFFF7F6F4,0xFFFAF9F7,
        0xFFFAF9F7,0xFFFAF9F7,0xFFFAF9F7,0xFFF9F9F9,0xFFF9F9F8,0xFFFAFAF8,0xFFFAFAF8,0xFBF7F6F4,0xFFFFFFFF,0x91888887,0x00000000,0x03030303,0x00000000,
        0x00000000,0x00000000,0x03030303,0x00000000,0x91868584,0xFFFFFFFF,0xFBF3F2F0,0xFFF7F6F4,0xFFF7F6F4,0xFFF7F6F4,0xFFF7F6F4,0xFFF7F6F4,0xFFF7F6F4,
        0xFFF7F6F4,0xFFF8F7F5,0xFFF8F7F5,0xFFF8F7F5,0xFFF6F5F3,0xFFFFFFFF,0xFFBEBEBD,0xFF131313,0xFF949493,0xFFFFFFFF,0xFFF5F4F2,0xFFF9F8F6,0xFFF9F8F6,
        0xFFF9F8F6,0xFFF9F8F6,0xFFF9F8F6,0xFFF9F8F6,0xFFF9F8F6,0xFFF9F7F5,0xFFFCFCFA,0xFF505050,0xFF292929,0xFFE3E2E1,0xFFFFFFFD,0xFFF9F8F6,0xFFFAF9F7,
        0xFFFAF9F7,0xFFFAF9F7,0xFFFBF9F8,0xFFFAF9F8,0xFFFAF9F7,0xFFFAF9F8,0xFFFAFAF9,0xFBF6F6F4,0xFFFFFFFF,0x91888887,0x00000000,0x03030303,0x00000000,
        0x00000000,0x00000000,0x03030303,0x00000000,0x91868683,0xFFFFFFFF,0xFBF2F1EF,0xFFF7F6F4,0xFFF7F6F4,0xFFF7F6F4,0xFFF7F6F4,0xFFF7F6F4,0xFFF7F6F4,
        0xFFF6F6F4,0xFFF7F6F4,0xFFF7F6F4,0xFFF8F7F5,0xFFF5F4F2,0xFFFFFFFF,0xFFBEBEBD,0xFF131313,0xFF949493,0xFFFFFFFF,0xFFF4F4F2,0xFFF8F7F5,0xFFF9F8F6,
        0xFFF9F8F6,0xFFF9F8F6,0xFFF8F8F6,0xFFF8F8F6,0xFFF5F5F3,0xFFFFFFFF,0xFFB5B5B4,0xFF101011,0xFF868684,0xFFFFFFFF,0xFFF6F5F3,0xFFFAF9F7,0xFFFAF9F7,
        0xFFF9F9F7,0xFFF9F9F7,0xFFFAF9F7,0xFFFAF9F7,0xFFF9F9F7,0xFFF9F9F8,0xFFF9F9F8,0xFBF5F5F3,0xFFFFFFFF,0x91888886,0x00000000,0x03030303,0x00000000,
        0x00000000,0x00000000,0x03030303,0x00000000,0x91868684,0xFFFFFFFF,0xFBF2F1EF,0xFFF6F5F3,0xFFF6F5F3,0xFFF6F5F3,0xFFF6F5F3,0xFFF7F6F4,0xFFF7F6F4,
        0xFFF6F6F4,0xFFF6F6F4,0xFFF7F6F4,0xFFF7F6F4,0xFFF4F3F1,0xFFFFFFFF,0xFFBEBEBD,0xFF131313,0xFF949493,0xFFFFFFFF,0xFFF4F4F2,0xFFF7F7F5,0xFFF7F7F5,
        0xFFF8F7F5,0xFFF8F8F6,0xFFF8F8F6,0xFFF8F8F6,0xFFF8F8F6,0xFFFAFBF8,0xFF4D4D4D,0xFF2A2A2A,0xFFE3E3E0,0xFFFEFEFC,0xFFF7F7F5,0xFFF9F8F6,0xFFF9F9F7,
        0xFFF9F9F7,0xFFF9F9F7,0xFFF9F9F7,0xFFF9F9F7,0xFFF9F9F7,0xFFF9F9F7,0xFFF9F9F7,0xFBF5F5F3,0xFFFFFFFF,0x91888886,0x00000000,0x03030303,0x00000000,
        0x00000000,0x00000000,0x03030303,0x00000000,0x91858583,0xFFFFFFFF,0xFBF1F0EE,0xFFF5F4F2,0xFFF5F4F2,0xFFF5F4F2,0xFFF5F4F2,0xFFF6F5F3,0xFFF6F5F3,
        0xFFF6F5F3,0xFFF6F5F3,0xFFF6F5F3,0xFFF6F5F3,0xFFF4F3F1,0xFFFFFFFF,0xFFBDBDBC,0xFF131314,0xFF949393,0xFFFFFFFF,0xFFF4F3F1,0xFFF7F6F4,0xFFF7F6F4,
        0xFFF7F6F4,0xFFF7F6F4,0xFFF8F7F5,0xFFF5F4F2,0xFFFFFFFF,0xFFB2B2AF,0xFF101010,0xFF868685,0xFFFFFFFF,0xFFF5F4F2,0xFFF9F7F5,0xFFF8F7F5,0xFFF8F8F6,
        0xFFF9F8F6,0xFFF9F8F6,0xFFF9F8F6,0xFFF9F8F6,0xFFF9F8F6,0xFFF9F8F6,0xFFF9F8F6,0xFBF5F4F2,0xFFFFFFFF,0x91878785,0x00000000,0x03030303,0x00000000,
        0x00000000,0x00000000,0x03030303,0x00000000,0x91868483,0xFFFFFFFF,0xFBF1F0ED,0xFFF5F4F1,0xFFF5F4F2,0xFFF5F4F2,0xFFF5F4F2,0xFFF5F4F2,0xFFF5F4F2,
        0xFFF6F5F3,0xFFF6F5F3,0xFFF6F5F3,0xFFF6F5F3,0xFFF4F3F1,0xFFFFFFFF,0xFFBDBDBC,0xFF131313,0xFF939392,0xFFFFFFFF,0xFFF4F3F1,0xFFF7F6F4,0xFFF7F6F4,
        0xFFF7F6F4,0xFFF7F6F4,0xFFF6F5F3,0xFFF7F6F4,0xFFF8F7F5,0xFF4A4A4A,0xFF2B2B2A,0xFFE2E2E0,0xFFFEFDFB,0xFFF7F6F4,0xFFF8F7F5,0xFFF8F7F5,0xFFF8F7F5,
        0xFFF8F7F5,0xFFF9F8F6,0xFFF9F8F6,0xFFF9F8F6,0xFFF9F8F6,0xFFF9F8F6,0xFFF9F8F6,0xFBF5F4F2,0xFFFFFFFF,0x91878785,0x00000000,0x03030303,0x00000000,
        0x00000000,0x00000000,0x03030303,0x00000000,0x91848482,0xFFFFFFFF,0xFBF0EFEC,0xFFF5F4EF,0xFFF5F4F1,0xFFF5F4F2,0xFFF5F4F2,0xFFF5F4F2,0xFFF5F4F2,
        0xFFF5F4F2,0xFFF5F4F2,0xFFF6F5F3,0xFFF6F5F3,0xFFF3F2F1,0xFFFFFFFE,0xFFBDBCBC,0xFF131313,0xFF939292,0xFFFFFFFF,0xFFF3F2F0,0xFFF7F6F4,0xFFF7F6F4,
        0xFFF7F6F4,0xFFF7F6F4,0xFFF3F2F0,0xFFFFFFFF,0xFFADADAD,0xFF101010,0xFF888786,0xFFFFFFFF,0xFFF5F4F2,0xFFF8F7F5,0xFFF8F7F5,0xFFF8F7F5,0xFFF8F7F5,
        0xFFF8F7F5,0xFFF8F7F5,0xFFF8F7F5,0xFFF9F8F6,0xFFF9F8F6,0xFFF9F8F6,0xFFF9F8F6,0xFBF5F4F2,0xFFFFFFFF,0x91878785,0x00000000,0x03030303,0x00000000,
        0x00000000,0x00000000,0x03030303,0x00000000,0x91848482,0xFFFFFFFF,0xFBEFEEEA,0xFFF3F2EF,0xFFF3F2EF,0xFFF4F3EF,0xFFF4F3F0,0xFFF4F3F0,0xFFF4F3F0,
        0xFFF4F3F0,0xFFF4F3F0,0xFFF4F3F1,0xFFF4F3F0,0xFFF3F2EE,0xFFFFFFFC,0xFFBCBCBA,0xFF131314,0xFF939292,0xFFFFFFFF,0xFFF2F1EF,0xFFF5F4F2,0xFFF6F5F3,
        0xFFF6F5F3,0xFFF6F5F3,0xFFF6F5F3,0xFFF6F5F3,0xFF474747,0xFF2C2B2B,0xFFE2E1DE,0xFFFCFBF9,0xFFF5F4F2,0xFFF7F6F4,0xFFF7F6F4,0xFFF7F6F4,0xFFF7F6F4,
        0xFFF7F6F4,0xFFF7F6F4,0xFFF7F6F4,0xFFF7F6F4,0xFFF8F7F5,0xFFF8F7F5,0xFFF8F7F5,0xFBF4F3F1,0xFFFFFFFF,0x91888785,0x00000000,0x03030303,0x00000000,
        0x00000000,0x00000000,0x03030303,0x00000000,0x8E81817F,0xFFFFFFFE,0xFBEFEEEA,0xFFF3F2EF,0xFFF3F2EE,0xFFF3F2EE,0xFFF3F2EE,0xFFF4F3EF,0xFFF4F3EF,
        0xFFF4F3EE,0xFFF4F3F0,0xFFF4F3F1,0xFFF4F3EF,0xFFF1F0EC,0xFFFFFFFB,0xFFBCBCB9,0xFF131314,0xFF939292,0xFFFFFFFF,0xFFF2F1EF,0xFFF5F4F2,0xFFF5F4F2,
        0xFFF5F4F2,0xFFF3F2EF,0xFFFFFFFF,0xFFAAA9A8,0xFF101010,0xFF888786,0xFFFFFFFF,0xFFF3F2F0,0xFFF6F5F3,0xFFF7F6F4,0xFFF7F6F4,0xFFF7F6F4,0xFFF7F6F4,
        0xFFF7F6F4,0xFFF7F6F4,0xFFF7F6F4,0xFFF7F6F4,0xFFF7F6F4,0xFFF7F6F4,0xFFF7F6F4,0xFBF4F3F1,0xFFFFFFFF,0x8E858482,0x00000000,0x03030303,0x00000000,
        0x00000000,0x00000000,0x03030303,0x00000000,0x6E60615F,0xFFFFFFFC,0xFBEEEDE9,0xFFF2F1EC,0xFFF2F1ED,0xFFF2F1ED,0xFFF2F1ED,0xFFF2F1ED,0xFFF3F2EE,
        0xFFF3F2EE,0xFFF3F2EF,0xFFF3F2EF,0xFFF3F2EE,0xFFF1F0EC,0xFFFFFEFA,0xFFBBBBB7,0xFF141414,0xFF929291,0xFFFFFFFF,0xFFF1F0ED,0xFFF4F3F1,0xFFF4F3F1,
        0xFFF3F2EF,0xFFF6F4F1,0xFFF4F3F1,0xFF454545,0xFF2C2D2C,0xFFE1E0DE,0xFFFBF9F8,0xFFF4F3F1,0xFFF5F4F2,0xFFF5F4F2,0xFFF5F4F2,0xFFF6F5F3,0xFFF6F5F3,
        0xFFF6F5F3,0xFFF6F5F3,0xFFF6F5F3,0xFFF6F5F3,0xFFF6F5F3,0xFFF6F5F4,0xFFF6F5F3,0xFBF3F2F0,0xFFFFFFFF,0x6F646563,0x00000000,0x03030303,0x00000000,
        0x00000000,0x00000000,0x02020202,0x00000000,0x41313130,0xFFF5F4F0,0xFEF0EFEB,0xFFF1F0EC,0xFFF1F0EC,0xFFF1F0EC,0xFFF2F1ED,0xFFF2F1ED,0xFFF2F1ED,
        0xFFF3F2EE,0xFFF3F2EE,0xFFF3F2EE,0xFFF3F2EE,0xFFF1F0EC,0xFFFFFEF9,0xFFBABBB7,0xFF121212,0xFF91908F,0xFFFFFFFD,0xFFF1F0EC,0xFFF4F3F0,0xFFF4F3F0,
        0xFFF1F0EB,0xFFFFFFFE,0xFFA4A3A2,0xFF0D0D0E,0xFF888886,0xFFFFFFFF,0xFFF2F0EE,0xFFF5F4F2,0xFFF5F4F2,0xFFF5F4F2,0xFFF5F4F2,0xFFF5F4F2,0xFFF5F4F2,
        0xFFF6F5F3,0xFFF6F5F3,0xFFF6F5F2,0xFFF6F5F2,0xFFF6F5F3,0xFFF6F5F3,0xFFF6F5F2,0xFEF5F4F1,0xFFFCFBF8,0x42343434,0x00000000,0x02020202,0x00000000,
        0x00000000,0x00000000,0x00000000,0x00000000,0x12010101,0xD9CAC9C6,0xFFF8F7F3,0xFDEEEDE9,0xFFF0EFEB,0xFFF1F0EC,0xFFF1F0EC,0xFFF1F0EC,0xFFF1F0EC,
        0xFFF1F0EC,0xFFF1F0EC,0xFFF2F1ED,0xFFF3F2EE,0xFFF0EFEB,0xFFFEFCF8,0xFFBCBCB8,0xFF1A1A1A,0xFF949391,0xFFFFFFFB,0xFFF0EFEB,0xFFF3F2EE,0xFFF3F2EE,
        0xFFF5F4F0,0xFFEDECE8,0xFF474746,0xFF353535,0xFFE0DFDC,0xFFF9F8F4,0xFFF3F2EE,0xFFF4F3EF,0xFFF5F4F0,0xFFF5F4F0,0xFFF5F4F0,0xFFF4F3EF,0xFFF4F3EF,
        0xFFF4F3F0,0xFFF5F4F2,0xFFF6F5F1,0xFFF6F5F1,0xFFF6F5F1,0xFFF5F4F0,0xFDF4F3EF,0xFFFEFDF9,0xDAD1D0CC,0x13010101,0x00000000,0x00000000,0x00000000,
        0x00000000,0x00000000,0x00000000,0x02020202,0x00000000,0x7C6A6967,0xFFFFFFFC,0xFAEAE9E5,0xFFF0EFEB,0xFFF0EFEB,0xFFF0EFEB,0xFFF0EFEB,0xFFF0EFEB,
        0xFFF0EFEB,0xFFF1F0EC,0xFFF1F0EC,0xFFF1F0EC,0xFFF1F0EC,0xFFF3F2EE,0xFFEBEAE6,0xFFD7D7D4,0xFFE6E5E3,0xFFF4F3F0,0xFFF2F1ED,0xFFF2F1ED,0xFFF3F2EE,
        0xFFF5F4F0,0xFFEDECE8,0xFFD7D6D2,0xFFE3E2DF,0xFFF6F5F1,0xFFF2F1ED,0xFFF3F2EE,0xFFF4F3EF,0xFFF4F3EF,0xFFF4F3EF,0xFFF4F3EF,0xFFF4F3EF,0xFFF4F3EF,
        0xFFF4F3EF,0xFFF4F3EF,0xFFF4F3EF,0xFFF5F4F1,0xFFF5F4F2,0xFFF5F4F2,0xFAF0EFED,0xFFFFFFFF,0x7C6E6D6C,0x00000000,0x02020202,0x00000000,0x00000000,
        0x00000000,0x00000000,0x00000000,0x00000000,0x05000000,0x1E030303,0xD8CACAC6,0xFFF8F7F3,0xFBEBEAE6,0xFFEFEEEA,0xFFEFEEEA,0xFFEFEEEA,0xFFF0EFEB,
        0xFFF0EFEB,0xFFF0EFEB,0xFFF0EFEB,0xFFF1F0EC,0xFFF1F0EC,0xFFF0EFEB,0xFFF3F2EE,0xFFF8F7F3,0xFFF4F3F0,0xFFF1F0EC,0xFFF2F1ED,0xFFF2F1ED,0xFFF2F1ED,
        0xFFF1F0EC,0xFFF4F3EF,0xFFFAF9F5,0xFFF7F6F2,0xFFF2F1ED,0xFFF3F2EE,0xFFF3F2ED,0xFFF3F2EE,0xFFF3F2EE,0xFFF4F3EF,0xFFF4F3EF,0xFFF4F3EF,0xFFF4F3EF,
        0xFFF4F3EF,0xFFF4F3EF,0xFFF3F2EE,0xFFF4F3EF,0xFFF4F3F0,0xFBF1F0EC,0xFFFFFEFB,0xD9D1D0CE,0x1D040404,0x06000000,0x00000000,0x00000000,0x00000000,
        0x00000000,0x00000000,0x00000000,0x00000000,0x01010101,0x0C000000,0x48302F2F,0xFDF0EFEB,0xFFF1F0EC,0xFBEAE9E5,0xFFEEEDE9,0xFFEEEDE9,0xFFEFEEEA,
        0xFFEFEEEA,0xFFEFEEEA,0xFFEFEEEA,0xFFF0EFEB,0xFFF0EFEB,0xFFF0EFEB,0xFFF0EFEB,0xFFEFEEEA,0xFFF0EFEB,0xFFF1F0EC,0xFFF1F0EC,0xFFF1F0EC,0xFFF1F0EC,
        0xFFF1F0EC,0xFFF1F0EC,0xFFF0EFEB,0xFFF1F0EC,0xFFF2F1ED,0xFFF2F1EE,0xFFF2F1EE,0xFFF2F1EE,0xFFF2F1ED,0xFFF2F1ED,0xFFF3F2EF,0xFFF3F2EE,0xFFF3F2EE,
        0xFFF3F2EE,0xFFF3F2EE,0xFFF3F2EE,0xFFF3F2EE,0xFBEFEEEA,0xFFF7F6F2,0xFEF6F5F1,0x46323231,0x0C000000,0x01010101,0x00000000,0x00000000,0x00000000,
        0x00000000,0x00000000,0x00000000,0x00000000,0x00000000,0x06040404,0x11000000,0x5B454544,0xFDEFEEEA,0xFFF7F6F2,0xFAE9E8E4,0xFDECEBE7,0xFFEEEDE9,
        0xFFEEEDE9,0xFFEEEDE9,0xFFEFEEEA,0xFFEFEEEA,0xFFEFEEEA,0xFFEFEEEA,0xFFEFEEEA,0xFFEFEEEA,0xFFF0EFEB,0xFFF1F0EC,0xFFF1F0EC,0xFFF1F0EC,0xFFF1F0EC,
        0xFFF1F0EC,0xFFF1F0EC,0xFFF1F0EC,0xFFF1F0EC,0xFFF1F0EC,0xFFF2F1EE,0xFFF2F1EF,0xFFF2F1EE,0xFFF2F1ED,0xFFF2F1ED,0xFFF2F1EF,0xFFF2F1EE,0xFFF3F2EE,
        0xFFF3F2EE,0xFFF2F1ED,0xFDF1F0EC,0xFAEEEDEA,0xFFFDFCF8,0xFEF6F5F1,0x5A484847,0x11000000,0x07040404,0x00000000,0x00000000,0x00000000,0x00000000,
        0x00000000,0x00000000,0x00000000,0x00000000,0x00000000,0x00000000,0x0A040404,0x14000000,0x4A30302F,0xD8CAC9C5,0xFFFFFEF9,0xFFF5F4EF,0xFEECEBE7,
        0xFCEAE9E5,0xFBE9E8E4,0xFBEAE9E5,0xFBEAE9E5,0xFBEAE9E5,0xFBEBEAE6,0xFBEAE9E6,0xFBEBEAE6,0xFBEBEBE7,0xFBECEBE7,0xFBECEBE7,0xFBECEBE7,0xFBECEBE7,
        0xFBECECE8,0xFBEDECE8,0xFBEDECE8,0xFBEDECE8,0xFBECECE8,0xFBEDECE8,0xFBEDECE8,0xFBEEEDE9,0xFBEDECE9,0xFBEEEDE9,0xFBEDECEA,0xFBEDECE9,0xFBEDECE8,
        0xFCEEEDE9,0xFEF1F0EC,0xFFFBFAF5,0xFFFFFFFF,0xD8CFCFCB,0x48323231,0x14000000,0x0B040404,0x00000000,0x00000000,0x00000000,0x00000000,0x00000000,
        0x00000000,0x00000000,0x00000000,0x00000000,0x00000000,0x00000000,0x00000000,0x08040404,0x14000000,0x26030303,0x80696967,0xD9C8C7C4,0xFFF2F1ED,
        0xFFFCFBF7,0xFFFDFCF8,0xFFFEFDF9,0xFFFEFDF9,0xFFFEFDF9,0xFFFFFDF9,0xFFFFFDF9,0xFFFFFEFA,0xFFFFFEFA,0xFFFFFEFA,0xFFFFFFFB,0xFFFFFFFB,0xFFFFFFFA,
        0xFFFFFFFB,0xFFFFFFFC,0xFFFFFFFC,0xFFFFFFFC,0xFFFFFFFC,0xFFFFFFFC,0xFFFFFFFC,0xFFFFFFFC,0xFFFFFFFC,0xFFFFFFFD,0xFFFFFFFD,0xFFFFFFFD,0xFFFFFFFD,
        0xFFFFFFFC,0xFFF6F6F1,0xDACDCCC9,0x816D6C6B,0x26040404,0x14000000,0x09040404,0x00000000,0x00000000,0x00000000,0x00000000,0x00000000,0x00000000,
        0x00000000,0x00000000,0x00000000,0x00000000,0x00000000,0x00000000,0x00000000,0x00000000,0x02020202,0x0E000000,0x0F000000,0x24010101,0x50323231,
        0x7960605E,0x967E7D7C,0x9982807E,0x9982807E,0x9982807F,0x9982807F,0x9982807E,0x9982807F,0x9982817F,0x9983817F,0x9983817F,0x9983817F,0x99838180,
        0x99838180,0x9983817F,0x99838180,0x99848280,0x99848280,0x99838280,0x99838280,0x99838280,0x99848280,0x99848281,0x99848281,0x99848381,0x9782817F,
        0x7A636361,0x50333332,0x24010101,0x10000000,0x0F000000,0x03030303,0x00000000,0x00000000,0x00000000,0x00000000,0x00000000,0x00000000,0x00000000,
        0x00000000,0x00000000,0x00000000,0x00000000,0x00000000,0x00000000,0x00000000,0x00000000,0x00000000,0x00000000,0x03030303,0x06000000,0x04000000,
        0x02000000,0x03000000,0x05000000,0x06000000,0x06000000,0x06000000,0x06000000,0x06000000,0x06000000,0x06000000,0x06000000,0x06000000,0x06000000,
        0x06000000,0x06000000,0x06000000,0x06000000,0x06000000,0x06000000,0x06000000,0x06000000,0x06000000,0x06000000,0x06000000,0x05000000,0x04000000,
        0x03000000,0x04000000,0x06000000,0x03030303,0x00000000,0x00000000,0x00000000,0x00000000,0x00000000,0x00000000,0x00000000,0x00000000,0x00000000,
        0x00000000,0x00000000,0x00000000,0x00000000,0x00000000,0x00000000,0x00000000,0x00000000,0x00000000,0x00000000,0x00000000,0x00000000,0x00000000,
        0x01010101,0x02020202,0x02020202,0x02020202,0x02020202,0x02020202,0x02020202,0x02020202,0x02020202,0x02020202,0x02020202,0x02020202,0x02020202,
        0x02020202,0x02020202,0x02020202,0x02020202,0x02020202,0x02020202,0x02020202,0x02020202,0x02020202,0x02020202,0x02020202,0x02020202,0x02020202,
        0x01010101,0x00000000,0x00000000,0x00000000,0x00000000,0x00000000,0x00000000,0x00000000,0x00000000,0x00000000,0x00000000,0x00000000,0x00000000,
        0x00000000,0x00000000,0x00000000,0x00000000,0x00000000,0x00000000,0x00000000,0x00000000,0x00000000,0x00000000,0x00000000,0x00000000,0x00000000,
        0x00000000,0x00000000,0x00000000,0x00000000,0x00000000,0x00000000,0x00000000,0x00000000,0x00000000,0x00000000,0x00000000,0x00000000,0x00000000,
        0x00000000,0x00000000,0x00000000,0x00000000,0x00000000,0x00000000,0x00000000,0x00000000,0x00000000,0x00000000,0x00000000,0x00000000,0x00000000,
        0x00000000,0x00000000,0x00000000,0x00000000,0x00000000,0x00000000,0x00000000,0x00000000,0x00000000,0x00000000,0x00000000,0x00000000,0x00000000,
    },
    { /* NOTES */
        0x00000000,0x00000000,0x00000000,0x00000000,0x00000000,0x00000000,0x00000000,0x00000000,0x00000000,0x00000000,0x00000000,0x00000000,0x00000000,
        0x00000000,0x00000000,0x00000000,0x00000000,0x00000000,0x00000000,0x00000000,0x00000000,0x00000000,0x00000000,0x00000000,0x00000000,0x00000000,
        0x00000000,0x00000000,0x00000000,0x00000000,0x00000000,0x00000000,0x00000000,0x00000000,0x00000000,0x00000000,0x00000000,0x00000000,0x00000000,
        0x00000000,0x00000000,0x00000000,0x00000000,0x00000000,0x00000000,0x00000000,0x00000000,0x00000000,0x00000000,0x00000000,0x00000000,0x00000000,
        0x00000000,0x00000000,0x00000000,0x00000000,0x00000000,0x00000000,0x00000000,0x00000000,0x00000000,0x00000000,0x00000000,0x00000000,0x00000000,
        0x00000000,0x00000000,0x00000000,0x00000000,0x00000000,0x00000000,0x00000000,0x00000000,0x00000000,0x00000000,0x00000000,0x00000000,0x00000000,
        0x00000000,0x00000000,0x00000000,0x00000000,0x00000000,0x00000000,0x00000000,0x00000000,0x00000000,0x00000000,0x00000000,0x00000000,0x00000000,
        0x00000000,0x00000000,0x00000000,0x00000000,0x00000000,0x00000000,0x00000000,0x00000000,0x00000000,0x00000000,0x00000000,0x00000000,0x00000000,
        0x00000000,0x00000000,0x00000000,0x00000000,0x00000000,0x00000000,0x00000000,0x00000000,0x00000000,0x00000000,0x00000000,0x00000000,0x00000000,
        0x00000000,0x00000000,0x00000000,0x00000000,0x00000000,0x00000000,0x00000000,0x00000000,0x00000000,0x00000000,0x00000000,0x00000000,0x00000000,
        0x00000000,0x00000000,0x00000000,0x00000000,0x00000000,0x00000000,0x00000000,0x00000000,0x00000000,0x00000000,0x00000000,0x00000000,0x00000000,
        0x00000000,0x00000000,0x00000000,0x00000000,0x00000000,0x00000000,0x00000000,0x00000000,0x00000000,0x00000000,0x00000000,0x00000000,0x00000000,
        0x00000000,0x00000000,0x00000000,0x00000000,0x00000000,0x00000000,0x00000000,0x00000000,0x00000000,0x00000000,0x00000000,0x00000000,0x00000000,
        0x00000000,0x00000000,0x00000000,0x00000000,0x00000000,0x00000000,0x00000000,0x00000000,0x00000000,0x00000000,0x00000000,0x00000000,0x00000000,
        0x00000000,0x00000000,0x00000000,0x00000000,0x00000000,0x00000000,0x00000000,0x00000000,0x00000000,0x00000000,0x00000000,0x00000000,0x00000000,
        0x00000000,0x00000000,0x00000000,0x00000000,0x00000000,0x00000000,0x00000000,0x00000000,0x00000000,0x00000000,0x00000000,0x00000000,0x00000000,
        0x00000000,0x00000000,0x00000000,0x00000000,0x00000000,0x00000000,0x00000000,0x03020202,0x00000000,0x00000000,0x100E0F10,0x645F6151,0xABA6A578,
        0xE0DBD58E,0xFFFBF396,0xFEFAEE86,0xFFFAEB7C,0xFFFAEB77,0xFFFDEC74,0xFFFEED70,0xFFFEED6F,0xFFFEED6D,0xFFFEEC6B,0xFFFEEC69,0xFFFEEB67,0xFFFFEA64,
        0xFFFEE963,0xFFFEE960,0xFFFEE85B,0xFFFEE858,0xFFFEE756,0xFFFEE653,0xFFFEE551,0xFFFDE44D,0xFFFBE14C,0xFFFAE14F,0xFEFAE455,0xFFFBE866,0xE0DACB5D,
        0xABA69B4E,0x645F5C35,0x100E0F10,0x00000000,0x00000000,0x03020202,0x00000000,0x00000000,0x00000000,0x00000000,0x00000000,0x00000000,0x00000000,
        0x00000000,0x00000000,0x00000000,0x00000000,0x00000000,0x00000000,0x03030303,0x00000000,0x00000000,0x7570715B,0xE6E1D883,0xFFFFF16C,0xFFFFEB53,
        0xFFFFE03F,0xFFFDD935,0xFFFDD935,0xFFFFD834,0xFFFED834,0xFFFED734,0xFFFED734,0xFFFED833,0xFFFED733,0xFFFED733,0xFFFED733,0xFFFED734,0xFFFED735,
        0xFFFDD835,0xFFFED835,0xFFFED735,0xFFFED734,0xFFFED734,0xFFFDD735,0xFFFED735,0xFFFED735,0xFFFED834,0xFFFED835,0xFFFED834,0xFFFED832,0xFFFFDE36,
        0xFFFFE63C,0xFFFFE746,0xE6E1CC4F,0x76706B3A,0x00000000,0x00000000,0x03030302,0x00000000,0x00000000,0x00000000,0x00000000,0x00000000,0x00000000,
        0x00000000,0x00000000,0x00000000,0x00000000,0x00000000,0x03030303,0x00000000,0x18151718,0xCAC4C085,0xFFFFF96D,0xFFFFDD34,0xFCFCD129,0xFCFCD12E,
        0xFEFDD42F,0xFFFED631,0xFFFED534,0xFFFED632,0xFFFED631,0xFFFED633,0xFFFED633,0xFFFED631,0xFFFED633,0xFFFED633,0xFFFED631,0xFFFED633,0xFFFED633,
        0xFFFED631,0xFFFED632,0xFFFED633,0xFFFED631,0xFFFED632,0xFFFED633,0xFFFED631,0xFFFED631,0xFFFED634,0xFFFED631,0xFFFED631,0xFFFED634,0xFEFDD532,
        0xFCFCD32F,0xFCFCD22F,0xFFFFDB2E,0xFFFFEE41,0xCBC5B54E,0x18161716,0x00000000,0x03030302,0x00000000,0x00000000,0x00000000,0x00000000,0x00000000,
        0x00000000,0x00000000,0x00000000,0x00000000,0x03020202,0x00000000,0x18161718,0xE3DCD88D,0xFFFFED4D,0xF9F9CD24,0xFDFCD32E,0xFFFED530,0xFFFED530,
        0xFFFED530,0xFFFED52F,0xFFFED530,0xFFFED52F,0xFFFED52F,0xFFFED52F,0xFFFED52F,0xFFFED52F,0xFFFED52F,0xFFFED52F,0xFFFED52F,0xFFFED52F,0xFFFED52F,
        0xFFFED52F,0xFFFED52F,0xFFFED52F,0xFFFED52F,0xFFFED52F,0xFFFED52F,0xFFFED52F,0xFFFED52F,0xFFFED52F,0xFFFED52F,0xFFFED52F,0xFFFED530,0xFFFED52F,
        0xFFFED52F,0xFFFED52F,0xFEFCD330,0xF9F9CF2B,0xFFFFE533,0xE4DDCA51,0x18171716,0x00000000,0x03020202,0x00000000,0x00000000,0x00000000,0x00000000,
        0x00000000,0x00000000,0x00000000,0x00000000,0x00000000,0x00000000,0xCAC4C085,0xFFFFED4C,0xF9F8CD25,0xFFFED631,0xFFFED52F,0xFFFED52F,0xFFFED52F,
        0xFFFED52F,0xFFFED52F,0xFFFED52F,0xFFFED52F,0xFFFED52F,0xFFFED52F,0xFFFED52F,0xFFFED52F,0xFFFED52F,0xFFFED52F,0xFFFED52F,0xFFFED52F,0xFFFED52F,
        0xFFFED52F,0xFFFED52F,0xFFFED52F,0xFFFED52F,0xFFFED52F,0xFFFED52F,0xFFFED52F,0xFFFED52F,0xFFFED52F,0xFFFED52F,0xFFFED52F,0xFFFED52F,0xFFFED52F,
        0xFFFED52F,0xFFFED52F,0xFFFED52F,0xFFFED630,0xF9F8CE2C,0xFFFFE531,0xCCC5B54E,0x00000000,0x00000000,0x00000000,0x00000000,0x00000000,0x00000000,
        0x00000000,0x00000000,0x00000000,0x00000000,0x00000000,0x7570725A,0xFFFFF86A,0xF9F8CD23,0xFFFED631,0xFFFED52F,0xFFFED52F,0xFFFED52F,0xFFFED52F,
        0xFFFED52F,0xFFFED52F,0xFFFED52F,0xFFFED52F,0xFFFED52F,0xFFFED52F,0xFFFED52F,0xFFFED52F,0xFFFED52F,0xFFFED52F,0xFFFED52F,0xFFFED52F,0xFFFED52F,
        0xFFFED52F,0xFFFED52F,0xFFFED52F,0xFFFED52F,0xFFFED52F,0xFFFED52F,0xFFFED52F,0xFFFED52F,0xFFFED52F,0xFFFED52F,0xFFFED52F,0xFFFED52F,0xFFFED52F,
        0xFFFED52F,0xFFFED52F,0xFFFED52F,0xFFFED52F,0xFFFED630,0xF9F8CF2B,0xFFFFED3D,0x77726B3A,0x00000000,0x00000000,0x00000000,0x00000000,0x00000000,
        0x00000000,0x00000000,0x00000000,0x00000000,0x100E0F10,0xE6E0D784,0xFFFFDC31,0xFEFCD32E,0xFFFED52F,0xFFFED52F,0xFFFED52F,0xFFFED52F,0xFFFED52F,
        0xFFFED52F,0xFFFED52F,0xFFFED52F,0xFFFED52F,0xFFFED52F,0xFFFED52F,0xFFFED52F,0xFFFED52F,0xFFFED52F,0xFFFED52F,0xFFFED52F,0xFFFED52F,0xFFFED52F,
        0xFFFED52F,0xFFFED52F,0xFFFED52F,0xFFFED52F,0xFFFED52F,0xFFFED52F,0xFFFED52F,0xFFFED52F,0xFFFED52F,0xFFFED52F,0xFFFED52F,0xFFFED52F,0xFFFED52F,
        0xFFFED52F,0xFFFED52F,0xFFFED52F,0xFFFED52F,0xFFFED52F,0xFEFCD430,0xFFFFDA2B,0xE7E1CB48,0x110E1011,0x00000000,0x00000000,0x00000000,0x00000000,
        0x00000000,0x00000000,0x00000000,0x00000000,0x64606152,0xFFFFF16D,0xFCFBD126,0xFFFFD631,0xFFFFD630,0xFFFFD630,0xFFFFD630,0xFFFFD630,0xFFFFD630,
        0xFFFFD630,0xFFFFD630,0xFFFFD630,0xFFFFD630,0xFFFFD630,0xFFFFD630,0xFFFFD630,0xFFFFD630,0xFFFFD630,0xFFFFD630,0xFFFFD630,0xFFFFD630,0xFFFFD630,
        0xFFFFD630,0xFFFFD630,0xFFFFD630,0xFFFFD630,0xFFFFD630,0xFFFFD630,0xFFFFD630,0xFFFFD630,0xFFFFD630,0xFFFFD630,0xFFFFD630,0xFFFFD630,0xFFFFD630,
        0xFFFFD630,0xFFFFD630,0xFFFFD630,0xFFFFD630,0xFFFFD630,0xFFFFD630,0xFCFCD22D,0xFFFFE63F,0x65605C36,0x00000000,0x00000000,0x00000000,0x00000000,
        0x00000000,0x00000000,0x00000000,0x00000000,0xACA6A67B,0xFFFFEC57,0xFCFBD32D,0xFFFED833,0xFFFED732,0xFFFFD732,0xFFFED832,0xFFFED732,0xFFFFD732,
        0xFFFED732,0xFFFED832,0xFFFFD732,0xFFFED732,0xFFFDD832,0xFFFFD732,0xFFFFD732,0xFFFDD832,0xFFFFD732,0xFFFFD732,0xFFFDD832,0xFFFED732,0xFFFFD732,
        0xFFFED832,0xFFFED732,0xFFFFD732,0xFFFED832,0xFFFED732,0xFFFFD732,0xFFFED832,0xFFFED732,0xFFFFD732,0xFFFED732,0xFFFED732,0xFFFFD732,0xFFFED732,
        0xFFFED832,0xFFFFD732,0xFFFED732,0xFFFDD832,0xFFFFD732,0xFFFFD732,0xFCFBD531,0xFFFFE539,0xADA79D4B,0x00000000,0x00000000,0x00000000,0x00000000,
        0x00000000,0x00000000,0x00000000,0x00000000,0xE1DCD794,0xFFFFE447,0xFEFCD834,0xFFFEDA36,0xFFFEDA36,0xFFFFD935,0xFFFEDA35,0xFFFEDA36,0xFFFFD935,
        0xFFFEDA35,0xFFFEDA35,0xFFFFD935,0xFFFED935,0xFFFEDA35,0xFFFFD935,0xFFFED935,0xFFFEDA35,0xFFFFDA36,0xFFFED935,0xFFFEDA35,0xFFFFDA36,0xFFFFD935,
        0xFFFEDA35,0xFFFFDA36,0xFFFFD935,0xFFFEDA35,0xFFFFDA36,0xFFFFD935,0xFFFEDA35,0xFFFEDA36,0xFFFFD935,0xFFFEDA35,0xFFFEDA35,0xFFFFD935,0xFFFED935,
        0xFFFEDA35,0xFFFFD935,0xFFFED935,0xFFFEDA35,0xFFFFD936,0xFFFED935,0xFEFDD936,0xFFFFE034,0xE2DCCD5B,0x00000000,0x00000000,0x00000000,0x00000000,
        0x00000000,0x00000000,0x00000000,0x00000000,0xFFFCF5A4,0xFFFDE046,0xFFFEDE40,0xFFFEDD3F,0xFFFEDD3F,0xFFFFDE40,0xFFFDDD3E,0xFFFEDE3F,0xFFFEDE40,
        0xFFFDDC3E,0xFFFEDE3F,0xFFFEDE3F,0xFFFDDC3E,0xFFFEDE40,0xFFFEDE3F,0xFFFDDD3E,0xFFFFDE40,0xFFFDDD3E,0xFFFEDD3E,0xFFFFDE40,0xFFFDDD3E,0xFFFEDE3F,
        0xFFFEDE3F,0xFFFDDD3F,0xFFFEDE3F,0xFFFEDD3F,0xFFFDDD3F,0xFFFEDE3F,0xFFFDDD3F,0xFFFEDE3F,0xFFFEDE3F,0xFFFDDD3E,0xFFFEDE40,0xFFFEDE3F,0xFFFDDD3E,
        0xFFFEDE40,0xFFFEDE3F,0xFFFDDD3E,0xFFFFDE40,0xFFFDDD3F,0xFFFDDD3F,0xFFFEDE40,0xFFFDDD3A,0xFFFBE96A,0x00000000,0x00000000,0x00000000,0x00000000,
        0x00000000,0x00000000,0x00000000,0x00000000,0xFEF4F1D9,0xFFFCF1B7,0xFFF7E7A7,0xFFF9EAA6,0xFFFAECA7,0xFFF6E8A3,0xFFFAECA7,0xFFF9EBA6,0xFFF7E8A3,
        0xFFFBEDA8,0xFFF8E9A5,0xFFF8E9A5,0xFFFBEDA8,0xFFF6E8A3,0xFFF9EBA6,0xFFFAECA7,0xFFF6E8A3,0xFFFAECA7,0xFFF9EBA6,0xFFF6E8A4,0xFFFBEDA8,0xFFF8E9A5,
        0xFFF8E9A5,0xFFFBEDA8,0xFFF7E8A3,0xFFF9EBA6,0xFFFAECA7,0xFFF6E8A3,0xFFFAECA7,0xFFF9EBA6,0xFFF7E8A4,0xFFFBEDA8,0xFFF8E9A5,0xFFF8E9A5,0xFFFBEDA8,
        0xFFF7E8A4,0xFFF9EBA6,0xFFFAECA7,0xFFF6E8A3,0xFFFAECA7,0xFFF9EBA6,0xFFF6E8A4,0xFFFCEDAA,0xFEF2E8B5,0x00000000,0x00000000,0x00000000,0x00000000,
        0x00000000,0x00000000,0x00000000,0x00000000,0xFFF2F2F0,0xFFFEFCEC,0xFFD8D3C0,0xFFEEE9D7,0xFFFAF5E3,0xFFD4CFBD,0xFFF9F5E3,0xFFEDEAD7,0xFFD7D3C0,
        0xFFFFFCE9,0xFFE0DCC9,0xFFE1DCCA,0xFFFFFCEA,0xFFD7D3C0,0xFFEDE9D7,0xFFF9F5E3,0xFFD4CFBD,0xFFF9F5E3,0xFFEDE9D7,0xFFD7D3BF,0xFFFFFCE9,0xFFE0DDCA,
        0xFFE0DDC9,0xFFFFFCE9,0xFFD7D3C1,0xFFEEEAD6,0xFFF9F5E2,0xFFD3D0BD,0xFFF9F5E3,0xFFEDE9D7,0xFFD7D2C0,0xFFFFFCE9,0xFFE0DDC9,0xFFE0DCCA,0xFFFFFCEA,
        0xFFD7D3C0,0xFFEDE9D7,0xFFF9F5E2,0xFFD4CFBC,0xFFF9F5E3,0xFFEDE9D6,0xFFD7D3C0,0xFFFEFAE7,0xFFF0EFE0,0x00000000,0x00000000,0x00000000,0x00000000,
        0x00000000,0x00000000,0x00000000,0x00000000,0xFFF4F3F1,0xFFFCFBF8,0xFFF7F7F3,0xFFFAF8F5,0xFFFBF8F6,0xFFF8F7F4,0xFFFAF9F6,0xFFF9F8F5,0xFFF7F7F4,
        0xFFFAF9F6,0xFFF8F7F5,0xFFF8F8F4,0xFFFAF9F6,0xFFF7F7F4,0xFFF9F8F5,0xFFFAF9F6,0xFFF9F7F4,0xFFFAF9F6,0xFFF9F8F5,0xFFF9F6F5,0xFFFAF9F6,0xFFF8F8F4,
        0xFFF8F7F5,0xFFFAF9F6,0xFFF8F7F4,0xFFFAF7F6,0xFFFAF8F6,0xFFF7F7F4,0xFFF9F9F6,0xFFF9F8F5,0xFFF7F7F4,0xFFFAF9F7,0xFFF8F7F5,0xFFF8F7F4,0xFFFAF9F6,
        0xFFF7F7F4,0xFFF9F8F5,0xFFFAF8F6,0xFFF9F6F4,0xFFF9F9F6,0xFFF9F8F5,0xFFF7F7F4,0xFFFBFBF7,0xFFF2F1F0,0x00000000,0x00000000,0x00000000,0x00000000,
        0x00000000,0x00000000,0x00000000,0x00000000,0xFFF5F5F5,0xFFFAFAFA,0xFFF9F9F9,0xFFF9F9F9,0xFFF9F9F9,0xFFFAFAFA,0xFFF9F9F9,0xFFF9F9F9,0xFFFAFAF9,
        0xFFF9F9F9,0xFFF9F9FA,0xFFF9F9F9,0xFFF9F9F9,0xFFF9FAF9,0xFFF9F9F9,0xFFF9F9F9,0xFFFAFAF9,0xFFF9F9F9,0xFFF9F9F9,0xFFFAF9FA,0xFFF9F9F9,0xFFFAFAFA,
        0xFFF9F9FA,0xFFF9F9F9,0xFFFAFAFA,0xFFF9F9FA,0xFFF9F9F9,0xFFFAFAFA,0xFFF9F9F9,0xFFF9F9F9,0xFFFAFAFA,0xFFF9F9F9,0xFFF9F9FA,0xFFFAFAF9,0xFFF9F9F9,
        0xFFF9F9F9,0xFFF9F9F9,0xFFF9F9F9,0xFFFAF9FA,0xFFF9F9F9,0xFFF9F9F9,0xFFF9F9F9,0xFFFBFBFA,0xFFF3F3F3,0x00000000,0x00000000,0x00000000,0x00000000,
        0x00000000,0x00000000,0x00000000,0x00000000,0xFFF6F6F6,0xFFFAFAFA,0xFFF9F9F9,0xFFF9F9F9,0xFFF9F9F9,0xFFF9F9F9,0xFFF9F9F9,0xFFF9F9F9,0xFFF9F9F9,
        0xFFF9F9F9,0xFFF9F9F9,0xFFF9F9F9,0xFFF9F9F9,0xFFF9F9F9,0xFFF9F9F9,0xFFF9F9F9,0xFFF9F9F9,0xFFF9F9F9,0xFFF9F9F9,0xFFF9F9F9,0xFFF9F9F9,0xFFF9F9F9,
        0xFFF9F9F9,0xFFF9F9F9,0xFFF9F9F9,0xFFF9F9F9,0xFFF9F9F9,0xFFF9F9F9,0xFFF9F9F9,0xFFF9F9F9,0xFFF9F9F9,0xFFF9F9F9,0xFFF9F9F9,0xFFF9F9F9,0xFFF9F9F9,
        0xFFF9F9F9,0xFFF9F9F9,0xFFF9F9F9,0xFFF9F9F9,0xFFF9F9F9,0xFFF9F9F9,0xFFF9F9F8,0xFFFAFAFA,0xFFF4F4F4,0x00000000,0x00000000,0x00000000,0x00000000,
        0x00000000,0x00000000,0x00000000,0x00000000,0xFFF6F6F6,0xFFF9F9F9,0xFFF8F8F8,0xFFF8F8F8,0xFFF8F8F8,0xFFF8F8F8,0xFFF8F8F8,0xFFF8F8F8,0xFFF8F8F8,
        0xFFF8F8F8,0xFFF8F8F8,0xFFF8F8F8,0xFFF8F8F8,0xFFF8F8F8,0xFFF8F8F8,0xFFF8F8F8,0xFFF8F8F8,0xFFF8F8F8,0xFFF8F8F8,0xFFF8F8F8,0xFFF8F8F8,0xFFF8F8F8,
        0xFFF8F8F8,0xFFF8F8F8,0xFFF8F8F8,0xFFF8F8F8,0xFFF8F8F8,0xFFF8F8F8,0xFFF8F8F8,0xFFF8F8F8,0xFFF8F8F8,0xFFF8F8F8,0xFFF8F8F8,0xFFF8F8F8,0xFFF8F8F8,
        0xFFF8F8F8,0xFFF8F8F8,0xFFF8F8F8,0xFFF8F8F8,0xFFF8F8F8,0xFFF8F8F8,0xFFF8F8F8,0xFFF9F9F9,0xFFF4F4F4,0x00000000,0x00000000,0x00000000,0x00000000,
        0x00000000,0x00000000,0x00000000,0x00000000,0xFFF6F6F6,0xFFF8F8F8,0xFFF7F7F7,0xFFF7F7F7,0xFFF7F7F7,0xFFF8F8F8,0xFFF7F7F7,0xFFF7F7F7,0xFFF7F7F7,
        0xFFF7F7F7,0xFFF7F7F7,0xFFF7F7F7,0xFFF8F8F8,0xFFF7F7F7,0xFFF7F7F7,0xFFF8F8F8,0xFFF7F7F7,0xFFF7F7F7,0xFFF8F8F8,0xFFF7F7F7,0xFFF7F7F7,0xFFF8F8F8,
        0xFFF7F7F7,0xFFF7F7F7,0xFFF8F8F8,0xFFF7F7F7,0xFFF7F7F7,0xFFF8F8F8,0xFFF7F7F7,0xFFF7F7F7,0xFFF8F8F8,0xFFF7F7F7,0xFFF7F7F7,0xFFF7F7F7,0xFFF7F7F7,
        0xFFF7F7F7,0xFFF7F7F7,0xFFF8F8F8,0xFFF7F7F7,0xFFF7F7F7,0xFFF8F8F8,0xFFF7F7F7,0xFFF8F8F8,0xFFF4F4F4,0x00000000,0x00000000,0x00000000,0x00000000,
        0x00000000,0x00000000,0x00000000,0x00000000,0xFFF5F5F5,0xFFF8F8F8,0xFFF7F7F7,0xFFF7F7F7,0xFFF7F7F7,0xFFF7F7F7,0xFFF7F7F7,0xFFF7F7F7,0xFFF7F7F7,
        0xFFF7F7F7,0xFFF7F7F7,0xFFF7F7F7,0xFFF7F7F7,0xFFF7F7F7,0xFFF7F7F7,0xFFF7F7F7,0xFFF7F7F7,0xFFF7F7F7,0xFFF7F7F7,0xFFF7F7F7,0xFFF7F7F7,0xFFF7F7F7,
        0xFFF7F7F7,0xFFF7F7F7,0xFFF7F7F7,0xFFF7F7F7,0xFFF7F7F7,0xFFF7F7F7,0xFFF7F7F7,0xFFF7F7F7,0xFFF7F7F7,0xFFF7F7F7,0xFFF7F7F7,0xFFF7F7F7,0xFFF7F7F7,
        0xFFF7F7F7,0xFFF7F7F7,0xFFF7F7F7,0xFFF7F7F7,0xFFF7F7F7,0xFFF7F7F7,0xFFF7F7F7,0xFFF8F8F8,0xFFF4F4F4,0x00000000,0x00000000,0x00000000,0x00000000,
        0x00000000,0x00000000,0x00000000,0x00000000,0xFFF5F5F5,0xFFF8F8F8,0xFFF7F7F7,0xFFF7F7F7,0xFFF7F7F7,0xFFF6F6F6,0xFFF6F6F6,0xFFF6F6F6,0xFFF6F6F6,
        0xFFF6F6F6,0xFFF6F6F6,0xFFF6F6F6,0xFFF6F6F6,0xFFF6F6F6,0xFFF6F6F6,0xFFF6F6F6,0xFFF6F6F6,0xFFF6F6F6,0xFFF6F6F6,0xFFF6F6F6,0xFFF6F6F6,0xFFF6F6F6,
        0xFFF6F6F6,0xFFF6F6F6,0xFFF6F6F6,0xFFF6F6F6,0xFFF6F6F6,0xFFF6F6F6,0xFFF6F6F6,0xFFF6F6F6,0xFFF6F6F6,0xFFF6F6F6,0xFFF6F6F6,0xFFF6F6F6,0xFFF6F6F6,
        0xFFF6F6F6,0xFFF6F6F6,0xFFF6F6F6,0xFFF6F6F6,0xFFF7F7F7,0xFFF7F7F7,0xFFF6F6F6,0xFFF8F8F8,0xFFF3F3F3,0x00000000,0x00000000,0x00000000,0x00000000,
        0x00000000,0x00000000,0x00000000,0x00000000,0xFFF4F4F4,0xFFF7F7F7,0xFFF6F6F6,0xFFF6F6F6,0xFFF6F6F6,0xFFF8F8F8,0xFFFBFBFB,0xFFFAFAFA,0xFFFBFBFB,
        0xFFFAFAFA,0xFFFAFAFA,0xFFFBFBFB,0xFFFAFAFA,0xFFFAFAFA,0xFFFBFBFB,0xFFFBFBFB,0xFFFAFAFA,0xFFFBFBFB,0xFFFBFBFB,0xFFFAFAFA,0xFFFBFBFB,0xFFFBFBFB,
        0xFFFAFAFA,0xFFFAFAFA,0xFFFBFBFB,0xFFFAFAFA,0xFFFAFAFA,0xFFFBFBFB,0xFFFAFAFA,0xFFFAFAFA,0xFFFBFBFB,0xFFFAFAFA,0xFFFAFAFA,0xFFFBFBFB,0xFFFAFAFA,
        0xFFFAFAFA,0xFFFBFBFB,0xFFFBFBFB,0xFFF8F8F8,0xFFF6F6F6,0xFFF6F6F6,0xFFF5F5F5,0xFFF7F7F7,0xFFF3F3F3,0x00000000,0x00000000,0x00000000,0x00000000,
        0x00000000,0x00000000,0x00000000,0x00000000,0xFFF4F4F4,0xFFF7F7F7,0xFFF5F5F5,0xFFF5F5F5,0xFFF8F8F8,0xFFEBEBEB,0xFFD9D9D9,0xFFDCDCDC,0xFFDBDBDB,
        0xFFDBDBDB,0xFFDBDBDB,0xFFDBDBDB,0xFFDBDBDB,0xFFDBDBDB,0xFFDBDBDB,0xFFDBDBDB,0xFFDBDBDB,0xFFDBDBDB,0xFFDBDBDB,0xFFDBDBDB,0xFFDBDBDB,0xFFDBDBDB,
        0xFFDBDBDB,0xFFDBDBDB,0xFFDBDBDB,0xFFDBDBDB,0xFFDBDBDB,0xFFDBDBDB,0xFFDBDBDB,0xFFDBDBDB,0xFFDBDBDB,0xFFDBDBDB,0xFFDBDBDB,0xFFDBDBDB,0xFFDBDBDB,
        0xFFDBDBDB,0xFFDCDCDC,0xFFDADADA,0xFFEBEBEB,0xFFF7F7F7,0xFFF5F5F5,0xFFF6F6F6,0xFFF7F7F7,0xFFF2F2F2,0x00000000,0x00000000,0x00000000,0x00000000,
        0x00000000,0x00000000,0x00000000,0x00000000,0xFFF4F4F4,0xFFF5F5F5,0xFFF4F4F4,0xFFF4F4F4,0xFFF6F6F6,0xFFEAEAEA,0xFFD9D9D9,0xFFDBDBDB,0xFFDBDBDB,
        0xFFDADADA,0xFFDADADA,0xFFDBDBDB,0xFFDBDBDB,0xFFDADADA,0xFFDBDBDB,0xFFDBDBDB,0xFFDADADA,0xFFDBDBDB,0xFFDBDBDB,0xFFDADADA,0xFFDBDBDB,0xFFDBDBDB,
        0xFFDADADA,0xFFDBDBDB,0xFFDBDBDB,0xFFDADADA,0xFFDADADA,0xFFDBDBDB,0xFFDADADA,0xFFDADADA,0xFFDBDBDB,0xFFDADADA,0xFFDADADA,0xFFDBDBDB,0xFFDADADA,
        0xFFDADADA,0xFFDBDBDB,0xFFD9D9D9,0xFFEAEAEA,0xFFF6F6F6,0xFFF4F4F4,0xFFF4F4F4,0xFFF5F5F5,0xFFF2F2F2,0x00000000,0x00000000,0x00000000,0x00000000,
        0x00000000,0x00000000,0x00000000,0x00000000,0xFFF3F3F3,0xFFF5F5F5,0xFFF4F4F4,0xFFF5F5F5,0xFFF4F4F4,0xFFF6F6F6,0xFFF9F9F9,0xFFF9F9F9,0xFFF9F9F9,
        0xFFF9F9F9,0xFFF9F9F9,0xFFF9F9F9,0xFFF9F9F9,0xFFF9F9F9,0xFFF9F9F9,0xFFF9F9F9,0xFFF9F9F9,0xFFF9F9F9,0xFFF9F9F9,0xFFF9F9F9,0xFFF9F9F9,0xFFF9F9F9,
        0xFFF9F9F9,0xFFF9F9F9,0xFFF9F9F9,0xFFF9F9F9,0xFFF9F9F9,0xFFF9F9F9,0xFFF9F9F9,0xFFF9F9F9,0xFFF9F9F9,0xFFF9F9F9,0xFFF9F9F9,0xFFF9F9F9,0xFFF9F9F9,
        0xFFF9F9F9,0xFFF9F9F9,0xFFF9F9F9,0xFFF6F6F6,0xFFF4F4F4,0xFFF5F5F5,0xFFF4F4F4,0xFFF6F6F6,0xFFF2F2F2,0x00000000,0x00000000,0x00000000,0x00000000,
        0x00000000,0x00000000,0x00000000,0x00000000,0xFFF2F2F2,0xFFF5F5F5,0xFFF4F4F4,0xFFF4F4F4,0xFFF4F4F4,0xFFF4F4F4,0xFFF3F3F3,0xFFF3F3F3,0xFFF3F3F3,
        0xFFF3F3F3,0xFFF3F3F3,0xFFF3F3F3,0xFFF3F3F3,0xFFF3F3F3,0xFFF3F3F3,0xFFF3F3F3,0xFFF3F3F3,0xFFF3F3F3,0xFFF3F3F3,0xFFF3F3F3,0xFFF3F3F3,0xFFF3F3F3,
        0xFFF3F3F3,0xFFF3F3F3,0xFFF3F3F3,0xFFF3F3F3,0xFFF3F3F3,0xFFF3F3F3,0xFFF3F3F3,0xFFF3F3F3,0xFFF3F3F3,0xFFF3F3F3,0xFFF3F3F3,0xFFF3F3F3,0xFFF3F3F3,
        0xFFF3F3F3,0xFFF3F3F3,0xFFF3F3F3,0xFFF4F4F4,0xFFF4F4F4,0xFFF4F4F4,0xFFF4F4F4,0xFFF5F5F5,0xFFF2F2F2,0x00000000,0x00000000,0x00000000,0x00000000,
        0x00000000,0x00000000,0x00000000,0x00000000,0xFFF2F2F2,0xFFF4F4F4,0xFFF3F3F3,0xFFF3F3F3,0xFFF3F3F3,0xFFF3F3F3,0xFFF3F3F3,0xFFF3F3F3,0xFFF3F3F3,
        0xFFF3F3F3,0xFFF3F3F3,0xFFF3F3F3,0xFFF3F3F3,0xFFF3F3F3,0xFFF3F3F3,0xFFF3F3F3,0xFFF3F3F3,0xFFF3F3F3,0xFFF3F3F3,0xFFF3F3F3,0xFFF3F3F3,0xFFF3F3F3,
        0xFFF3F3F3,0xFFF3F3F3,0xFFF3F3F3,0xFFF3F3F3,0xFFF3F3F3,0xFFF3F3F3,0xFFF3F3F3,0xFFF3F3F3,0xFFF3F3F3,0xFFF3F3F3,0xFFF3F3F3,0xFFF3F3F3,0xFFF3F3F3,
        0xFFF3F3F3,0xFFF3F3F3,0xFFF3F3F3,0xFFF3F3F3,0xFFF3F3F3,0xFFF3F3F3,0xFFF3F3F3,0xFFF5F5F5,0xFFF2F2F2,0x00000000,0x00000000,0x00000000,0x00000000,
        0x00000000,0x00000000,0x00000000,0x00000000,0xFFF1F1F1,0xFFF4F4F4,0xFFF3F3F3,0xFFF3F3F3,0xFFF3F3F3,0xFFF3F3F3,0xFFF3F3F3,0xFFF3F3F3,0xFFF3F3F3,
        0xFFF3F3F3,0xFFF3F3F3,0xFFF3F3F3,0xFFF3F3F3,0xFFF3F3F3,0xFFF3F3F3,0xFFF3F3F3,0xFFF3F3F3,0xFFF3F3F3,0xFFF3F3F3,0xFFF3F3F3,0xFFF3F3F3,0xFFF3F3F3,
        0xFFF3F3F3,0xFFF3F3F3,0xFFF3F3F3,0xFFF3F3F3,0xFFF3F3F3,0xFFF3F3F3,0xFFF3F3F3,0xFFF3F3F3,0xFFF3F3F3,0xFFF3F3F3,0xFFF3F3F3,0xFFF3F3F3,0xFFF3F3F3,
        0xFFF3F3F3,0xFFF3F3F3,0xFFF3F3F3,0xFFF3F3F3,0xFFF3F3F3,0xFFF3F3F3,0xFFF3F3F3,0xFFF4F4F4,0xFFF2F2F2,0x00000000,0x00000000,0x00000000,0x00000000,
        0x00000000,0x00000000,0x00000000,0x00000000,0xFFF1F1F1,0xFFF3F3F3,0xFFF2F2F2,0xFFF2F2F2,0xFFF2F2F2,0xFFF2F2F2,0xFFF2F2F2,0xFFF2F2F2,0xFFF2F2F2,
        0xFFF2F2F2,0xFFF2F2F2,0xFFF2F2F2,0xFFF2F2F2,0xFFF2F2F2,0xFFF2F2F2,0xFFF2F2F2,0xFFF2F2F2,0xFFF2F2F2,0xFFF2F2F2,0xFFF2F2F2,0xFFF2F2F2,0xFFF2F2F2,
        0xFFF2F2F2,0xFFF2F2F2,0xFFF2F2F2,0xFFF2F2F2,0xFFF2F2F2,0xFFF2F2F2,0xFFF2F2F2,0xFFF2F2F2,0xFFF2F2F2,0xFFF2F2F2,0xFFF2F2F2,0xFFF2F2F2,0xFFF2F2F2,
        0xFFF2F2F2,0xFFF2F2F2,0xFFF2F2F2,0xFFF2F2F2,0xFFF2F2F2,0xFFF2F2F2,0xFFF1F1F1,0xFFF3F3F3,0xFFF1F1F1,0x00000000,0x00000000,0x00000000,0x00000000,
        0x00000000,0x00000000,0x00000000,0x00000000,0xFFF0F0F0,0xFFF3F3F3,0xFFF1F1F1,0xFFF1F1F1,0xFFF1F1F1,0xFFF2F2F2,0xFFF1F1F1,0xFFF1F1F1,0xFFF2F2F2,
        0xFFF1F1F1,0xFFF1F1F1,0xFFF1F1F1,0xFFF1F1F1,0xFFF1F1F1,0xFFF1F1F1,0xFFF1F1F1,0xFFF1F1F1,0xFFF1F1F1,0xFFF2F2F2,0xFFF1F1F1,0xFFF1F1F1,0xFFF2F2F2,
        0xFFF1F1F1,0xFFF1F1F1,0xFFF2F2F2,0xFFF1F1F1,0xFFF1F1F1,0xFFF2F2F2,0xFFF1F1F1,0xFFF1F1F1,0xFFF2F2F2,0xFFF1F1F1,0xFFF1F1F1,0xFFF1F1F1,0xFFF1F1F1,
        0xFFF1F1F1,0xFFF1F1F1,0xFFF1F1F1,0xFFF1F1F1,0xFFF1F1F1,0xFFF2F2F2,0xFFF1F1F1,0xFFF2F2F2,0xFFF1F1F1,0x00000000,0x00000000,0x00000000,0x00000000,
        0x00000000,0x00000000,0x00000000,0x00000000,0xFFEEEEEE,0xFFF3F3F3,0xFFF1F1F1,0xFFF1F1F1,0xFFF1F1F1,0xFFF1F1F1,0xFFF1F1F1,0xFFF1F1F1,0xFFF1F1F1,
        0xFFF1F1F1,0xFFF1F1F1,0xFFF1F1F1,0xFFF1F1F1,0xFFF1F1F1,0xFFF1F1F1,0xFFF1F1F1,0xFFF1F1F1,0xFFF1F1F1,0xFFF1F1F1,0xFFF1F1F1,0xFFF1F1F1,0xFFF1F1F1,
        0xFFF1F1F1,0xFFF1F1F1,0xFFF1F1F1,0xFFF1F1F1,0xFFF1F1F1,0xFFF1F1F1,0xFFF1F1F1,0xFFF1F1F1,0xFFF1F1F1,0xFFF1F1F1,0xFFF1F1F1,0xFFF1F1F1,0xFFF1F1F1,
        0xFFF1F1F1,0xFFF1F1F1,0xFFF1F1F1,0xFFF1F1F1,0xFFF1F1F1,0xFFF1F1F1,0xFFF1F1F1,0xFFF3F3F3,0xFFEFEFEF,0x00000000,0x00000000,0x00000000,0x00000000,
        0x00000000,0x00000000,0x00000000,0x00000000,0xFFEBEBEB,0xFFF3F3F3,0xFFF0F0F0,0xFFF1F1F1,0xFFF1F1F1,0xFFF0F0F0,0xFFF0F0F0,0xFFF0F0F0,0xFFF0F0F0,
        0xFFF0F0F0,0xFFF0F0F0,0xFFF0F0F0,0xFFF0F0F0,0xFFF0F0F0,0xFFF0F0F0,0xFFF0F0F0,0xFFF0F0F0,0xFFF0F0F0,0xFFF0F0F0,0xFFF0F0F0,0xFFF0F0F0,0xFFF0F0F0,
        0xFFF0F0F0,0xFFF0F0F0,0xFFF0F0F0,0xFFF0F0F0,0xFFF0F0F0,0xFFF0F0F0,0xFFF0F0F0,0xFFF0F0F0,0xFFF0F0F0,0xFFF0F0F0,0xFFF0F0F0,0xFFF0F0F0,0xFFF0F0F0,
        0xFFF0F0F0,0xFFF0F0F0,0xFFF0F0F0,0xFFF1F1F1,0xFFF1F1F1,0xFFF1F1F1,0xFFF0F0F0,0xFFF3F3F3,0xFFEEEEEE,0x00000000,0x00000000,0x00000000,0x00000000,
        0x00000000,0x00000000,0x00000000,0x00000000,0xFFEAEAEA,0xFFF2F2F2,0xFFEFEFEF,0xFFEFEFEF,0xFFEFEFEF,0xFFF1F1F1,0xFFF4F4F4,0xFFF4F4F4,0xFFF4F4F4,
        0xFFF3F3F3,0xFFF4F4F4,0xFFF4F4F4,0xFFF3F3F3,0xFFF3F3F3,0xFFF4F4F4,0xFFF3F3F3,0xFFF3F3F3,0xFFF4F4F4,0xFFF3F3F3,0xFFF3F3F3,0xFFF4F4F4,0xFFF4F4F4,
        0xFFF3F3F3,0xFFF4F4F4,0xFFF4F4F4,0xFFF3F3F3,0xFFF4F4F4,0xFFF4F4F4,0xFFF3F3F3,0xFFF4F4F4,0xFFF4F4F4,0xFFF3F3F3,0xFFF4F4F4,0xFFF4F4F4,0xFFF3F3F3,
        0xFFF4F4F4,0xFFF4F4F4,0xFFF4F4F4,0xFFF1F1F1,0xFFF0F0F0,0xFFEFEFEF,0xFFEFEFEF,0xFFF2F2F2,0xFFEEEEEE,0x00000000,0x00000000,0x00000000,0x00000000,
        0x00000000,0x00000000,0x00000000,0x00000000,0xFEEAEAEA,0xFFF1F1F1,0xFFEFEFEF,0xFFEFEFEF,0xFFF1F1F1,0xFFE6E6E6,0xFFD6D6D6,0xFFD8D8D8,0xFFD8D8D8,
        0xFFD8D8D8,0xFFD8D8D8,0xFFD8D8D8,0xFFD8D8D8,0xFFD8D8D8,0xFFD8D8D8,0xFFD8D8D8,0xFFD8D8D8,0xFFD8D8D8,0xFFD8D8D8,0xFFD8D8D8,0xFFD8D8D8,0xFFD8D8D8,
        0xFFD8D8D8,0xFFD8D8D8,0xFFD8D8D8,0xFFD8D8D8,0xFFD8D8D8,0xFFD8D8D8,0xFFD8D8D8,0xFFD8D8D8,0xFFD8D8D8,0xFFD8D8D8,0xFFD8D8D8,0xFFD8D8D8,0xFFD8D8D8,
        0xFFD8D8D8,0xFFD8D8D8,0xFFD7D7D7,0xFFE6E6E6,0xFFF1F1F1,0xFFF0F0F0,0xFFEFEFEF,0xFFF1F1F1,0xFEEEEEEE,0x00000000,0x00000000,0x00000000,0x00000000,
        0x00000000,0x00000000,0x00000000,0x00000000,0xFFECECEC,0xFFF0F0F0,0xFFEFEFEF,0xFFEEEEEE,0xFFF0F0F0,0xFFE6E6E6,0xFFD6D6D6,0xFFD8D8D8,0xFFD8D8D8,
        0xFFD8D8D8,0xFFD8D8D8,0xFFD8D8D8,0xFFD8D8D8,0xFFD8D8D8,0xFFD8D8D8,0xFFD8D8D8,0xFFD8D8D8,0xFFD8D8D8,0xFFD8D8D8,0xFFD8D8D8,0xFFD8D8D8,0xFFD8D8D8,
        0xFFD8D8D8,0xFFD8D8D8,0xFFD8D8D8,0xFFD8D8D8,0xFFD8D8D8,0xFFD8D8D8,0xFFD8D8D8,0xFFD8D8D8,0xFFD8D8D8,0xFFD8D8D8,0xFFD8D8D8,0xFFD8D8D8,0xFFD8D8D8,
        0xFFD8D8D8,0xFFD8D8D8,0xFFD6D6D6,0xFFE5E5E5,0xFFF0F0F0,0xFFEEEEEE,0xFFEEEEEE,0xFFF0F0F0,0xFFEFEFEF,0x00000000,0x00000000,0x00000000,0x00000000,
        0x00000000,0x00000000,0x00000000,0x00000000,0xE2CECECE,0xFFF5F5F5,0xFEEDEDED,0xFFEEEEEE,0xFFEEEEEE,0xFFF0F0F0,0xFFF2F2F2,0xFFF2F2F2,0xFFF3F3F3,
        0xFFF2F2F2,0xFFF2F2F2,0xFFF3F3F3,0xFFF2F2F2,0xFFF2F2F2,0xFFF3F3F3,0xFFF2F2F2,0xFFF2F2F2,0xFFF3F3F3,0xFFF2F2F2,0xFFF2F2F2,0xFFF3F3F3,0xFFF2F2F2,
        0xFFF2F2F2,0xFFF2F2F2,0xFFF2F2F2,0xFFF2F2F2,0xFFF2F2F2,0xFFF2F2F2,0xFFF2F2F2,0xFFF2F2F2,0xFFF2F2F2,0xFFF2F2F2,0xFFF2F2F2,0xFFF3F3F3,0xFFF2F2F2,
        0xFFF2F2F2,0xFFF2F2F2,0xFFF2F2F2,0xFFF0F0F0,0xFFEEEEEE,0xFFEEEEEE,0xFEEDEDED,0xFFF5F5F5,0xE4D3D3D3,0x00000000,0x00000000,0x00000000,0x00000000,
        0x00000000,0x00000000,0x00000000,0x00000000,0xAE9B9B9B,0xFFFAFAFA,0xFCECECEC,0xFFEEEEEE,0xFFEEEEEE,0xFFEEEEEE,0xFFEDEDED,0xFFEDEDED,0xFFEDEDED,
        0xFFEDEDED,0xFFEDEDED,0xFFEDEDED,0xFFEDEDED,0xFFEDEDED,0xFFEDEDED,0xFFEDEDED,0xFFEDEDED,0xFFEDEDED,0xFFEDEDED,0xFFEDEDED,0xFFEDEDED,0xFFEDEDED,
        0xFFEDEDED,0xFFEDEDED,0xFFEDEDED,0xFFEDEDED,0xFFEDEDED,0xFFEDEDED,0xFFEDEDED,0xFFEDEDED,0xFFEDEDED,0xFFEDEDED,0xFFEDEDED,0xFFEDEDED,0xFFEDEDED,
        0xFFEDEDED,0xFFEDEDED,0xFFEDEDED,0xFFEEEEEE,0xFFEEEEEE,0xFFEEEEEE,0xFCEBEBEB,0xFFFCFCFC,0xAFA0A0A0,0x00000000,0x00000000,0x00000000,0x00000000,
        0x00000000,0x00000000,0x00000000,0x00000000,0x66595959,0xFFF7F7F7,0xFCECECEC,0xFFEDEDED,0xFFEDEDED,0xFFEDEDED,0xFFEEEEEE,0xFFEDEDED,0xFFEDEDED,
        0xFFEEEEEE,0xFFEDEDED,0xFFEDEDED,0xFFEEEEEE,0xFFEDEDED,0xFFEDEDED,0xFFEEEEEE,0xFFEDEDED,0xFFEDEDED,0xFFEEEEEE,0xFFEDEDED,0xFFEDEDED,0xFFEEEEEE,
        0xFFEDEDED,0xFFEDEDED,0xFFEDEDED,0xFFEDEDED,0xFFEDEDED,0xFFEDEDED,0xFFEDEDED,0xFFEDEDED,0xFFEDEDED,0xFFEEEEEE,0xFFEDEDED,0xFFEDEDED,0xFFEEEEEE,
        0xFFEDEDED,0xFFEDEDED,0xFFEEEEEE,0xFFEDEDED,0xFFEDEDED,0xFFEEEEEE,0xFCEBEBEB,0xFFFAFAFA,0x685D5D5D,0x00000000,0x00000000,0x00000000,0x00000000,
        0x00000000,0x00000000,0x00000000,0x00000000,0x110E0E0E,0xE8D2D2D2,0xFFF4F4F4,0xFEEAEAEA,0xFFECECEC,0xFFECECEC,0xFFECECEC,0xFFECECEC,0xFFECECEC,
        0xFFECECEC,0xFFECECEC,0xFFECECEC,0xFFECECEC,0xFFECECEC,0xFFECECEC,0xFFECECEC,0xFFECECEC,0xFFECECEC,0xFFECECEC,0xFFECECEC,0xFFECECEC,0xFFECECEC,
        0xFFECECEC,0xFFECECEC,0xFFECECEC,0xFFECECEC,0xFFECECEC,0xFFECECEC,0xFFECECEC,0xFFECECEC,0xFFECECEC,0xFFECECEC,0xFFECECEC,0xFFECECEC,0xFFECECEC,
        0xFFECECEC,0xFFECECEC,0xFFECECEC,0xFFECECEC,0xFFECECEC,0xFEEAEAEA,0xFFF4F4F4,0xE9D7D7D7,0x120F0F0F,0x00000000,0x00000000,0x00000000,0x00000000,
        0x00000000,0x00000000,0x00000000,0x00000000,0x00000000,0x78696969,0xFFFFFFFF,0xF9E7E7E7,0xFFECECEC,0xFFECECEC,0xFFECECEC,0xFFECECEC,0xFFECECEC,
        0xFFECECEC,0xFFECECEC,0xFFECECEC,0xFFECECEC,0xFFECECEC,0xFFECECEC,0xFFECECEC,0xFFECECEC,0xFFECECEC,0xFFECECEC,0xFFECECEC,0xFFECECEC,0xFFECECEC,
        0xFFECECEC,0xFFECECEC,0xFFECECEC,0xFFECECEC,0xFFECECEC,0xFFECECEC,0xFFECECEC,0xFFECECEC,0xFFECECEC,0xFFECECEC,0xFFECECEC,0xFFECECEC,0xFFECECEC,
        0xFFECECEC,0xFFECECEC,0xFFECECEC,0xFFECECEC,0xFFECECEC,0xF9E7E7E7,0xFFFFFFFF,0x7A6D6D6D,0x00000000,0x00000000,0x00000000,0x00000000,0x00000000,
        0x00000000,0x00000000,0x00000000,0x00000000,0x00000000,0x00000000,0xCDB6B6B6,0xFFFCFCFC,0xF9E6E6E6,0xFFECECEC,0xFFEBEBEB,0xFFEBEBEB,0xFFEBEBEB,
        0xFFEBEBEB,0xFFEBEBEB,0xFFEBEBEB,0xFFEBEBEB,0xFFEBEBEB,0xFFEBEBEB,0xFFEBEBEB,0xFFEBEBEB,0xFFEBEBEB,0xFFECECEC,0xFFEBEBEB,0xFFEBEBEB,0xFFECECEC,
        0xFFEBEBEB,0xFFEBEBEB,0xFFECECEC,0xFFEBEBEB,0xFFEBEBEB,0xFFECECEC,0xFFEBEBEB,0xFFEBEBEB,0xFFECECEC,0xFFEBEBEB,0xFFEBEBEB,0xFFEBEBEB,0xFFEBEBEB,
        0xFFEBEBEB,0xFFEBEBEB,0xFFECECEC,0xFFEBEBEB,0xF9E5E5E5,0xFFFEFEFE,0xCEBCBCBC,0x00000000,0x00000000,0x00000000,0x00000000,0x00000000,0x00000000,
        0x00000000,0x00000000,0x00000000,0x00000000,0x03020202,0x00000000,0x1A161616,0xE5CDCDCD,0xFFFCFCFC,0xF9E7E7E7,0xFEE9E9E9,0xFFEBEBEB,0xFFECECEC,
        0xFFEBEBEB,0xFFEBEBEB,0xFFECECEC,0xFFEBEBEB,0xFFEBEBEB,0xFFECECEC,0xFFEBEBEB,0xFFEBEBEB,0xFFEBEBEB,0xFFEBEBEB,0xFFEBEBEB,0xFFEBEBEB,0xFFEBEBEB,
        0xFFEBEBEB,0xFFEBEBEB,0xFFEBEBEB,0xFFEBEBEB,0xFFEBEBEB,0xFFECECEC,0xFFEBEBEB,0xFFEBEBEB,0xFFECECEC,0xFFEBEBEB,0xFFEBEBEB,0xFFECECEC,0xFFEBEBEB,
        0xFFEBEBEB,0xFFECECEC,0xFEE9E9E9,0xF9E6E6E6,0xFFFFFFFF,0xE6D3D3D3,0x1B171717,0x00000000,0x03020202,0x00000000,0x00000000,0x00000000,0x00000000,
        0x00000000,0x00000000,0x00000000,0x00000000,0x00000000,0x03030303,0x00000000,0x1A161616,0xCDB6B6B6,0xFFFFFFFF,0xFFF3F3F3,0xFCE9E9E9,0xFCE9E9E9,
        0xFEEAEAEA,0xFFEBEBEB,0xFFEBEBEB,0xFFEBEBEB,0xFFEBEBEB,0xFFEBEBEB,0xFFEBEBEB,0xFFEBEBEB,0xFFEBEBEB,0xFFEBEBEB,0xFFEBEBEB,0xFFEBEBEB,0xFFEBEBEB,
        0xFFEBEBEB,0xFFEBEBEB,0xFFEBEBEB,0xFFEBEBEB,0xFFEBEBEB,0xFFEBEBEB,0xFFEBEBEB,0xFFEBEBEB,0xFFEBEBEB,0xFFEBEBEB,0xFFEBEBEB,0xFFEBEBEB,0xFEEAEAEA,
        0xFCE8E8E8,0xFCE9E9E9,0xFFF3F3F3,0xFFFFFFFF,0xCEBCBCBC,0x1B171717,0x00000000,0x03030303,0x00000000,0x00000000,0x00000000,0x00000000,0x00000000,
        0x00000000,0x00000000,0x00000000,0x00000000,0x00000000,0x00000000,0x03030303,0x00000000,0x00000000,0x79696969,0xE8D2D2D2,0xFFF5F5F5,0xFFF7F7F7,
        0xFFF1F1F1,0xFFEDEDED,0xFFEDEDED,0xFFEDEDED,0xFFEDEDED,0xFFEDEDED,0xFFEDEDED,0xFFECECEC,0xFFECECEC,0xFFEDEDED,0xFFECECEC,0xFFECECEC,0xFFEDEDED,
        0xFFECECEC,0xFFECECEC,0xFFEDEDED,0xFFECECEC,0xFFECECEC,0xFFEDEDED,0xFFECECEC,0xFFECECEC,0xFFEDEDED,0xFFEDEDED,0xFFEEEEED,0xFFEDEDED,0xFFF2F2F2,
        0xFFFAFAFA,0xFFF9F9F9,0xE9D7D7D7,0x7A6D6D6D,0x00000000,0x00000000,0x03030303,0x00000000,0x00000000,0x00000000,0x00000000,0x00000000,0x00000000,
        0x00000000,0x00000000,0x00000000,0x00000000,0x00000000,0x00000000,0x00000000,0x03020202,0x00000000,0x00000000,0x120F0F0F,0x685A5A5A,0xAF9C9C9C,
        0xE4CDCDCD,0xFFE9E9E9,0xFEE7E7E7,0xFFE6E6E6,0xFFE6E6E6,0xFFE8E8E8,0xFFE9E9E9,0xFFE9E9E9,0xFFE9E9E9,0xFFE9E9E9,0xFFE9E9E9,0xFFE9E9E9,0xFFE9E9E9,
        0xFFE9E9EA,0xFFEAEAEA,0xFFEAEAEA,0xFFEBEBEB,0xFFEBEBEB,0xFFEBEBEB,0xFFECECEC,0xFFEBEBEB,0xFFEAEAEA,0xFFEAEAEA,0xFEEBEBEB,0xFFEEEEEE,0xE5D3D3D3,
        0xB0A0A0A0,0x685D5D5D,0x120F0F0F,0x00000000,0x00000000,0x03020202,0x00000000,0x00000000,0x00000000,0x00000000,0x00000000,0x00000000,0x00000000,
        0x00000000,0x00000000,0x00000000,0x00000000,0x00000000,0x00000000,0x00000000,0x00000000,0x00000000,0x00000000,0x00000000,0x00000000,0x00000000,
        0x00000000,0x00000000,0x00000000,0x00000000,0x00000000,0x00000000,0x00000000,0x00000000,0x00000000,0x00000000,0x00000000,0x00000000,0x00000000,
        0x00000000,0x00000000,0x00000000,0x00000000,0x00000000,0x00000000,0x00000000,0x00000000,0x00000000,0x00000000,0x00000000,0x00000000,0x00000000,
        0x00000000,0x00000000,0x00000000,0x00000000,0x00000000,0x00000000,0x00000000,0x00000000,0x00000000,0x00000000,0x00000000,0x00000000,0x00000000,
        0x00000000,0x00000000,0x00000000,0x00000000,0x00000000,0x00000000,0x00000000,0x00000000,0x00000000,0x00000000,0x00000000,0x00000000,0x00000000,
        0x00000000,0x00000000,0x00000000,0x00000000,0x00000000,0x00000000,0x00000000,0x00000000,0x00000000,0x00000000,0x00000000,0x00000000,0x00000000,
        0x00000000,0x00000000,0x00000000,0x00000000,0x00000000,0x00000000,0x00000000,0x00000000,0x00000000,0x00000000,0x00000000,0x00000000,0x00000000,
        0x00000000,0x00000000,0x00000000,0x00000000,0x00000000,0x00000000,0x00000000,0x00000000,0x00000000,0x00000000,0x00000000,0x00000000,0x00000000,
        0x00000000,0x00000000,0x00000000,0x00000000,0x00000000,0x00000000,0x00000000,0x00000000,0x00000000,0x00000000,0x00000000,0x00000000,0x00000000,
        0x00000000,0x00000000,0x00000000,0x00000000,0x00000000,0x00000000,0x00000000,0x00000000,0x00000000,0x00000000,0x00000000,0x00000000,0x00000000,
        0x00000000,0x00000000,0x00000000,0x00000000,0x00000000,0x00000000,0x00000000,0x00000000,0x00000000,0x00000000,0x00000000,0x00000000,0x00000000,
        0x00000000,0x00000000,0x00000000,0x00000000,0x00000000,0x00000000,0x00000000,0x00000000,0x00000000,0x00000000,0x00000000,0x00000000,0x00000000,
        0x00000000,0x00000000,0x00000000,0x00000000,0x00000000,0x00000000,0x00000000,0x00000000,0x00000000,0x00000000,0x00000000,0x00000000,0x00000000,
        0x00000000,0x00000000,0x00000000,0x00000000,0x00000000,0x00000000,0x00000000,0x00000000,0x00000000,0x00000000,0x00000000,0x00000000,0x00000000,
        0x00000000,0x00000000,0x00000000,0x00000000,0x00000000,0x00000000,0x00000000,0x00000000,0x00000000,0x00000000,0x00000000,0x00000000,0x00000000,
        0x00000000,0x00000000,0x00000000,0x00000000,0x00000000,0x00000000,0x00000000,0x00000000,0x00000000,0x00000000,0x00000000,0x00000000,0x00000000,
    },
    { /* CLOCK */
        0x00000000,0x00000000,0x00000000,0x00000000,0x00000000,0x00000000,0x00000000,0x00000000,0x00000000,0x00000000,0x00000000,0x00000000,0x00000000,
        0x00000000,0x00000000,0x00000000,0x00000000,0x00000000,0x00000000,0x00000000,0x00000000,0x00000000,0x00000000,0x00000000,0x00000000,0x00000000,
        0x00000000,0x00000000,0x00000000,0x00000000,0x00000000,0x00000000,0x00000000,0x00000000,0x00000000,0x00000000,0x00000000,0x00000000,0x00000000,
        0x00000000,0x00000000,0x00000000,0x00000000,0x00000000,0x00000000,0x00000000,0x00000000,0x00000000,0x00000000,0x00000000,0x00000000,0x00000000,
        0x00000000,0x00000000,0x00000000,0x00000000,0x00000000,0x00000000,0x00000000,0x00000000,0x00000000,0x00000000,0x00000000,0x00000000,0x00000000,
        0x00000000,0x00000000,0x00000000,0x00000000,0x00000000,0x00000000,0x00000000,0x00000000,0x00000000,0x00000000,0x00000000,0x00000000,0x00000000,
        0x00000000,0x00000000,0x00000000,0x00000000,0x00000000,0x00000000,0x00000000,0x00000000,0x00000000,0x00000000,0x00000000,0x00000000,0x00000000,
        0x00000000,0x00000000,0x00000000,0x00000000,0x00000000,0x00000000,0x00000000,0x00000000,0x00000000,0x00000000,0x00000000,0x00000000,0x00000000,
        0x00000000,0x00000000,0x00000000,0x00000000,0x00000000,0x00000000,0x00000000,0x00000000,0x00000000,0x00000000,0x00000000,0x00000000,0x00000000,
        0x00000000,0x00000000,0x00000000,0x00000000,0x00000000,0x00000000,0x00000000,0x00000000,0x00000000,0x00000000,0x00000000,0x00000000,0x00000000,
        0x00000000,0x00000000,0x00000000,0x00000000,0x00000000,0x00000000,0x00000000,0x00000000,0x00000000,0x00000000,0x00000000,0x00000000,0x00000000,
        0x00000000,0x00000000,0x00000000,0x00000000,0x00000000,0x00000000,0x00000000,0x00000000,0x00000000,0x00000000,0x00000000,0x00000000,0x00000000,
        0x00000000,0x00000000,0x00000000,0x00000000,0x00000000,0x00000000,0x00000000,0x00000000,0x00000000,0x00000000,0x00000000,0x00000000,0x00000000,
        0x00000000,0x00000000,0x00000000,0x00000000,0x00000000,0x00000000,0x00000000,0x00000000,0x00000000,0x00000000,0x00000000,0x00000000,0x00000000,
        0x00000000,0x00000000,0x00000000,0x00000000,0x00000000,0x00000000,0x00000000,0x00000000,0x00000000,0x00000000,0x00000000,0x00000000,0x00000000,
        0x00000000,0x00000000,0x00000000,0x00000000,0x00000000,0x00000000,0x00000000,0x00000000,0x00000000,0x00000000,0x00000000,0x00000000,0x00000000,
        0x00000000,0x00000000,0x00000000,0x00000000,0x00000000,0x00000000,0x00000000,0x03020202,0x00000000,0x00000000,0x100D0D0D,0x645B5B5B,0xABA0A0A0,
        0xE0D5D5D5,0xFFF5F5F5,0xFEF4F4F4,0xFFF5F5F5,0xFFF5F5F5,0xFFF7F7F7,0xFFF8F8F8,0xFFF8F8F8,0xFFF8F8F8,0xFFF8F8F8,0xFFF8F8F8,0xFFF8F8F8,0xFFF8F8F8,
        0xFFF8F8F8,0xFFF9F9F9,0xFFF8F8F8,0xFFF8F8F8,0xFFF8F8F8,0xFFF8F8F8,0xFFF7F7F7,0xFFF6F6F6,0xFFF4F4F4,0xFFF4F4F4,0xFEF3F3F3,0xFFF3F3F3,0xE0D4D4D4,
        0xAB9F9F9F,0x645A5A5A,0x100D0D0D,0x00000000,0x00000000,0x03020202,0x00000000,0x00000000,0x00000000,0x00000000,0x00000000,0x00000000,0x00000000,
        0x00000000,0x00000000,0x00000000,0x00000000,0x00000000,0x00000000,0x03030303,0x00000000,0x00000000,0x756B6B6B,0xE6DBDBDB,0xFFFFFFFF,0xFFFFFFFF,
        0xFFFFFFFF,0xFFFFFFFF,0xFFFFFFFF,0xFFFFFFFF,0xFFFFFFFF,0xFFFFFFFF,0xFFFFFFFF,0xFFFFFFFF,0xFFFFFFFF,0xFFFFFFFF,0xFFFFFFFF,0xFFFFFFFF,0xFFFFFFFF,
        0xFFFFFFFF,0xFFFFFFFF,0xFFFFFFFF,0xFFFFFFFF,0xFFFFFFFF,0xFFFFFFFF,0xFFFFFFFF,0xFFFFFFFF,0xFFFFFFFF,0xFFFFFFFF,0xFFFFFFFF,0xFFFFFFFF,0xFFFFFFFF,
        0xFFFFFFFF,0xFFFFFFFF,0xE6DADADA,0x766B6B6B,0x00000000,0x00000000,0x03030303,0x00000000,0x00000000,0x00000000,0x00000000,0x00000000,0x00000000,
        0x00000000,0x00000000,0x00000000,0x00000000,0x00000000,0x03030303,0x00000000,0x18141414,0xCABDBDBD,0xFFFFFFFF,0xFFFFFFFF,0xFCFCFCFC,0xFCF9F9F9,
        0xFEFEFEFE,0xFFC9C9C9,0xFFDCDCDC,0xFFFFFFFF,0xFFEAEAEA,0xFFFFFFFF,0xFFEDEDED,0xFFFCFCFC,0xFFF2F2F2,0xFFF8F8F8,0xFFF3F3F3,0xFFFEFEFE,0xFFCECECE,
        0xFFCFCFCF,0xFFFEFEFE,0xFFF3F3F3,0xFFF8F8F8,0xFFF2F2F2,0xFFFCFCFC,0xFFEDEDED,0xFFFFFFFF,0xFFEAEAEA,0xFFFFFFFF,0xFFDBDBDB,0xFFCACACA,0xFEFEFEFE,
        0xFCF9F9F9,0xFCFCFCFC,0xFFFFFFFF,0xFFFFFFFF,0xCBBDBDBD,0x18151515,0x00000000,0x03030303,0x00000000,0x00000000,0x00000000,0x00000000,0x00000000,
        0x00000000,0x00000000,0x00000000,0x00000000,0x03020202,0x00000000,0x18141414,0xE3D6D6D6,0xFFFFFFFF,0xF9F9F9F9,0xFDFDFDFD,0xFFFFFFFF,0xFFE0E0E0,
        0xFFFFFFFF,0xFFD7D7D7,0xFF848484,0xFFFFFFFF,0xFFE0E0E0,0xFFF9F9F9,0xFFECECEC,0xFFF0F0F0,0xFFF1F1F1,0xFFEDEDED,0xFFF0F0F0,0xFFF8F8F8,0xFFB6B6B6,
        0xFFB6B6B6,0xFFF9F9F9,0xFFF0F0F0,0xFFEDEDED,0xFFF1F1F1,0xFFF0F0F0,0xFFEBEBEB,0xFFF9F9F9,0xFFE0E0E0,0xFFFFFFFF,0xFF848484,0xFFD8D8D8,0xFFFFFFFF,
        0xFFE0E0E0,0xFFFFFFFF,0xFEFEFEFE,0xF9F9F9F9,0xFFFFFFFF,0xE4D5D5D5,0x18151515,0x00000000,0x03020202,0x00000000,0x00000000,0x00000000,0x00000000,
        0x00000000,0x00000000,0x00000000,0x00000000,0x00000000,0x00000000,0xCABDBDBD,0xFFFFFFFF,0xF9F9F9F9,0xFFF9F9F9,0xFFE3E3E3,0xFFFFFFFF,0xFFF5F5F5,
        0xFFDCDCDC,0xFFFFFFFF,0xFF9D9D9D,0xFFC0C0C0,0xFFFFFFFF,0xFFE1E1E1,0xFFFCFCFC,0xFFE3E3E3,0xFFF9F9F9,0xFFE6E6E6,0xFFF4F4F4,0xFFF3F3F3,0xFFBCBCBC,
        0xFFBDBDBD,0xFFF4F4F4,0xFFF4F4F4,0xFFE6E6E6,0xFFF9F9F9,0xFFE3E3E3,0xFFFCFCFC,0xFFE1E1E1,0xFFFFFFFF,0xFFBFBFBF,0xFF9D9D9D,0xFFFFFFFF,0xFFDCDCDC,
        0xFFF5F5F5,0xFFFFFFFF,0xFFE3E3E3,0xFFF9F9F9,0xF9F9F9F9,0xFFFFFFFF,0xCCBDBDBD,0x00000000,0x00000000,0x00000000,0x00000000,0x00000000,0x00000000,
        0x00000000,0x00000000,0x00000000,0x00000000,0x00000000,0x756B6B6B,0xFFFFFFFF,0xF9F9F9F9,0xFFF8F8F8,0xFFFFFFFF,0xFFECECEC,0xFFE2E2E2,0xFFFFFFFF,
        0xFFECECEC,0xFFF8F8F8,0xFFF4F4F4,0xFF7E7E7E,0xFFF8F8F8,0xFFF5F5F5,0xFFFDFDFD,0xFFF3F3F3,0xFFFDFDFD,0xFFF5F5F5,0xFFF8F8F8,0xFFFFFFFF,0xFFB3B3B3,
        0xFFB3B3B3,0xFFFFFFFF,0xFFF8F8F8,0xFFF5F5F5,0xFFFCFCFC,0xFFF4F4F4,0xFFFDFDFD,0xFFF5F5F5,0xFFF8F8F8,0xFF7F7F7F,0xFFF4F4F4,0xFFF9F9F9,0xFFECECEC,
        0xFFFFFFFF,0xFFE2E2E2,0xFFEBEBEB,0xFFFFFFFF,0xFFF9F9F9,0xF9F9F9F9,0xFFFFFFFF,0x776C6C6C,0x00000000,0x00000000,0x00000000,0x00000000,0x00000000,
        0x00000000,0x00000000,0x00000000,0x00000000,0x100C0C0C,0xE6DBDBDB,0xFFFFFFFF,0xFEFCFCFC,0xFFE2E2E2,0xFFECECEC,0xFFFFFFFF,0xFFEDEDED,0xFFF8F8F8,
        0xFFFFFFFF,0xFFFBFBFB,0xFFFFFFFF,0xFFB3B3B3,0xFFA3A3A3,0xFFFFFFFF,0xFFFAFAFA,0xFFFFFFFF,0xFFFEFEFE,0xFFFFFFFF,0xFFFBFBFB,0xFFFFFFFF,0xFFD2D2D2,
        0xFFD4D4D4,0xFFFFFFFF,0xFFFBFBFB,0xFFFFFFFF,0xFFFDFDFD,0xFFFFFFFF,0xFFFAFAFA,0xFFFFFFFF,0xFFA4A4A4,0xFFB3B3B3,0xFFFFFFFF,0xFFFBFBFB,0xFFFFFFFF,
        0xFFF8F8F8,0xFFEDEDED,0xFFFFFFFF,0xFFEBEBEB,0xFFE3E3E3,0xFEFDFDFD,0xFFFFFFFF,0xE7DBDBDB,0x110D0D0D,0x00000000,0x00000000,0x00000000,0x00000000,
        0x00000000,0x00000000,0x00000000,0x00000000,0x645B5B5B,0xFFFFFFFF,0xFCFAFAFA,0xFFFDFDFD,0xFFFFFFFF,0xFFE1E1E1,0xFFEDEDED,0xFFFFFFFF,0xFFFDFDFD,
        0xFFFCFCFC,0xFFFDFDFD,0xFFFDFDFD,0xFFFFFFFF,0xFF818181,0xFFDCDCDC,0xFFFFFFFF,0xFFFBFBFB,0xFFFDFDFD,0xFFFDFDFD,0xFFFFFFFF,0xFFF3F3F3,0xFFFFFFFF,
        0xFFFEFEFE,0xFFE5E5E5,0xFFFFFFFF,0xFFFDFDFD,0xFFFDFDFD,0xFFFCFCFC,0xFFFFFFFF,0xFFDCDCDC,0xFF818181,0xFFFFFFFF,0xFFFDFDFD,0xFFFDFDFD,0xFFFCFCFC,
        0xFFFDFDFD,0xFFFFFFFF,0xFFEDEDED,0xFFE1E1E1,0xFFFFFFFF,0xFFFDFDFD,0xFCFAFAFA,0xFFFFFFFF,0x655C5C5C,0x00000000,0x00000000,0x00000000,0x00000000,
        0x00000000,0x00000000,0x00000000,0x00000000,0xACA0A0A0,0xFFFFFFFF,0xFCF7F7F7,0xFFDFDFDF,0xFFF4F4F4,0xFFFFFFFF,0xFFF7F7F7,0xFFFDFDFD,0xFFFDFDFD,
        0xFFFDFDFD,0xFFFDFDFD,0xFFFBFBFB,0xFFFFFFFF,0xFFD1D1D1,0xFFBFBFBF,0xFFFFFFFF,0xFFFBFBFB,0xFFFCFCFC,0xFFFFFFFF,0xFFACACAC,0xFF737373,0xFFE2E2E2,
        0xFF8B8B8B,0xFF8D8D8D,0xFFB1B1B1,0xFFFFFFFF,0xFFFBFBFB,0xFFFBFBFB,0xFFFFFFFF,0xFFBFBFBF,0xFFD1D1D1,0xFFFFFFFF,0xFFFBFBFB,0xFFFDFDFD,0xFFFDFDFD,
        0xFFFCFCFC,0xFFFDFDFD,0xFFF7F7F7,0xFFFFFFFF,0xFFF4F4F4,0xFFDFDFDF,0xFCF7F7F7,0xFFFFFFFF,0xADA0A0A0,0x00000000,0x00000000,0x00000000,0x00000000,
        0x00000000,0x00000000,0x00000000,0x00000000,0xE1D5D5D5,0xFFFFFFFF,0xFEFEFEFE,0xFFFFFFFF,0xFFDCDCDC,0xFFEBEBEB,0xFFFFFFFF,0xFFFBFBFB,0xFFFCFCFC,
        0xFFFCFCFC,0xFFFCFCFC,0xFFFCFCFC,0xFFFBFBFB,0xFFFFFFFF,0xFFFFFFFF,0xFFFBFBFB,0xFFFCFCFC,0xFFFDFDFD,0xFFF9F9F9,0xFFD6D6D6,0xFF878787,0xFFD2D2D2,
        0xFFEBEBEB,0xFFDCDCDC,0xFF818181,0xFFFFFFFF,0xFFFAFAFA,0xFFFCFCFC,0xFFFBFBFB,0xFFFFFFFF,0xFFFFFFFF,0xFFFBFBFB,0xFFFCFCFC,0xFFFCFCFC,0xFFFAFAFA,
        0xFFF8F8F8,0xFFFBFBFB,0xFFFFFFFF,0xFFEBEBEB,0xFFDBDBDB,0xFFFFFFFF,0xFEFEFEFE,0xFFFFFFFF,0xE2D4D4D4,0x00000000,0x00000000,0x00000000,0x00000000,
        0x00000000,0x00000000,0x00000000,0x00000000,0xFFF4F4F4,0xFFFFFFFF,0xFFC7C7C7,0xFFD6D6D6,0xFFFFFFFF,0xFFF6F6F6,0xFFF9F9F9,0xFFFCFCFC,0xFFFCFCFC,
        0xFFFCFCFC,0xFFFCFCFC,0xFFFCFCFC,0xFFFCFCFC,0xFFFBFBFB,0xFFFBFBFB,0xFFFCFCFC,0xFFFCFCFC,0xFFFBFBFB,0xFFFCFCFC,0xFFFFFFFF,0xFF878787,0xFFF4F4F4,
        0xFFFAFAFA,0xFF8C8C8C,0xFFEEEEEE,0xFFFFFFFF,0xFFFBFBFB,0xFFFCFCFC,0xFFFCFCFC,0xFFFBFBFB,0xFFFBFBFB,0xFFFCFCFC,0xFFFBFBFB,0xFFF8F8F8,0xFFFFFFFF,
        0xFFFFFFFF,0xFFFCFCFC,0xFFF8F8F8,0xFFF6F6F6,0xFFFFFFFF,0xFFD5D5D5,0xFFC7C7C7,0xFFFFFFFF,0xFFF2F2F2,0x00000000,0x00000000,0x00000000,0x00000000,
        0x00000000,0x00000000,0x00000000,0x00000000,0xFEF3F3F3,0xFFFFFFFF,0xFFD8D8D8,0xFF838383,0xFF9B9B9B,0xFFF2F2F2,0xFFFFFFFF,0xFFFAFAFA,0xFFF9F9F9,
        0xFFFBFBFB,0xFFFAFAFA,0xFFFBFBFB,0xFFFAFAFA,0xFFFAFAFA,0xFFFAFAFA,0xFFFBFBFB,0xFFFAFAFA,0xFFFAFAFA,0xFFFAFAFA,0xFFFBFBFB,0xFF858585,0xFFDDDDDD,
        0xFF6A6A6A,0xFF919191,0xFFD0D0D0,0xFFFAFAFA,0xFFFAFAFA,0xFFFBFBFB,0xFFFAFAFA,0xFFFAFAFA,0xFFFBFBFB,0xFFF8F8F8,0xFFFAFAFA,0xFFFFFFFF,0xFFB9B9B9,
        0xFF8E8E8E,0xFFF6F6F6,0xFFFFFFFF,0xFFF1F1F1,0xFF9B9B9B,0xFF838383,0xFFD8D8D8,0xFFFFFFFF,0xFEF1F1F1,0x00000000,0x00000000,0x00000000,0x00000000,
        0x00000000,0x00000000,0x00000000,0x00000000,0xFFF3F3F3,0xFFFBFBFB,0xFFFFFFFF,0xFFFFFFFF,0xFFBDBDBD,0xFF7E7E7E,0xFFB2B2B2,0xFFFEFEFE,0xFFFFFFFF,
        0xFFF9F9F9,0xFFFAFAFA,0xFFFAFAFA,0xFFFAFAFA,0xFFF9F9F9,0xFFFAFAFA,0xFFFAFAFA,0xFFFAFAFA,0xFFFAFAFA,0xFFFAFAFA,0xFFFBFBFB,0xFFDCDCDC,0xFFEAEAEA,
        0xFFC7C7C7,0xFFC1C1C1,0xFFCACACA,0xFFFCFCFC,0xFFFAFAFA,0xFFFAFAFA,0xFFFAFAFA,0xFFFAFAFA,0xFFF6F6F6,0xFFFFFFFF,0xFFFEFEFE,0xFF818181,0xFF000000,
        0xFF020202,0xFFDEDEDE,0xFFB7B7B7,0xFF7C7C7C,0xFFBCBCBC,0xFFFFFFFF,0xFFFFFFFF,0xFFFBFBFB,0xFFF2F2F2,0x00000000,0x00000000,0x00000000,0x00000000,
        0x00000000,0x00000000,0x00000000,0x00000000,0xFFF3F3F3,0xFFFEFEFE,0xFFE7E7E7,0xFFDEDEDE,0xFFFEFEFE,0xFFF5F5F5,0xFFA2A2A2,0xFF808080,0xFFCFCFCF,
        0xFFFFFFFF,0xFFF9F9F9,0xFFFAFAFA,0xFFF9F9F9,0xFFFCFCFC,0xFFF8F8F8,0xFFF9F9F9,0xFFFAFAFA,0xFFFAFAFA,0xFFFAFAFA,0xFFFAFAFA,0xFFFFFFFF,0xFFFDFDFD,
        0xFFFFFFFF,0xFFFFFFFF,0xFFFFFFFF,0xFFFAFAFA,0xFFFAFAFA,0xFFFAFAFA,0xFFF9F9F9,0xFFF6F6F6,0xFFFFFFFF,0xFFDDDDDD,0xFF454545,0xFF000000,0xFF171717,
        0xFF7B7B7B,0xFF818181,0xFF9F9F9F,0xFFF5F5F5,0xFFFEFEFE,0xFFDEDEDE,0xFFE7E7E7,0xFFFEFEFE,0xFFF1F1F1,0x00000000,0x00000000,0x00000000,0x00000000,
        0x00000000,0x00000000,0x00000000,0x00000000,0xFFF5F5F5,0xFFFAFAFA,0xFFFCFCFC,0xFFF5F5F5,0xFFDFDFDF,0xFFF1F1F1,0xFFFFFFFF,0xFFD9D9D9,0xFFBDBDBD,
        0xFFFDFDFD,0xFFF8F8F8,0xFFF8F8F8,0xFFFEFEFE,0xFFF3F3F3,0xFFFFFFFF,0xFFFDFDFD,0xFFF6F6F6,0xFFF9F9F9,0xFFF9F9F9,0xFFF9F9F9,0xFFF8F8F8,0xFFF9F9F9,
        0xFFF7F7F7,0xFFF7F7F7,0xFFF8F8F8,0xFFF9F9F9,0xFFF9F9F9,0xFFF6F6F6,0xFFFBFBFB,0xFFFFFFFF,0xFFA7A7A7,0xFF161616,0xFF000000,0xFF3F3F3F,0xFFD8D8D8,
        0xFFC7C7C7,0xFFD5D5D5,0xFFFFFFFF,0xFFF1F1F1,0xFFDFDFDF,0xFFF5F5F5,0xFFFBFBFB,0xFFFAFAFA,0xFFF4F4F4,0x00000000,0x00000000,0x00000000,0x00000000,
        0x00000000,0x00000000,0x00000000,0x00000000,0xFFF6F6F6,0xFFFBFBFB,0xFFE9E9E9,0xFFE8E8E8,0xFFF7F7F7,0xFFF9F9F9,0xFFF6F6F6,0xFFFFFFFF,0xFFFFFFFF,
        0xFFF8F8F8,0xFFF7F7F7,0xFFFFFFFF,0xFFCECECE,0xFF181818,0xFF696969,0xFFF3F3F3,0xFFFFFFFF,0xFFF4F4F4,0xFFF9F9F9,0xFFF9F9F9,0xFFF9F9F9,0xFFF9F9F9,
        0xFFF9F9F9,0xFFF9F9F9,0xFFF9F9F9,0xFFF9F9F9,0xFFF4F4F4,0xFFFFFFFF,0xFFF4F4F4,0xFF6B6B6B,0xFF000000,0xFF000000,0xFF797979,0xFFF5F5F5,0xFFFBFBFB,
        0xFFFCFCFC,0xFFFEFEFE,0xFFF6F6F6,0xFFF9F9F9,0xFFF7F7F7,0xFFE8E8E8,0xFFE9E9E9,0xFFFCFCFC,0xFFF4F4F4,0x00000000,0x00000000,0x00000000,0x00000000,
        0x00000000,0x00000000,0x00000000,0x00000000,0xFFF6F6F6,0xFFF9F9F9,0xFFF6F6F6,0xFFEBEBEB,0xFFE0E0E0,0xFFEFEFEF,0xFFFAFAFA,0xFFF7F7F7,0xFFF6F6F6,
        0xFFF8F8F8,0xFFF7F7F7,0xFFFEFEFE,0xFFD9D9D9,0xFF1C1C1C,0xFF000000,0xFF323232,0xFFC9C9C9,0xFFFFFFFF,0xFFF5F5F5,0xFFF6F6F6,0xFFF8F8F9,0xFFF8F8F8,
        0xFFF8F8F8,0xFFF8F8F9,0xFFF6F6F6,0xFFF6F6F6,0xFFFFFFFF,0xFFCBCBCB,0xFF333333,0xFF000000,0xFF212121,0xFFB2B2B2,0xFFFFFFFF,0xFFF4F4F4,0xFFF4F4F4,
        0xFFF6F6F6,0xFFF6F6F6,0xFFFAFAFA,0xFFEFEFEF,0xFFE0E0E0,0xFFEBEBEB,0xFFF6F6F6,0xFFFAFAFA,0xFFF4F4F4,0x00000000,0x00000000,0x00000000,0x00000000,
        0x00000000,0x00000000,0x00000000,0x00000000,0xFFF6F6F6,0xFFFAFAFA,0xFFEDEDED,0xFFECECEC,0xFFF3F3F3,0xFFF6F6F6,0xFFF8F8F8,0xFFF7F7F7,0xFFF7F7F7,
        0xFFF6F6F6,0xFFF7F7F7,0xFFF5F5F5,0xFFFFFFFF,0xFFE5E5E5,0xFF535353,0xFF000000,0xFF090909,0xFF909090,0xFFFFFFFF,0xFFFCFCFC,0xFFF5F5F5,0xFFF8F8F8,
        0xFFF7F8F8,0xFFF5F5F5,0xFFFCFCFC,0xFFFFFFFF,0xFF929292,0xFF090909,0xFF000000,0xFF535353,0xFFE0E0E0,0xFFFFFFFF,0xFFF0F0F0,0xFFF5F5F5,0xFFF6F6F6,
        0xFFF7F7F7,0xFFF7F7F7,0xFFF8F8F8,0xFFF6F6F6,0xFFF3F3F3,0xFFECECEC,0xFFECECEC,0xFFFAFAFA,0xFFF4F4F4,0x00000000,0x00000000,0x00000000,0x00000000,
        0x00000000,0x00000000,0x00000000,0x00000000,0xFFF5F5F5,0xFFF9F9F9,0xFFF1F1F1,0xFFE8E8E8,0xFFE1E1E1,0xFFEFEFEF,0xFFF9F9F9,0xFFF6F6F6,0xFFFBFBFB,
        0xFFFFFFFF,0xFFF8F8F8,0xFFF7F7F7,0xFFF4F4F4,0xFFFBFBFB,0xFFFEFEFE,0xFF8D8D8D,0xFF080808,0xFF000000,0xFF565656,0xFFE6E6E6,0xFFF8F9F9,0xFFF4F3F2,
        0xFFF3F3F2,0xFFFAFAFA,0xFFE8E8E8,0xFF565656,0xFF000000,0xFF090909,0xFF8C8C8C,0xFFFAFAFA,0xFFF8F8F8,0xFFF1F1F1,0xFFF6F6F6,0xFFFAFAFA,0xFFFFFFFF,
        0xFFF9F9F9,0xFFF6F6F6,0xFFF9F9F9,0xFFEFEFEF,0xFFE2E2E2,0xFFE8E8E8,0xFFF1F1F1,0xFFF9F9F9,0xFFF3F3F3,0x00000000,0x00000000,0x00000000,0x00000000,
        0x00000000,0x00000000,0x00000000,0x00000000,0xFFF5F5F5,0xFFF9F9F9,0xFFEDEDED,0xFFEAEAEA,0xFFEDEDED,0xFFF2F2F2,0xFFF4F4F4,0xFFFCFCFC,0xFFE8E8E8,
        0xFFC6C6C6,0xFFF4F4F4,0xFFF9F9F9,0xFFF7F7F7,0xFFF4F4F4,0xFFF3F3F3,0xFFFFFFFF,0xFFC5C5C5,0xFF313131,0xFF000000,0xFF2A2927,0xFFFBFFFF,0xFFFFD598,
        0xFFFFD69A,0xFFFEFFFF,0xFF2B2928,0xFF000000,0xFF313131,0xFFC3C3C3,0xFFFFFFFF,0xFFF1F1F1,0xFFF3F3F3,0xFFF5F5F5,0xFFFAFAFA,0xFFEBEBEB,0xFFC3C3C3,
        0xFFEEEEEE,0xFFFAFAFA,0xFFF5F5F5,0xFFF2F2F2,0xFFEDEDED,0xFFEAEAEA,0xFFEDEDED,0xFFF9F9F9,0xFFF3F3F3,0x00000000,0x00000000,0x00000000,0x00000000,
        0x00000000,0x00000000,0x00000000,0x00000000,0xFFF4F4F4,0xFFF7F7F7,0xFFF6F6F6,0xFFF2F2F2,0xFFEEEEEE,0xFFFBFBFB,0xFFFFFFFF,0xFFE3E3E3,0xFF878787,
        0xFFA1A1A1,0xFF949494,0xFFF8F8F8,0xFFF6F6F6,0xFFF6F6F6,0xFFF6F6F6,0xFFF1F1F1,0xFFFFFFFF,0xFFECECEC,0xFF6F6F6F,0xFF262421,0xFF586270,0xFFDAA55A,
        0xFFDCA45B,0xFF5A6370,0xFF262422,0xFF6F6F6F,0xFFE9E9E9,0xFFFCFCFC,0xFFEEEEEE,0xFFF4F4F4,0xFFF6F6F6,0xFFF7F7F7,0xFFF2F2F2,0xFF8F8F8F,0xFFA7A7A7,
        0xFF868686,0xFFF3F3F3,0xFFFFFFFF,0xFFFCFCFC,0xFFEEEEEE,0xFFF2F2F2,0xFFF6F6F6,0xFFF8F8F8,0xFFF2F2F2,0x00000000,0x00000000,0x00000000,0x00000000,
        0x00000000,0x00000000,0x00000000,0x00000000,0xFFF3F3F3,0xFFFAFAFA,0xFFC8C8C8,0xFFB1B1B1,0xFFB6B6B6,0xFFADADAD,0xFFD7D7D7,0xFFD0D0D0,0xFF808080,
        0xFFF1F1F1,0xFF696969,0xFFDDDDDD,0xFFFBFBFB,0xFFF5F5F5,0xFFF6F6F6,0xFFF5F5F5,0xFFF1F1F1,0xFFF6F6F6,0xFFFEFDFD,0xFFFEFEFE,0xFF525358,0xFFA16B24,
        0xFFA16A23,0xFF515156,0xFFFCFCFC,0xFFFCFBFB,0xFFF4F4F4,0xFFF0F0F0,0xFFF4F4F4,0xFFF5F5F5,0xFFF5F5F5,0xFFF6F6F6,0xFFF5F5F5,0xFFE8E8E8,0xFFAEAEAE,
        0xFF8A8A8A,0xFFFFFFFF,0xFFCDCDCD,0xFFAEAEAE,0xFFB7B7B7,0xFFB1B1B1,0xFFC8C8C8,0xFFFAFAFA,0xFFF1F1F1,0x00000000,0x00000000,0x00000000,0x00000000,
        0x00000000,0x00000000,0x00000000,0x00000000,0xFFF3F3F3,0xFFF9F9F9,0xFFC7C7C7,0xFFB0B0B0,0xFFB6B6B6,0xFFADADAD,0xFFCDCDCD,0xFFF8F8F8,0xFFA5A5A5,
        0xFFA7A7A7,0xFF727272,0xFFDEDEDE,0xFFFAFAFA,0xFFF3F3F3,0xFFF4F4F4,0xFFF5F5F5,0xFFF4F4F4,0xFFF3F3F3,0xFFEEEEEE,0xFFFFFFFF,0xFFB2B2B5,0xFFA7712A,
        0xFFA8712A,0xFFABADB1,0xFFFDFDFC,0xFFECECEC,0xFFF3F3F3,0xFFF4F4F4,0xFFF4F4F4,0xFFF4F4F4,0xFFF4F4F4,0xFFF5F5F5,0xFFF0F0F0,0xFFE4E4E4,0xFFCBCBCB,
        0xFF818181,0xFFEEEEEE,0xFFD0D0D0,0xFFADADAD,0xFFB6B6B6,0xFFB0B0B0,0xFFC7C7C7,0xFFF9F9F9,0xFFF1F1F1,0x00000000,0x00000000,0x00000000,0x00000000,
        0x00000000,0x00000000,0x00000000,0x00000000,0xFFF3F3F3,0xFFF5F5F5,0xFFF5F5F5,0xFFF1F1F1,0xFFEDEDED,0xFFFAFAFA,0xFFFFFFFF,0xFFEBEBEB,0xFF969696,
        0xFF9D9D9D,0xFF999999,0xFFF8F8F8,0xFFF4F4F4,0xFFF4F4F4,0xFFF4F4F4,0xFFF4F4F4,0xFFF5F5F5,0xFFF4F4F4,0xFFF4F4F4,0xFFF5F3F0,0xFFEBF5FF,0xFFDAA55D,
        0xFFD7A25A,0xFFE4EEFC,0xFFF1EFEC,0xFFF3F3F3,0xFFF4F4F4,0xFFF5F5F5,0xFFF4F4F4,0xFFF5F5F5,0xFFF4F4F4,0xFFF7F7F7,0xFFECECEC,0xFF878787,0xFFAAAAAA,
        0xFF838383,0xFFEAEAEA,0xFFFFFFFF,0xFFFAFAFA,0xFFEDEDED,0xFFF2F2F2,0xFFF5F5F5,0xFFF6F6F6,0xFFF2F2F2,0x00000000,0x00000000,0x00000000,0x00000000,
        0x00000000,0x00000000,0x00000000,0x00000000,0xFFF2F2F2,0xFFF6F6F6,0xFFEAEAEA,0xFFE7E7E7,0xFFEBEBEB,0xFFEFEFEF,0xFFF2F2F2,0xFFF7F7F7,0xFFE3E3E3,
        0xFFC7C7C7,0xFFF3F3F3,0xFFF6F6F6,0xFFF3F3F3,0xFFF4F4F4,0xFFF4F4F4,0xFFF4F4F4,0xFFF4F4F4,0xFFF4F4F4,0xFFF4F4F4,0xFFF4F2F0,0xFFF2FCFF,0xFFFDC980,
        0xFFFBC77E,0xFFF0F8FF,0xFFF2F0EE,0xFFF4F4F4,0xFFF4F4F4,0xFFF4F4F4,0xFFF4F4F4,0xFFF4F4F4,0xFFF4F4F4,0xFFF3F3F3,0xFFF8F8F8,0xFFE9E9E9,0xFFC4C4C4,
        0xFFECECEC,0xFFF8F8F8,0xFFF2F2F2,0xFFEFEFEF,0xFFEBEBEB,0xFFE7E7E7,0xFFEAEAEA,0xFFF6F6F6,0xFFF2F2F2,0x00000000,0x00000000,0x00000000,0x00000000,
        0x00000000,0x00000000,0x00000000,0x00000000,0xFFF2F2F2,0xFFF5F5F5,0xFFEEEEEE,0xFFE6E6E6,0xFFDFDFDF,0xFFECECEC,0xFFF5F5F5,0xFFF2F2F2,0xFFF7F7F7,
        0xFFFDFDFD,0xFFF3F3F3,0xFFF3F3F3,0xFFF3F3F3,0xFFF3F3F3,0xFFF3F3F3,0xFFF3F3F3,0xFFF3F3F3,0xFFF3F3F3,0xFFF3F3F3,0xFFF3F2EF,0xFFF1FBFF,0xFFF6C27A,
        0xFFF6C27A,0xFFF2FAFF,0xFFF3F1EF,0xFFF3F3F3,0xFFF3F3F3,0xFFF3F3F3,0xFFF3F3F3,0xFFF3F3F3,0xFFF3F3F3,0xFFF3F3F3,0xFFF2F2F2,0xFFF6F6F6,0xFFFDFDFD,
        0xFFF5F5F5,0xFFF2F2F2,0xFFF5F5F5,0xFFECECEC,0xFFDFDFDF,0xFFE6E6E6,0xFFEEEEEE,0xFFF5F5F5,0xFFF2F2F2,0x00000000,0x00000000,0x00000000,0x00000000,
        0x00000000,0x00000000,0x00000000,0x00000000,0xFFF1F1F1,0xFFF5F5F5,0xFFE9E9E9,0xFFE8E8E8,0xFFEFEFEF,0xFFF2F2F2,0xFFF3F3F3,0xFFF3F3F3,0xFFF2F2F2,
        0xFFF2F2F2,0xFFF3F3F3,0xFFF3F3F3,0xFFF3F3F3,0xFFF3F3F3,0xFFF3F3F3,0xFFF3F3F3,0xFFF3F3F3,0xFFF3F3F3,0xFFF3F3F3,0xFFF3F2EF,0xFFF2FBFF,0xFFF8C37B,
        0xFFF8C47B,0xFFF3FBFF,0xFFF3F2EF,0xFFF3F3F3,0xFFF3F3F3,0xFFF3F3F3,0xFFF3F3F3,0xFFF3F3F3,0xFFF3F3F3,0xFFF3F3F3,0xFFF3F3F3,0xFFF2F2F2,0xFFF1F1F1,
        0xFFF2F2F2,0xFFF3F3F3,0xFFF3F3F3,0xFFF1F1F1,0xFFEFEFEF,0xFFE8E8E8,0xFFE9E9E9,0xFFF5F5F5,0xFFF1F1F1,0x00000000,0x00000000,0x00000000,0x00000000,
        0x00000000,0x00000000,0x00000000,0x00000000,0xFFF0F0F0,0xFFF4F4F4,0xFFF0F0F0,0xFFE7E7E7,0xFFDDDDDD,0xFFEAEAEA,0xFFF3F3F3,0xFFF0F0F0,0xFFF0F0F0,
        0xFFF2F2F2,0xFFF2F2F2,0xFFF2F2F2,0xFFF2F2F2,0xFFF2F2F2,0xFFF2F2F2,0xFFF2F2F2,0xFFF2F2F2,0xFFF2F2F2,0xFFF2F2F2,0xFFF2F0EE,0xFFF1FAFF,0xFFF7C37B,
        0xFFF7C37A,0xFFF2FAFF,0xFFF2F0EE,0xFFF2F2F2,0xFFF2F2F2,0xFFF2F2F2,0xFFF2F2F2,0xFFF2F2F2,0xFFF2F2F2,0xFFF2F2F2,0xFFF2F2F2,0xFFF2F2F2,0xFFF2F2F2,
        0xFFF0F0F0,0xFFF1F1F1,0xFFF3F3F3,0xFFEAEAEA,0xFFDDDDDD,0xFFE7E7E7,0xFFF0F0F0,0xFFF4F4F4,0xFFF1F1F1,0x00000000,0x00000000,0x00000000,0x00000000,
        0x00000000,0x00000000,0x00000000,0x00000000,0xFFEFEFEF,0xFFF4F4F4,0xFFE4E4E4,0xFFE3E3E3,0xFFEFEFEF,0xFFF1F1F1,0xFFEEEEEE,0xFFF7F7F7,0xFFFBFBFB,
        0xFFF0F0F0,0xFFF1F1F1,0xFFF1F1F1,0xFFF1F1F1,0xFFF1F1F1,0xFFF1F1F1,0xFFF1F1F1,0xFFF1F1F1,0xFFF1F1F1,0xFFF2F2F2,0xFFF1EFED,0xFFF0F9FF,0xFFF7C37B,
        0xFFF7C37A,0xFFF0F9FF,0xFFF2F0EE,0xFFF1F1F1,0xFFF1F1F1,0xFFF2F2F2,0xFFF1F1F1,0xFFF1F1F1,0xFFF2F2F2,0xFFF1F1F1,0xFFF1F1F1,0xFFF2F2F2,0xFFF1F1F1,
        0xFFFBFBFB,0xFFF8F8F8,0xFFEEEEEE,0xFFF1F1F1,0xFFEFEFEF,0xFFE3E3E3,0xFFE4E4E4,0xFFF4F4F4,0xFFF0F0F0,0x00000000,0x00000000,0x00000000,0x00000000,
        0x00000000,0x00000000,0x00000000,0x00000000,0xFFEEEEEE,0xFFF2F2F2,0xFFF3F3F3,0xFFEEEEEE,0xFFDBDBDB,0xFFEBEBEB,0xFFFFFFFF,0xFFD3D3D3,0xFFB8B8B8,
        0xFFF5F5F5,0xFFF0F0F0,0xFFF1F1F1,0xFFF1F1F1,0xFFF1F1F1,0xFFF1F1F1,0xFFF1F1F1,0xFFF1F1F1,0xFFF1F1F1,0xFFF1F1F1,0xFFF1F0EE,0xFFF0F9FF,0xFFF7C27A,
        0xFFF6C279,0xFFF0F8FF,0xFFF1F0EE,0xFFF1F1F1,0xFFF1F1F1,0xFFF1F1F1,0xFFF1F1F1,0xFFF1F1F1,0xFFF1F1F1,0xFFF1F1F1,0xFFF1F1F1,0xFFF0F0F0,0xFFF6F6F6,
        0xFFB8B8B8,0xFFD3D3D3,0xFFFFFFFF,0xFFEBEBEB,0xFFDBDBDB,0xFFEDEDED,0xFFF3F3F3,0xFFF2F2F2,0xFFEFEFEF,0x00000000,0x00000000,0x00000000,0x00000000,
        0x00000000,0x00000000,0x00000000,0x00000000,0xFFEBEBEB,0xFFF4F4F4,0xFFE1E1E1,0xFFDADADA,0xFFF6F6F6,0xFFECECEC,0xFF9E9E9E,0xFF7D7D7D,0xFFC8C8C8,
        0xFFF5F5F5,0xFFF0F0F0,0xFFF1F1F1,0xFFF1F1F1,0xFFF1F1F1,0xFFF1F1F1,0xFFF1F1F1,0xFFF1F1F1,0xFFF1F1F1,0xFFF1F1F1,0xFFF1EFED,0xFFF0F9FF,0xFFFBC67E,
        0xFFFDC980,0xFFF4FCFF,0xFFF0EFEC,0xFFF1F1F1,0xFFF1F1F1,0xFFF1F1F1,0xFFF1F1F1,0xFFF1F1F1,0xFFF1F1F1,0xFFF1F1F1,0xFFF1F1F1,0xFFF0F0F0,0xFFF5F5F5,
        0xFFC8C8C8,0xFF7D7D7D,0xFF9E9E9E,0xFFECECEC,0xFFF6F6F6,0xFFDADADA,0xFFE1E1E1,0xFFF4F4F4,0xFFEDEDED,0x00000000,0x00000000,0x00000000,0x00000000,
        0x00000000,0x00000000,0x00000000,0x00000000,0xFFEBEBEB,0xFFF1F1F1,0xFFF5F5F5,0xFFF9F9F9,0xFFB5B5B5,0xFF7A7A7A,0xFFABABAB,0xFFF3F3F3,0xFFF9F9F9,
        0xFFEEEEEE,0xFFF0F0F0,0xFFF0F0F0,0xFFEFEFEF,0xFFEFEFEF,0xFFF0F0F0,0xFFEFEFEF,0xFFEFEFEF,0xFFF0F0F0,0xFFEFEFEF,0xFFF0EFED,0xFFEBF5FF,0xFFE2AE66,
        0xFFD4A158,0xFFDFE7F4,0xFFF3F1EF,0xFFEFEFEF,0xFFF0F0F0,0xFFF0F0F0,0xFFEFEFEF,0xFFF0F0F0,0xFFF0F0F0,0xFFEFEFEF,0xFFF0F0F0,0xFFF0F0F0,0xFFEEEEEE,
        0xFFF9F9F9,0xFFF4F4F4,0xFFABABAB,0xFF7A7A7A,0xFFB6B6B6,0xFFF9F9F9,0xFFF5F5F5,0xFFF1F1F1,0xFFEEEEEE,0x00000000,0x00000000,0x00000000,0x00000000,
        0x00000000,0x00000000,0x00000000,0x00000000,0xFEE9E9E9,0xFFF6F6F6,0xFFD0D0D0,0xFF7F7F7F,0xFF969696,0xFFE7E7E7,0xFFFDFDFD,0xFFEFEFEF,0xFFEEEEEE,
        0xFFF0F0F0,0xFFEFEFEF,0xFFF0F0F0,0xFFF0F0F0,0xFFEFEFEF,0xFFF0F0F0,0xFFF0F0F0,0xFFEFEFEF,0xFFEFEFEF,0xFFEEEEEE,0xFFFBF9F7,0xFFABB4C1,0xFFB68139,
        0xFFC6934A,0xFFB9C1CE,0xFFF9F7F5,0xFFEEEEEE,0xFFEFEFEF,0xFFF0F0F0,0xFFF0F0F0,0xFFEFEFEF,0xFFF0F0F0,0xFFF0F0F0,0xFFEFEFEF,0xFFF0F0F0,0xFFF0F0F0,
        0xFFEDEDED,0xFFEFEFEF,0xFFFDFDFD,0xFFE7E7E7,0xFF969696,0xFF7F7F7F,0xFFD0D0D0,0xFFF6F6F6,0xFEECECEC,0x00000000,0x00000000,0x00000000,0x00000000,
        0x00000000,0x00000000,0x00000000,0x00000000,0xFFEAEAEA,0xFFF6F6F6,0xFFBEBEBE,0xFFCBCBCB,0xFFFFFFFF,0xFFECECEC,0xFFECECEC,0xFFEEEEEE,0xFFEFEFEF,
        0xFFEFEFEF,0xFFEEEEEE,0xFFEFEFEF,0xFFEFEFEF,0xFFEDEDED,0xFFEEEEEE,0xFFEFEFEF,0xFFEEEEEE,0xFFEFEFEF,0xFFEDEDED,0xFFFAF9F7,0xFF7F8995,0xFFBA863E,
        0xFFC38F46,0xFFBCC5D2,0xFFF7F5F3,0xFFEDEDED,0xFFEEEEEE,0xFFEFEFEF,0xFFEFEFEF,0xFFEEEEEE,0xFFEEEEEE,0xFFEFEFEF,0xFFEEEEEE,0xFFEFEFEF,0xFFEFEFEF,
        0xFFEEEEEE,0xFFEFEFEF,0xFFECECEC,0xFFEBEBEB,0xFFFFFFFF,0xFFCBCBCB,0xFFBEBEBE,0xFFF6F6F6,0xFFEEEEEE,0x00000000,0x00000000,0x00000000,0x00000000,
        0x00000000,0x00000000,0x00000000,0x00000000,0xE2CECECE,0xFFF3F3F3,0xFEF6F6F6,0xFFF3F3F3,0xFFD6D6D6,0xFFE2E2E2,0xFFF1F1F1,0xFFEEEEEE,0xFFEEEEEE,
        0xFFEEEEEE,0xFFEEEEEE,0xFFEFEFEF,0xFFEDEDED,0xFFF3F3F3,0xFFF3F3F3,0xFFEDEDED,0xFFEEEEEE,0xFFEFEFEF,0xFFECECEC,0xFFFCFAF8,0xFF868F9B,0xFFBC8740,
        0xFFD09D54,0xFF7C8491,0xFFFBF9F7,0xFFECECEC,0xFFEEEEEE,0xFFEFEFEF,0xFFEDEDED,0xFFF3F3F3,0xFFF3F3F3,0xFFEDEDED,0xFFEFEFEF,0xFFEEEEEE,0xFFEEEEEE,
        0xFFEEEEEE,0xFFEEEEEE,0xFFF1F1F1,0xFFE2E2E2,0xFFD6D6D6,0xFFF3F3F3,0xFEF6F6F6,0xFFF4F4F4,0xE4D3D3D3,0x00000000,0x00000000,0x00000000,0x00000000,
        0x00000000,0x00000000,0x00000000,0x00000000,0xAE9B9B9B,0xFFFAFAFA,0xFCE9E9E9,0xFFD9D9D9,0xFFE7E7E7,0xFFF1F1F1,0xFFEAEAEA,0xFFEEEEEE,0xFFEEEEEE,
        0xFFEEEEEE,0xFFEEEEEE,0xFFECECEC,0xFFF7F7F7,0xFFC6C6C6,0xFFB5B5B5,0xFFF8F8F8,0xFFECECEC,0xFFEEEEEE,0xFFEDEDED,0xFFF5F4F1,0xFFCAD4E0,0xFFBF8A42,
        0xFFB9863D,0xFFBBC3D0,0xFFF6F5F3,0xFFEDEDED,0xFFEEEEEE,0xFFECECEC,0xFFF8F8F8,0xFFB5B5B5,0xFFC6C6C6,0xFFF7F7F7,0xFFECECEC,0xFFEEEEEE,0xFFEEEEEE,
        0xFFEEEEEE,0xFFEEEEEE,0xFFEAEAEA,0xFFF1F1F1,0xFFE7E7E7,0xFFD8D8D8,0xFCE8E8E8,0xFFFCFCFC,0xAFA0A0A0,0x00000000,0x00000000,0x00000000,0x00000000,
        0x00000000,0x00000000,0x00000000,0x00000000,0x66595959,0xFFF7F7F7,0xFCEBEBEB,0xFFEEEEEE,0xFFF0F0F0,0xFFDADADA,0xFFE2E2E2,0xFFF1F1F1,0xFFEDEDED,
        0xFFEDEDED,0xFFEDEDED,0xFFEDEDED,0xFFF1F1F1,0xFF7C7C7C,0xFFD0D0D0,0xFFF4F4F4,0xFFECECEC,0xFFEDEDED,0xFFEDEDED,0xFFEDEBE9,0xFFEFF9FF,0xFFF8C27B,
        0xFFF3C077,0xFFF1FAFF,0xFFEDEBE9,0xFFEDEDED,0xFFEDEDED,0xFFECECEC,0xFFF4F4F4,0xFFCFCFCF,0xFF7C7C7C,0xFFF1F1F1,0xFFEDEDED,0xFFEDEDED,0xFFEDEDED,
        0xFFEDEDED,0xFFF1F1F1,0xFFE2E2E2,0xFFDADADA,0xFFF0F0F0,0xFFEEEEEE,0xFCEAEAEA,0xFFFAFAFA,0x685D5D5D,0x00000000,0x00000000,0x00000000,0x00000000,
        0x00000000,0x00000000,0x00000000,0x00000000,0x110E0E0E,0xE8D2D2D2,0xFFF4F4F4,0xFEEBEBEB,0xFFDADADA,0xFFE0E0E0,0xFFF1F1F1,0xFFE1E1E1,0xFFE8E8E8,
        0xFFEEEEEE,0xFFEAEAEA,0xFFF9F9F9,0xFFA9A9A9,0xFF9B9B9B,0xFFFDFDFD,0xFFE9E9E9,0xFFEDEDED,0xFFECECEC,0xFFEDEDED,0xFFEDEBE9,0xFFEAF4FF,0xFFF5BF76,
        0xFFF5C077,0xFFEAF3FF,0xFFEDEBE9,0xFFEDEDED,0xFFECECEC,0xFFEDEDED,0xFFE9E9E9,0xFFFDFDFD,0xFF9B9B9B,0xFFA9A9A9,0xFFF9F9F9,0xFFEAEAEA,0xFFEEEEEE,
        0xFFE8E8E8,0xFFE1E1E1,0xFFF0F0F0,0xFFE0E0E0,0xFFDADADA,0xFEEBEBEB,0xFFF4F4F4,0xE9D7D7D7,0x120F0F0F,0x00000000,0x00000000,0x00000000,0x00000000,
        0x00000000,0x00000000,0x00000000,0x00000000,0x00000000,0x78696969,0xFFFFFFFF,0xF9E6E6E6,0xFFE8E8E8,0xFFEFEFEF,0xFFE0E0E0,0xFFD9D9D9,0xFFEFEFEF,
        0xFFE0E0E0,0xFFE9E9E9,0xFFE3E3E3,0xFF797979,0xFFE7E7E7,0xFFE6E6E6,0xFFECECEC,0xFFE5E5E5,0xFFEBEBEB,0xFFE6E6E6,0xFFEAE8E6,0xFFE5EEF9,0xFFF4C37A,
        0xFFF5C27B,0xFFE5EEF8,0xFFEBE9E7,0xFFE6E6E6,0xFFEBEBEB,0xFFE5E5E5,0xFFEBEBEB,0xFFE6E6E6,0xFFE8E8E8,0xFF797979,0xFFE3E3E3,0xFFE9E9E9,0xFFE0E0E0,
        0xFFEFEFEF,0xFFD9D9D9,0xFFE0E0E0,0xFFF0F0F0,0xFFE8E8E8,0xF9E6E6E6,0xFFFFFFFF,0x7A6D6D6D,0x00000000,0x00000000,0x00000000,0x00000000,0x00000000,
        0x00000000,0x00000000,0x00000000,0x00000000,0x00000000,0x00000000,0xCDB6B6B6,0xFFFCFCFC,0xF9E7E7E7,0xFFE8E8E8,0xFFDADADA,0xFFEEEEEE,0xFFE5E5E5,
        0xFFD5D5D5,0xFFFBFBFB,0xFF949494,0xFFB2B2B2,0xFFF1F1F1,0xFFD8D8D8,0xFFEAEAEA,0xFFDADADA,0xFFE8E8E8,0xFFDBDBDB,0xFFE4E4E3,0xFFE4E7EA,0xFFBDB3A7,
        0xFFBDB3A7,0xFFE5E6E9,0xFFE4E4E4,0xFFDBDBDB,0xFFE8E8E8,0xFFD9D9D9,0xFFE9E9E9,0xFFD8D8D8,0xFFF2F2F2,0xFFB3B3B3,0xFF949494,0xFFFBFBFB,0xFFD5D5D5,
        0xFFE6E6E6,0xFFEEEEEE,0xFFDADADA,0xFFE8E8E8,0xF9E7E7E7,0xFFFEFEFE,0xCEBCBCBC,0x00000000,0x00000000,0x00000000,0x00000000,0x00000000,0x00000000,
        0x00000000,0x00000000,0x00000000,0x00000000,0x03020202,0x00000000,0x1A161616,0xE5CDCDCD,0xFFFCFCFC,0xF9E7E7E7,0xFEEAEAEA,0xFFEBEBEB,0xFFD7D7D7,
        0xFFF0F0F0,0xFFC8C8C8,0xFF7E7E7E,0xFFF4F4F4,0xFFD7D7D7,0xFFE8E8E8,0xFFDFDFDF,0xFFE2E2E2,0xFFE3E3E3,0xFFE0E0E0,0xFFE0E1E1,0xFFEBEBEB,0xFFA6A9AC,
        0xFFA5A9AB,0xFFECEBEB,0xFFE1E1E1,0xFFE0E0E0,0xFFE3E3E3,0xFFE2E2E2,0xFFDFDFDF,0xFFE8E8E8,0xFFD7D7D7,0xFFF4F4F4,0xFF7E7E7E,0xFFC8C8C8,0xFFF0F0F0,
        0xFFD8D8D8,0xFFECECEC,0xFEEAEAEA,0xF9E5E5E5,0xFFFFFFFF,0xE6D3D3D3,0x1B171717,0x00000000,0x03020202,0x00000000,0x00000000,0x00000000,0x00000000,
        0x00000000,0x00000000,0x00000000,0x00000000,0x00000000,0x03030303,0x00000000,0x1A161616,0xCDB6B6B6,0xFFFFFFFF,0xFFF3F3F3,0xFCE9E9E9,0xFCE7E7E7,
        0xFEF3F3F3,0xFFBCBCBC,0xFFCDCDCD,0xFFF2F2F2,0xFFDEDEDE,0xFFEDEDED,0xFFE0E0E0,0xFFEAEAEA,0xFFE3E3E3,0xFFE7E7E7,0xFFE3E3E3,0xFFEDEDED,0xFFC1C0C0,
        0xFFC1C0C0,0xFFEDEDED,0xFFE4E4E4,0xFFE7E7E7,0xFFE3E3E3,0xFFEAEAEA,0xFFE1E1E1,0xFFEDEDED,0xFFDEDEDE,0xFFF1F1F1,0xFFCCCCCC,0xFFBCBCBC,0xFEF3F3F3,
        0xFCE6E6E6,0xFCE8E8E8,0xFFF3F3F3,0xFFFFFFFF,0xCEBCBCBC,0x1B171717,0x00000000,0x03030303,0x00000000,0x00000000,0x00000000,0x00000000,0x00000000,
        0x00000000,0x00000000,0x00000000,0x00000000,0x00000000,0x00000000,0x03030303,0x00000000,0x00000000,0x79696969,0xE8D1D1D1,0xFFF5F5F5,0xFFF8F8F8,
        0xFFF0F0F0,0xFFF2F2F2,0xFFF1F1F1,0xFFECECEC,0xFFEEEEEE,0xFFEDEDED,0xFFEEEEEE,0xFFEDEDEC,0xFFEDEDED,0xFFEDEDED,0xFFEDEDED,0xFFECECEC,0xFFF0F0F0,
        0xFFF0F0EF,0xFFEDEDED,0xFFEDEDED,0xFFEDEDED,0xFFEDEDED,0xFFEDEDED,0xFFEEEEEE,0xFFECECEC,0xFFEFEFEF,0xFFECECEC,0xFFF2F2F2,0xFFF3F3F3,0xFFF1F1F1,
        0xFFFAFAFA,0xFFF9F9F9,0xE9D7D7D7,0x7A6D6D6D,0x00000000,0x00000000,0x03030303,0x00000000,0x00000000,0x00000000,0x00000000,0x00000000,0x00000000,
        0x00000000,0x00000000,0x00000000,0x00000000,0x00000000,0x00000000,0x00000000,0x03020202,0x00000000,0x00000000,0x120F0F0F,0x685A5A5A,0xAF9C9C9C,
        0xE4CDCDCD,0xFFE8E8E8,0xFEE6E6E6,0xFFE6E6E6,0xFFE6E6E6,0xFFE8E8E8,0xFFE9E9E9,0xFFE9E9E9,0xFFE9E9E9,0xFFE9E9E9,0xFFE9E9E9,0xFFE9E9E9,0xFFE8E8E8,
        0xFFE9E9E9,0xFFEAEAEA,0xFFEAEAEA,0xFFEBEBEB,0xFFEBEBEB,0xFFEBEBEB,0xFFEBEBEC,0xFFEBEBEB,0xFFE9E9E9,0xFFEAEAEA,0xFEE9E9EA,0xFFECECEC,0xE5D3D3D3,
        0xB0A0A0A0,0x685D5D5D,0x120F0F0F,0x00000000,0x00000000,0x03020202,0x00000000,0x00000000,0x00000000,0x00000000,0x00000000,0x00000000,0x00000000,
        0x00000000,0x00000000,0x00000000,0x00000000,0x00000000,0x00000000,0x00000000,0x00000000,0x00000000,0x00000000,0x00000000,0x00000000,0x00000000,
        0x00000000,0x00000000,0x00000000,0x00000000,0x00000000,0x00000000,0x00000000,0x00000000,0x00000000,0x00000000,0x00000000,0x00000000,0x00000000,
        0x00000000,0x00000000,0x00000000,0x00000000,0x00000000,0x00000000,0x00000000,0x00000000,0x00000000,0x00000000,0x00000000,0x00000000,0x00000000,
        0x00000000,0x00000000,0x00000000,0x00000000,0x00000000,0x00000000,0x00000000,0x00000000,0x00000000,0x00000000,0x00000000,0x00000000,0x00000000,
        0x00000000,0x00000000,0x00000000,0x00000000,0x00000000,0x00000000,0x00000000,0x00000000,0x00000000,0x00000000,0x00000000,0x00000000,0x00000000,
        0x00000000,0x00000000,0x00000000,0x00000000,0x00000000,0x00000000,0x00000000,0x00000000,0x00000000,0x00000000,0x00000000,0x00000000,0x00000000,
        0x00000000,0x00000000,0x00000000,0x00000000,0x00000000,0x00000000,0x00000000,0x00000000,0x00000000,0x00000000,0x00000000,0x00000000,0x00000000,
        0x00000000,0x00000000,0x00000000,0x00000000,0x00000000,0x00000000,0x00000000,0x00000000,0x00000000,0x00000000,0x00000000,0x00000000,0x00000000,
        0x00000000,0x00000000,0x00000000,0x00000000,0x00000000,0x00000000,0x00000000,0x00000000,0x00000000,0x00000000,0x00000000,0x00000000,0x00000000,
        0x00000000,0x00000000,0x00000000,0x00000000,0x00000000,0x00000000,0x00000000,0x00000000,0x00000000,0x00000000,0x00000000,0x00000000,0x00000000,
        0x00000000,0x00000000,0x00000000,0x00000000,0x00000000,0x00000000,0x00000000,0x00000000,0x00000000,0x00000000,0x00000000,0x00000000,0x00000000,
        0x00000000,0x00000000,0x00000000,0x00000000,0x00000000,0x00000000,0x00000000,0x00000000,0x00000000,0x00000000,0x00000000,0x00000000,0x00000000,
        0x00000000,0x00000000,0x00000000,0x00000000,0x00000000,0x00000000,0x00000000,0x00000000,0x00000000,0x00000000,0x00000000,0x00000000,0x00000000,
        0x00000000,0x00000000,0x00000000,0x00000000,0x00000000,0x00000000,0x00000000,0x00000000,0x00000000,0x00000000,0x00000000,0x00000000,0x00000000,
        0x00000000,0x00000000,0x00000000,0x00000000,0x00000000,0x00000000,0x00000000,0x00000000,0x00000000,0x00000000,0x00000000,0x00000000,0x00000000,
        0x00000000,0x00000000,0x00000000,0x00000000,0x00000000,0x00000000,0x00000000,0x00000000,0x00000000,0x00000000,0x00000000,0x00000000,0x00000000,
    },
    { /* CALCULATOR */
        0x00000000,0x00000000,0x00000000,0x00000000,0x00000000,0x00000000,0x00000000,0x00000000,0x00000000,0x00000000,0x00000000,0x00000000,0x00000000,
        0x00000000,0x00000000,0x00000000,0x00000000,0x00000000,0x00000000,0x00000000,0x00000000,0x00000000,0x00000000,0x00000000,0x00000000,0x00000000,
        0x00000000,0x00000000,0x00000000,0x00000000,0x00000000,0x00000000,0x00000000,0x00000000,0x00000000,0x00000000,0x00000000,0x00000000,0x00000000,
        0x00000000,0x00000000,0x00000000,0x00000000,0x00000000,0x00000000,0x00000000,0x00000000,0x00000000,0x00000000,0x00000000,0x00000000,0x00000000,
        0x00000000,0x00000000,0x00000000,0x00000000,0x00000000,0x00000000,0x00000000,0x00000000,0x00000000,0x00000000,0x00000000,0x00000000,0x00000000,
        0x00000000,0x00000000,0x00000000,0x00000000,0x00000000,0x00000000,0x00000000,0x00000000,0x00000000,0x00000000,0x00000000,0x00000000,0x00000000,
        0x00000000,0x00000000,0x00000000,0x00000000,0x00000000,0x00000000,0x00000000,0x00000000,0x00000000,0x00000000,0x00000000,0x00000000,0x00000000,
        0x00000000,0x00000000,0x00000000,0x00000000,0x00000000,0x00000000,0x00000000,0x00000000,0x00000000,0x00000000,0x00000000,0x00000000,0x00000000,
        0x00000000,0x00000000,0x00000000,0x00000000,0x00000000,0x00000000,0x00000000,0x00000000,0x00000000,0x00000000,0x00000000,0x00000000,0x00000000,
        0x00000000,0x00000000,0x00000000,0x00000000,0x00000000,0x00000000,0x00000000,0x00000000,0x00000000,0x00000000,0x00000000,0x00000000,0x00000000,
        0x00000000,0x00000000,0x00000000,0x00000000,0x00000000,0x00000000,0x00000000,0x00000000,0x00000000,0x00000000,0x00000000,0x00000000,0x00000000,
        0x00000000,0x00000000,0x00000000,0x00000000,0x00000000,0x00000000,0x00000000,0x00000000,0x00000000,0x00000000,0x00000000,0x00000000,0x00000000,
        0x00000000,0x00000000,0x00000000,0x00000000,0x00000000,0x00000000,0x00000000,0x00000000,0x00000000,0x00000000,0x00000000,0x00000000,0x00000000,
        0x00000000,0x00000000,0x00000000,0x00000000,0x00000000,0x00000000,0x00000000,0x00000000,0x00000000,0x00000000,0x00000000,0x00000000,0x00000000,
        0x00000000,0x00000000,0x00000000,0x00000000,0x00000000,0x00000000,0x00000000,0x00000000,0x00000000,0x00000000,0x00000000,0x00000000,0x00000000,
        0x00000000,0x00000000,0x00000000,0x00000000,0x00000000,0x00000000,0x00000000,0x00000000,0x00000000,0x00000000,0x00000000,0x00000000,0x00000000,
        0x00000000,0x00000000,0x00000000,0x00000000,0x00000000,0x00000000,0x00000000,0x03000000,0x00000000,0x00000000,0x18040404,0x71121212,0xB81D1D1D,
        0xE7262626,0xFF2A2A2A,0xFE282828,0xFF282828,0xFF282828,0xFF282828,0xFF282828,0xFF282828,0xFF272727,0xFF272727,0xFF272727,0xFF272727,0xFF272727,
        0xFF272727,0xFF272727,0xFF272727,0xFF272727,0xFF272727,0xFF282828,0xFF282828,0xFF282828,0xFF282828,0xFF282828,0xFE282828,0xFF2A2A2A,0xE7262626,
        0xB81D1D1D,0x71121212,0x19040404,0x00000000,0x00000000,0x03000000,0x00000000,0x00000000,0x00000000,0x00000000,0x00000000,0x00000000,0x00000000,
        0x00000000,0x00000000,0x00000000,0x00000000,0x00000000,0x00000000,0x04010101,0x00000000,0x04010101,0x84151515,0xEF252525,0xFF2A2A2A,0xFF292929,
        0xFF282828,0xFF272727,0xFF272727,0xFF272727,0xFF272727,0xFF272727,0xFF272727,0xFF262626,0xFF262626,0xFF272727,0xFF272727,0xFF272727,0xFF272727,
        0xFF272727,0xFF272727,0xFF272727,0xFF272727,0xFF262626,0xFF272727,0xFF272727,0xFF272727,0xFF272727,0xFF272727,0xFF272727,0xFF272727,0xFF282828,
        0xFF292929,0xFF2A2A2A,0xEF252525,0x85151515,0x05010101,0x00000000,0x04010101,0x00000000,0x00000000,0x00000000,0x00000000,0x00000000,0x00000000,
        0x00000000,0x00000000,0x00000000,0x00000000,0x00000000,0x04010101,0x00000000,0x22060606,0xD8222222,0xFF2B2B2B,0xFF282828,0xFC262626,0xFD262626,
        0xFE262626,0xFF262626,0xFF262626,0xFF262626,0xFF262626,0xFF262626,0xFF262626,0xFF262626,0xFF262626,0xFF262626,0xFF262626,0xFF272727,0xFF272727,
        0xFF272727,0xFF272727,0xFF262626,0xFF262626,0xFF262626,0xFF262626,0xFF262626,0xFF262626,0xFF262626,0xFF262626,0xFF262626,0xFF272727,0xFE262626,
        0xFD262626,0xFC262626,0xFF282828,0xFF2A2A2A,0xD9222222,0x23060606,0x00000000,0x04010101,0x00000000,0x00000000,0x00000000,0x00000000,0x00000000,
        0x00000000,0x00000000,0x00000000,0x00000000,0x03000000,0x00000000,0x22050505,0xEF242424,0xFF282828,0xF9252525,0xFE262626,0xFF262626,0xFF252525,
        0xFF262626,0xFF262626,0xFF252525,0xFF262626,0xFF262626,0xFF262626,0xFF262626,0xFF262626,0xFF272727,0xFF272727,0xFF272727,0xFF272727,0xFF282828,
        0xFF282828,0xFF272727,0xFF272727,0xFF272727,0xFF272727,0xFF262626,0xFF262626,0xFF262626,0xFF262626,0xFF262626,0xFF252525,0xFF262626,0xFF262626,
        0xFF262626,0xFF262626,0xFE262626,0xF9252525,0xFF282828,0xF0252525,0x23060606,0x00000000,0x03000000,0x00000000,0x00000000,0x00000000,0x00000000,
        0x00000000,0x00000000,0x00000000,0x00000000,0x00000000,0x04010101,0xD9202020,0xFF272727,0xFA242424,0xFF252525,0xFF252525,0xFF252525,0xFF252525,
        0xFF252525,0xFF252525,0xFF242424,0xFF262626,0xFF242424,0xFF212121,0xFF212121,0xFF212121,0xFF212121,0xFF212121,0xFF212121,0xFF212121,0xFF212121,
        0xFF212121,0xFF212121,0xFF212121,0xFF212121,0xFF212121,0xFF212121,0xFF212121,0xFF212121,0xFF242424,0xFF262626,0xFF252525,0xFF252525,0xFF252525,
        0xFF252525,0xFF252525,0xFF252525,0xFF252525,0xFA252525,0xFF282828,0xDA202020,0x05010101,0x00000000,0x00000000,0x00000000,0x00000000,0x00000000,
        0x00000000,0x00000000,0x00000000,0x00000000,0x00000000,0x85131313,0xFF282828,0xF9242424,0xFF242424,0xFF242424,0xFF242424,0xFF242424,0xFF242424,
        0xFF242424,0xFF242424,0xFF252525,0xFF1A1A1A,0xFF232323,0xFF343434,0xFF373737,0xFF373737,0xFF383838,0xFF383838,0xFF383838,0xFF383838,0xFF393938,
        0xFF393938,0xFF393939,0xFF393939,0xFF393939,0xFF393938,0xFF393938,0xFF383838,0xFF353535,0xFF242424,0xFF1B1B1B,0xFF252525,0xFF242424,0xFF242424,
        0xFF242424,0xFF242424,0xFF242424,0xFF242424,0xFF252525,0xF9242424,0xFF282828,0x86141414,0x00000000,0x00000000,0x00000000,0x00000000,0x00000000,
        0x00000000,0x00000000,0x00000000,0x00000000,0x18040404,0xEF222222,0xFF242424,0xFE232323,0xFF232323,0xFF232323,0xFF232323,0xFF242424,0xFF232323,
        0xFF232323,0xFF252525,0xFF1B1B1B,0xFF606060,0xFFBFBFBF,0xFFCFCFCF,0xFFD0D0D1,0xFFD1D1D1,0xFFD1D1D1,0xFFD1D1D1,0xFFD1D1D1,0xFFD1D1D2,0xFFD1D1D2,
        0xFFD1D1D2,0xFFD2D2D2,0xFFD2D2D2,0xFFD1D1D1,0xFFD1D1D2,0xFFD1D1D2,0xFFD0D0D1,0xFFCECECE,0xFFB9B9B9,0xFF5E5E5E,0xFF1C1C1C,0xFF242424,0xFF232323,
        0xFF232323,0xFF242424,0xFF232323,0xFF232323,0xFF232323,0xFE242424,0xFF242424,0xF0222222,0x19040404,0x00000000,0x00000000,0x00000000,0x00000000,
        0x00000000,0x00000000,0x00000000,0x00000000,0x71101010,0xFF252525,0xFC232323,0xFF232323,0xFF232323,0xFF232323,0xFF232323,0xFF232323,0xFF232323,
        0xFF252525,0xFF1A1A1A,0xFF525252,0xFFE4E4E4,0xFFDDDDDD,0xFFDDDDDF,0xFFDEDEE0,0xFFDDDDDD,0xFFDDDDDD,0xFFDDDDDE,0xFFDEDEDE,0xFFDDDDDF,0xFFDDDDDF,
        0xFFDDDDDF,0xFFDDDDDD,0xFFDDDDDD,0xFFDEDEDF,0xFFDEDEE0,0xFFDDDDDF,0xFFDEDEE0,0xFFDDDDDE,0xFFDEDEDE,0xFFD7D7D7,0xFF4F4F4F,0xFF1B1B1B,0xFF252525,
        0xFF232323,0xFF232323,0xFF232323,0xFF232323,0xFF232323,0xFF232323,0xFC232323,0xFF252525,0x73101010,0x00000000,0x00000000,0x00000000,0x00000000,
        0x00000000,0x00000000,0x00000000,0x00000000,0xB9191919,0xFF242424,0xFD222222,0xFF232323,0xFF222222,0xFF232323,0xFF222222,0xFF222222,0xFF232323,
        0xFF262626,0xFF171717,0xFF9C9C9C,0xFFE2E2E2,0xFFD0D1D2,0xFFB2B2B4,0xFFA2A2A4,0xFFA5A5A6,0xFFA5A5A6,0xFFA5A5A7,0xFFA5A5A7,0xFFA5A5A7,0xFFA5A5A7,
        0xFFA5A5A7,0xFFA5A5A5,0xFFA5A5A6,0xFFA5A5A7,0xFFA5A5A7,0xFFA6A6A8,0xFFA2A2A4,0xFFAEAEAF,0xFFD1D1D1,0xFFDCDCDC,0xFF8F8F8F,0xFF1A1A1A,0xFF252525,
        0xFF222222,0xFF222222,0xFF222222,0xFF232323,0xFF232323,0xFF232323,0xFD222222,0xFF242424,0xBA1A1A1A,0x00000000,0x00000000,0x00000000,0x00000000,
        0x00000000,0x00000000,0x00000000,0x00000000,0xE8212121,0xFF222222,0xFE222222,0xFF222222,0xFF222222,0xFF222222,0xFF222222,0xFF222222,0xFF222222,
        0xFF232323,0xFF1B1B1B,0xFFA9A9A9,0xFFE1E1E2,0xFFC7C8CA,0xFF5D5D5E,0xFF444445,0xFF4A4A4B,0xFF4A4A4B,0xFF4A4A4C,0xFF4A4A4A,0xFF4A4A4B,0xFF4A4A4B,
        0xFF4A4A4B,0xFF4A4A4B,0xFF4A4A4C,0xFF4B4B4B,0xFF4A4A4A,0xFF4B4B4C,0xFF464648,0xFF515153,0xFFC0C0C2,0xFFDDDDDE,0xFF9C9C9C,0xFF1D1D1D,0xFF232323,
        0xFF222222,0xFF222222,0xFF222222,0xFF222222,0xFF222222,0xFF222222,0xFE222222,0xFF232323,0xE9212121,0x00000000,0x00000000,0x00000000,0x00000000,
        0x00000000,0x00000000,0x00000000,0x00000000,0xFF242424,0xFF222222,0xFF212121,0xFF212121,0xFF212121,0xFF212121,0xFF222222,0xFF222222,0xFF222222,
        0xFF232323,0xFF1C1C1C,0xFFA9A9A9,0xFFE0E0E1,0xFFC4C4C6,0xFF5E5E5F,0xFF444444,0xFF484847,0xFF474747,0xFF474747,0xFF474747,0xFF474747,0xFF474747,
        0xFF474747,0xFF484847,0xFF484847,0xFF474747,0xFF474747,0xFF484848,0xFF474747,0xFF545456,0xFFBBBBBD,0xFFDCDCDE,0xFF9C9C9D,0xFF1D1D1D,0xFF232323,
        0xFF222222,0xFF222222,0xFF212121,0xFF212121,0xFF212121,0xFF212121,0xFF222222,0xFF212121,0xFF252525,0x00000000,0x00000000,0x00000000,0x00000000,
        0x00000000,0x00000000,0x00000000,0x00000000,0xFE212121,0xFF212121,0xFF202020,0xFF202020,0xFF202020,0xFF202020,0xFF212121,0xFF212121,0xFF212121,
        0xFF232323,0xFF1B1B1B,0xFFA8A8A8,0xFFDEDEDE,0xFFC3C3C5,0xFF656566,0xFF4A4A4A,0xFF4B4B4B,0xFF4A4A4A,0xFF4A4A4A,0xFF4B4B4B,0xFF4A4A4B,0xFF4B4B4B,
        0xFF4B4B4B,0xFF4B4B4B,0xFF4B4B4B,0xFF4B4B4B,0xFF4A4A4A,0xFF4B4B4B,0xFF4B4B4B,0xFF5A5A5B,0xFFBABABB,0xFFD9D9DA,0xFF9B9B9C,0xFF1D1D1D,0xFF222222,
        0xFF212121,0xFF212121,0xFF212121,0xFF202020,0xFF202020,0xFF202020,0xFF202020,0xFF202020,0xFE232323,0x00000000,0x00000000,0x00000000,0x00000000,
        0x00000000,0x00000000,0x00000000,0x00000000,0xFF202020,0xFF1F1F1F,0xFF1F1F1F,0xFF1F1F1F,0xFF1F1F1F,0xFF202020,0xFF202020,0xFF202020,0xFF202020,
        0xFF212121,0xFF1A1A1A,0xFFA6A6A6,0xFFDCDCDC,0xFFC0C0C2,0xFF6A6A6B,0xFF4F4F4F,0xFF505050,0xFF4E4E4E,0xFF4E4E4E,0xFF4E4E4E,0xFF4E4E4E,0xFF4E4E4E,
        0xFF4E4E4E,0xFF4E4E4E,0xFF4E4E4E,0xFF4E4E4E,0xFF4E4E4E,0xFF505050,0xFF505050,0xFF5E5E5F,0xFFB8B8B8,0xFFD7D7D7,0xFF9A9A9A,0xFF1C1C1C,0xFF212121,
        0xFF202020,0xFF202020,0xFF202020,0xFF1F1F1F,0xFF1F1F1F,0xFF1F1F1F,0xFF1F1F1F,0xFF1F1F1F,0xFF222222,0x00000000,0x00000000,0x00000000,0x00000000,
        0x00000000,0x00000000,0x00000000,0x00000000,0xFF1F1F1F,0xFF1E1E1E,0xFF1E1E1E,0xFF1E1E1E,0xFF1E1E1E,0xFF1F1F1F,0xFF1F1F1F,0xFF1F1F1F,0xFF1F1F1F,
        0xFF212121,0xFF191919,0xFFA5A5A5,0xFFDBDBDC,0xFFC0C1C3,0xFF6D6D6E,0xFF555555,0xFF565656,0xFF545454,0xFF545454,0xFF545454,0xFF545454,0xFF545454,
        0xFF555555,0xFF555555,0xFF555555,0xFF555555,0xFF555555,0xFF565656,0xFF565657,0xFF626263,0xFFB7B7B7,0xFFD5D5D6,0xFF99999A,0xFF1B1B1B,0xFF202020,
        0xFF1F1F1F,0xFF1F1F1F,0xFF1F1F1F,0xFF1F1F1F,0xFF1E1E1E,0xFF1E1E1E,0xFF1E1E1E,0xFF1E1E1E,0xFF202020,0x00000000,0x00000000,0x00000000,0x00000000,
        0x00000000,0x00000000,0x00000000,0x00000000,0xFF1E1E1E,0xFF1E1E1E,0xFF1D1D1D,0xFF1D1D1D,0xFF1E1E1E,0xFF1E1E1E,0xFF1E1E1E,0xFF1E1E1E,0xFF1E1E1E,
        0xFF202020,0xFF181818,0xFFA3A3A3,0xFFD8D8DA,0xFFBEBFC1,0xFF727273,0xFF5E5E5E,0xFF5F5F5F,0xFF5E5E5E,0xFF5E5E5E,0xFF5E5E5E,0xFF5E5E5E,0xFF5E5E5E,
        0xFF5E5E5E,0xFF5E5E5E,0xFF5E5E5E,0xFF5E5E5E,0xFF5E5E5E,0xFF5F5F5F,0xFF5F5F5F,0xFF676769,0xFFB5B5B7,0xFFD3D3D5,0xFF989899,0xFF1A1A1A,0xFF1F1F1F,
        0xFF1E1E1E,0xFF1E1E1E,0xFF1E1E1E,0xFF1E1E1E,0xFF1D1D1D,0xFF1D1D1D,0xFF1D1D1D,0xFF1D1D1D,0xFF1F1F1F,0x00000000,0x00000000,0x00000000,0x00000000,
        0x00000000,0x00000000,0x00000000,0x00000000,0xFF1D1D1D,0xFF1D1D1D,0xFF1C1C1C,0xFF1C1C1C,0xFF1D1D1D,0xFF1D1D1D,0xFF1D1D1D,0xFF1D1D1D,0xFF1D1D1D,
        0xFF1E1E1E,0xFF171717,0xFFA1A1A1,0xFFD6D6D6,0xFFBBBBBE,0xFF707070,0xFF626262,0xFF656565,0xFF646464,0xFF646464,0xFF646464,0xFF646464,0xFF646464,
        0xFF646464,0xFF646464,0xFF646464,0xFF636363,0xFF636363,0xFF646463,0xFF636363,0xFF666668,0xFFB3B3B5,0xFFD1D1D2,0xFF979798,0xFF1A1A19,0xFF1E1E1E,
        0xFF1E1E1E,0xFF1D1D1D,0xFF1D1D1D,0xFF1D1D1D,0xFF1D1D1D,0xFF1C1C1C,0xFF1C1C1C,0xFF1C1C1C,0xFF1F1F1F,0x00000000,0x00000000,0x00000000,0x00000000,
        0x00000000,0x00000000,0x00000000,0x00000000,0xFF1C1C1C,0xFF1B1B1B,0xFF1B1B1B,0xFF1B1B1B,0xFF1C1C1C,0xFF1C1C1C,0xFF1C1C1C,0xFF1C1C1C,0xFF1C1C1C,
        0xFF1E1E1E,0xFF161616,0xFFA0A0A1,0xFFD1D1D3,0xFFC4C4C6,0xFF9A9A9B,0xFF8A8A8B,0xFF8D8D8D,0xFF8D8D8D,0xFF8D8D8D,0xFF8C8C8C,0xFF8D8D8D,0xFF8D8D8D,
        0xFF8C8C8C,0xFF8C8C8C,0xFF8D8D8D,0xFF8D8D8D,0xFF8D8D8D,0xFF8D8D8D,0xFF8A8A8A,0xFF969697,0xFFBFBFBF,0xFFCCCCCD,0xFF969697,0xFF191918,0xFF1D1D1D,
        0xFF1D1D1D,0xFF1C1C1C,0xFF1C1C1C,0xFF1C1C1C,0xFF1C1C1C,0xFF1C1C1C,0xFF1B1B1B,0xFF1B1B1B,0xFF1E1E1E,0x00000000,0x00000000,0x00000000,0x00000000,
        0x00000000,0x00000000,0x00000000,0x00000000,0xFF1B1B1B,0xFF1A1A1A,0xFF1A1A1A,0xFF1A1A1A,0xFF1A1A1A,0xFF1B1B1B,0xFF1B1B1B,0xFF1B1B1B,0xFF1B1B1B,
        0xFF1C1C1C,0xFF151515,0xFF9F9FA0,0xFFCECED0,0xFFC4C4C6,0xFFC5C5C7,0xFFC1C1C3,0xFFC0C0C0,0xFFC0C0C0,0xFFC1C1C1,0xFFC0C0C0,0xFFC0C0C0,0xFFBFC0C1,
        0xFFBFBFC0,0xFFBFBFBF,0xFFC0C0C1,0xFFC1C1C2,0xFFC2C1C2,0xFFC2C1C0,0xFFC2C1C0,0xFFC3C2C1,0xFFC1C1C1,0xFFCBCBCB,0xFF959595,0xFF171717,0xFF1C1C1C,
        0xFF1B1B1B,0xFF1B1B1B,0xFF1B1B1B,0xFF1A1A1A,0xFF1B1B1B,0xFF1B1B1B,0xFF1B1B1B,0xFF1A1A1A,0xFF1D1D1D,0x00000000,0x00000000,0x00000000,0x00000000,
        0x00000000,0x00000000,0x00000000,0x00000000,0xFF1A1A1A,0xFF191919,0xFF191919,0xFF1A1A1A,0xFF1A1A1A,0xFF1A1A1A,0xFF1A1A1A,0xFF1A1A1A,0xFF1A1A1A,
        0xFF1B1B1B,0xFF141414,0xFF9E9E9E,0xFFCBCBCC,0xFFBEBEBF,0xFFC1C1C2,0xFFC1C1C3,0xFFC2C2C2,0xFFBFBFBE,0xFFBBBBBB,0xFFBCBCBC,0xFFBFBFBF,0xFFC1C1C2,
        0xFFC2C2C4,0xFFBFBFBF,0xFFBBBBBB,0xFFBCBCBC,0xFFBBBDC0,0xFFB8BCC3,0xFFB8BCC4,0xFFBBBEC1,0xFFBFBFBE,0xFFC8C8C8,0xFF939393,0xFF161616,0xFF1B1B1B,
        0xFF1A1A1A,0xFF1A1A1A,0xFF1A1A1A,0xFF1A1A1A,0xFF1A1A1A,0xFF1A1A1A,0xFF1A1A1A,0xFF191919,0xFF1C1C1C,0x00000000,0x00000000,0x00000000,0x00000000,
        0x00000000,0x00000000,0x00000000,0x00000000,0xFF191919,0xFF191919,0xFF181818,0xFF191919,0xFF191919,0xFF191919,0xFF191919,0xFF191919,0xFF191919,
        0xFF1B1B1B,0xFF141414,0xFF9D9D9D,0xFFC7C7C7,0xFFC0C0C1,0xFFAAAAAC,0xFF7A797B,0xFF767577,0xFFA9A9AB,0xFFBCBCBC,0xFFBDBDBD,0xFFABAAAC,0xFF7C7A7D,
        0xFF767578,0xFFA8A8AA,0xFFBDBDBC,0xFFB8BABF,0xFFC0B5A3,0xFFDFB05D,0xFFE0AB55,0xFFC2B39F,0xFFB9BCC1,0xFFC5C4C3,0xFF919192,0xFF161616,0xFF1A1A1A,
        0xFF191919,0xFF191919,0xFF191919,0xFF191919,0xFF191919,0xFF191919,0xFF191919,0xFF191919,0xFF1B1B1B,0x00000000,0x00000000,0x00000000,0x00000000,
        0x00000000,0x00000000,0x00000000,0x00000000,0xFF181818,0xFF181818,0xFF181818,0xFF181818,0xFF181818,0xFF181818,0xFF191919,0xFF191919,0xFF191919,
        0xFF1A1A1A,0xFF131313,0xFF9B9B9C,0xFFC5C5C7,0xFFB5B5B7,0xFF646265,0xFF413F42,0xFF3D3B3E,0xFF59585B,0xFFB2B2B4,0xFFB3B3B5,0xFF666568,0xFF424043,
        0xFF3E3C3F,0xFF5B595C,0xFFB1B2B4,0xFFB7B4B2,0xFFEAAC3E,0xFFFF9900,0xFFFF9200,0xFFEE9D28,0xFFB8B4AF,0xFFC0C1C4,0xFF919090,0xFF151515,0xFF191919,
        0xFF191919,0xFF191919,0xFF191919,0xFF181818,0xFF191919,0xFF181818,0xFF181818,0xFF181818,0xFF1A1A1A,0x00000000,0x00000000,0x00000000,0x00000000,
        0x00000000,0x00000000,0x00000000,0x00000000,0xFF171717,0xFF171717,0xFF171717,0xFF171717,0xFF171717,0xFF181818,0xFF181818,0xFF181818,0xFF181818,
        0xFF191919,0xFF131313,0xFF999999,0xFFC5C5C6,0xFFA6A5A8,0xFF515052,0xFF464447,0xFF494749,0xFF484648,0xFFA4A3A4,0xFFA7A7A8,0xFF535154,0xFF464446,
        0xFF494749,0xFF484748,0xFF9C9FA4,0xFFBCB39F,0xFFF9A31B,0xFFFE8E04,0xFFFD8F06,0xFFFE9508,0xFFBCAC95,0xFFB9BDC3,0xFF8F8E8D,0xFF151515,0xFF181818,
        0xFF181818,0xFF181818,0xFF181818,0xFF181818,0xFF181818,0xFF181818,0xFF171717,0xFF171717,0xFF191919,0x00000000,0x00000000,0x00000000,0x00000000,
        0x00000000,0x00000000,0x00000000,0x00000000,0xFF161616,0xFF161616,0xFF161616,0xFF161616,0xFF161616,0xFF171717,0xFF171717,0xFF171717,0xFF181818,
        0xFF191919,0xFF131313,0xFF999998,0xFFBDBDBE,0xFFB1B1B3,0xFF676769,0xFF403F42,0xFF403E40,0xFF636365,0xFFAAAAAA,0xFFAEAEB0,0xFF6A686B,0xFF413F42,
        0xFF3F3F41,0xFF616163,0xFFAAAAAA,0xFFACADAD,0xFFE1A245,0xFFFF9300,0xFFFF9200,0xFFE59C37,0xFFACABA9,0xFFB8B9B9,0xFF8D8D8D,0xFF141414,0xFF181818,
        0xFF171717,0xFF171717,0xFF171717,0xFF171717,0xFF171717,0xFF171717,0xFF171717,0xFF161616,0xFF181818,0x00000000,0x00000000,0x00000000,0x00000000,
        0x00000000,0x00000000,0x00000000,0x00000000,0xFF151515,0xFF151515,0xFF151515,0xFF151515,0xFF161616,0xFF161616,0xFF161616,0xFF161616,0xFF171717,
        0xFF171717,0xFF121212,0xFF989897,0xFFBABABB,0xFFB0B0B2,0xFFA5A5A7,0xFF7D7D7F,0xFF7C7C7E,0xFFA0A0A1,0xFFA9A9A9,0xFFADADAE,0xFFA5A5A6,0xFF7E7E7E,
        0xFF7C7C7D,0xFFA0A0A2,0xFFABAAAA,0xFFA9ABAE,0xFFADA9A0,0xFFCAA165,0xFFCBA162,0xFFABA69A,0xFFA8ABAE,0xFFB6B6B5,0xFF8B8B8B,0xFF141414,0xFF171717,
        0xFF171717,0xFF161616,0xFF161616,0xFF161616,0xFF161616,0xFF161616,0xFF151515,0xFF151515,0xFF171717,0x00000000,0x00000000,0x00000000,0x00000000,
        0x00000000,0x00000000,0x00000000,0x00000000,0xFF141414,0xFF141414,0xFF141414,0xFF141414,0xFF151515,0xFF151515,0xFF151515,0xFF151515,0xFF161616,
        0xFF161616,0xFF111111,0xFF979797,0xFFB6B6B6,0xFFA8A9A8,0xFFACACAC,0xFFAFAFAF,0xFFAEAEB0,0xFFA8A8A9,0xFFA7A7A6,0xFFA8A8A8,0xFFABABAB,0xFFAFAFAF,
        0xFFAEAEAF,0xFFA8A8A9,0xFFA6A6A7,0xFFAAA9A8,0xFFA5A8AD,0xFF9BA4B3,0xFF9BA5B4,0xFFA3A6AF,0xFFAAA9A9,0xFFB2B2B3,0xFF898989,0xFF131313,0xFF161616,
        0xFF161616,0xFF151515,0xFF151515,0xFF151515,0xFF151515,0xFF151515,0xFF151515,0xFF141414,0xFF161616,0x00000000,0x00000000,0x00000000,0x00000000,
        0x00000000,0x00000000,0x00000000,0x00000000,0xFF141414,0xFF131313,0xFF131313,0xFF141414,0xFF141414,0xFF141414,0xFF141414,0xFF141414,0xFF151515,
        0xFF161616,0xFF111111,0xFF959595,0xFFB1B1B1,0xFFA8A8A8,0xFF979698,0xFF747476,0xFF707072,0xFF959495,0xFFA5A5A5,0xFFA6A6A6,0xFF969698,0xFF757477,
        0xFF717073,0xFF959496,0xFFA6A5A5,0xFFA1A3A7,0xFFAEA38F,0xFFD9A854,0xFFDBA34C,0xFFB0A18A,0xFFA1A4A9,0xFFAFAEAD,0xFF888888,0xFF121212,0xFF151515,
        0xFF151515,0xFF141414,0xFF141414,0xFF141414,0xFF141414,0xFF141414,0xFF141414,0xFF131313,0xFF161616,0x00000000,0x00000000,0x00000000,0x00000000,
        0x00000000,0x00000000,0x00000000,0x00000000,0xFF131313,0xFF131313,0xFF131313,0xFF131313,0xFF131313,0xFF131313,0xFF131313,0xFF131313,0xFF141414,
        0xFF151515,0xFF101010,0xFF939393,0xFFAFAFAF,0xFF9E9D9F,0xFF686669,0xFF484649,0xFF454346,0xFF5E5C5F,0xFF9B9B9C,0xFF9B9C9D,0xFF68686A,0xFF494749,
        0xFF464446,0xFF5E5C5E,0xFF9A9A9B,0xFFA09D99,0xFFE7A93E,0xFFFF9A05,0xFFFF9300,0xFFEC992B,0xFFA09D96,0xFFA9AAAB,0xFF878686,0xFF111111,0xFF141414,
        0xFF131313,0xFF131313,0xFF131313,0xFF131313,0xFF131313,0xFF131313,0xFF131313,0xFF121212,0xFF151515,0x00000000,0x00000000,0x00000000,0x00000000,
        0x00000000,0x00000000,0x00000000,0x00000000,0xFF131313,0xFF121212,0xFF121212,0xFF121212,0xFF121212,0xFF121212,0xFF121212,0xFF121212,0xFF131313,
        0xFF141414,0xFF0F0F0F,0xFF919190,0xFFACACAD,0xFF949395,0xFF58575A,0xFF474546,0xFF4A4849,0xFF504E51,0xFF8F8F90,0xFF929294,0xFF5A585B,0xFF474546,
        0xFF4A4849,0xFF504E4F,0xFF8A8C90,0xFFA59B8A,0xFFF9A321,0xFFFE8D03,0xFFFD8E08,0xFFFE9512,0xFFA69782,0xFFA1A4A9,0xFF858583,0xFF101010,0xFF131313,
        0xFF121212,0xFF121212,0xFF121212,0xFF121212,0xFF121212,0xFF121212,0xFF121212,0xFF111111,0xFF141414,0x00000000,0x00000000,0x00000000,0x00000000,
        0x00000000,0x00000000,0x00000000,0x00000000,0xFF121212,0xFF111111,0xFF111111,0xFF111111,0xFF111111,0xFF111111,0xFF111111,0xFF111111,0xFF121212,
        0xFF121212,0xFF0E0E0E,0xFF8F8F8F,0xFFA6A6A5,0xFF98989A,0xFF69696C,0xFF494849,0xFF49474A,0xFF656467,0xFF919192,0xFF959596,0xFF6B696C,0xFF4A494B,
        0xFF48474A,0xFF636264,0xFF929191,0xFF929394,0xFFD69B44,0xFFFF9509,0xFFFF9408,0xFFD9963B,0xFF909191,0xFFA0A0A2,0xFF838282,0xFF101010,0xFF121212,
        0xFF111111,0xFF111111,0xFF111111,0xFF111111,0xFF111111,0xFF111111,0xFF111111,0xFF101010,0xFF131313,0x00000000,0x00000000,0x00000000,0x00000000,
        0x00000000,0x00000000,0x00000000,0x00000000,0xFF111111,0xFF101010,0xFF101010,0xFF101010,0xFF101010,0xFF101010,0xFF101010,0xFF101010,0xFF101010,
        0xFF111111,0xFF0D0D0D,0xFF8E8E8E,0xFFA1A1A1,0xFF959596,0xFF8E8E90,0xFF757576,0xFF747475,0xFF89898B,0xFF8F8F90,0xFF939393,0xFF8E8E8F,0xFF757575,
        0xFF737475,0xFF89898A,0xFF90908F,0xFF909194,0xFF93908A,0xFFB79261,0xFFB7905E,0xFF918D86,0xFF8E9094,0xFF9D9D9D,0xFF818181,0xFF0F0F0F,0xFF111111,
        0xFF101010,0xFF101010,0xFF101010,0xFF101010,0xFF101010,0xFF101010,0xFF101010,0xFF101010,0xFF121212,0x00000000,0x00000000,0x00000000,0x00000000,
        0x00000000,0x00000000,0x00000000,0x00000000,0xFF101010,0xFF101010,0xFF0F0F0F,0xFF0F0F0F,0xFF0F0F0F,0xFF0F0F0F,0xFF0F0F0F,0xFF0F0F0F,0xFF0F0F0F,
        0xFF101010,0xFF0C0C0C,0xFF8B8B8B,0xFF9C9C9C,0xFF8F8F8F,0xFF909090,0xFF909090,0xFF8F8F8F,0xFF8D8D8C,0xFF8C8C8C,0xFF8D8D8D,0xFF8F8F8E,0xFF8F8F8F,
        0xFF8F8F8E,0xFF8D8D8D,0xFF8C8C8D,0xFF8F8E8D,0xFF8A8C91,0xFF7E8793,0xFF7C8794,0xFF888B91,0xFF8F8F8E,0xFF989899,0xFF808080,0xFF0E0E0E,0xFF0F0F0F,
        0xFF0F0F0F,0xFF0F0F0F,0xFF0F0F0F,0xFF0F0F0F,0xFF0F0F0F,0xFF0F0F0F,0xFF0F0F0F,0xFF0F0F0F,0xFF121212,0x00000000,0x00000000,0x00000000,0x00000000,
        0x00000000,0x00000000,0x00000000,0x00000000,0xFF0F0F0F,0xFF0F0F0F,0xFF0F0F0F,0xFF0E0E0E,0xFF0E0E0E,0xFF0E0E0E,0xFF0E0E0E,0xFF0E0E0E,0xFF0E0E0E,
        0xFF0F0F0F,0xFF0A0A0A,0xFF898989,0xFF979797,0xFF8B8B8C,0xFF828283,0xFF717172,0xFF6D6C6D,0xFF7E7E7F,0xFF888889,0xFF888889,0xFF808081,0xFF727173,
        0xFF6C6C6D,0xFF7D7E7E,0xFF898988,0xFF85878A,0xFF978A76,0xFFD09E4F,0xFFD29947,0xFF9A8973,0xFF84878C,0xFF949492,0xFF7D7D7D,0xFF0D0D0D,0xFF0E0E0E,
        0xFF0E0E0E,0xFF0E0E0E,0xFF0E0E0E,0xFF0E0E0E,0xFF0E0E0E,0xFF0E0E0E,0xFF0E0E0E,0xFF0E0E0E,0xFF111111,0x00000000,0x00000000,0x00000000,0x00000000,
        0x00000000,0x00000000,0x00000000,0x00000000,0xFF0E0E0E,0xFF0E0E0E,0xFF0E0E0E,0xFF0D0D0D,0xFF0D0D0D,0xFF0D0D0D,0xFF0D0D0D,0xFF0D0D0D,0xFF0D0D0D,
        0xFF0D0D0D,0xFF090909,0xFF878787,0xFF949494,0xFF838384,0xFF69696B,0xFF4F4E50,0xFF4C4A4C,0xFF5C5B5E,0xFF807F80,0xFF818182,0xFF6A696C,0xFF504E50,
        0xFF4C4B4C,0xFF5D5B5D,0xFF7F8080,0xFF83817E,0xFFE0A23F,0xFFFF9A0C,0xFFFF9408,0xFFE4922D,0xFF85817C,0xFF8D8E90,0xFF7C7C7C,0xFF0C0C0C,0xFF0D0D0D,
        0xFF0D0D0D,0xFF0D0D0D,0xFF0D0D0D,0xFF0D0D0D,0xFF0D0D0D,0xFF0D0D0D,0xFF0E0E0E,0xFF0D0D0D,0xFF101010,0x00000000,0x00000000,0x00000000,0x00000000,
        0x00000000,0x00000000,0x00000000,0x00000000,0xFF0F0F0F,0xFF0D0D0D,0xFF0D0D0D,0xFF0D0D0D,0xFF0C0C0C,0xFF0C0C0C,0xFF0C0C0C,0xFF0B0B0B,0xFF0C0C0C,
        0xFF0C0C0C,0xFF080808,0xFF858585,0xFF8F8F8F,0xFF7C7C7D,0xFF5D5D5F,0xFF484748,0xFF4B4949,0xFF535153,0xFF787778,0xFF7B7B7D,0xFF5F5D60,0xFF494748,
        0xFF4B494B,0xFF525152,0xFF737477,0xFF888275,0xFFF39F2C,0xFFFE8C05,0xFFFD8E06,0xFFF49419,0xFF8A7D6E,0xFF84878D,0xFF7A7A7A,0xFF0B0B0B,0xFF0B0B0B,
        0xFF0C0C0C,0xFF0C0C0C,0xFF0C0C0C,0xFF0C0C0C,0xFF0C0C0C,0xFF0D0D0D,0xFF0D0D0D,0xFF0D0D0D,0xFF111111,0x00000000,0x00000000,0x00000000,0x00000000,
        0x00000000,0x00000000,0x00000000,0x00000000,0xE90E0E0E,0xFF0C0C0C,0xFE0C0C0C,0xFF0C0C0C,0xFF0C0C0C,0xFF0B0B0B,0xFF0B0B0B,0xFF0B0B0B,0xFF0B0B0B,
        0xFF0C0C0C,0xFF070707,0xFF838383,0xFF8A8A8A,0xFF7C7C7D,0xFF646467,0xFF4F4E4F,0xFF4D4C4E,0xFF5E5D60,0xFF767677,0xFF79797A,0xFF656466,0xFF4F4E4F,
        0xFF4E4C4F,0xFF5E5C5E,0xFF767675,0xFF757778,0xFFC38B45,0xFFFF9511,0xFFFE950F,0xFFC3873A,0xFF737476,0xFF848486,0xFF777777,0xFF0A0A0A,0xFF0B0B0B,
        0xFF0B0B0B,0xFF0B0B0B,0xFF0B0B0B,0xFF0B0B0B,0xFF0B0B0B,0xFF0C0C0C,0xFE0C0C0C,0xFF0D0D0D,0xEA0E0E0E,0x00000000,0x00000000,0x00000000,0x00000000,
        0x00000000,0x00000000,0x00000000,0x00000000,0xBB090909,0xFF0C0C0C,0xFD0B0B0B,0xFF0B0B0B,0xFF0B0B0B,0xFF0B0B0B,0xFF0B0B0B,0xFF0B0B0B,0xFF0B0B0B,
        0xFF0D0D0D,0xFF030303,0xFF777777,0xFF8A8A8A,0xFF767677,0xFF757576,0xFF686869,0xFF676768,0xFF717172,0xFF757576,0xFF787878,0xFF757576,0xFF686969,
        0xFF676667,0xFF717171,0xFF767675,0xFF77787A,0xFF767575,0xFF987D57,0xFF9A7C55,0xFF73706F,0xFF707175,0xFF848383,0xFF6D6D6D,0xFF050505,0xFF0C0C0C,
        0xFF0B0B0B,0xFF0B0B0B,0xFF0B0B0B,0xFF0B0B0B,0xFF0B0B0B,0xFF0B0B0B,0xFD0C0C0C,0xFF0D0D0D,0xBC0A0A0A,0x00000000,0x00000000,0x00000000,0x00000000,
        0x00000000,0x00000000,0x00000000,0x00000000,0x74060606,0xFF0C0C0C,0xFC0B0B0B,0xFF0B0B0B,0xFF0B0B0B,0xFF0B0B0B,0xFF0B0B0B,0xFF0B0B0B,0xFF0B0B0B,
        0xFF0D0D0D,0xFF020202,0xFF3B3B3B,0xFF9A9A9A,0xFF7A7A7A,0xFF757575,0xFF747474,0xFF737373,0xFF727272,0xFF747474,0xFF757575,0xFF757574,0xFF747474,
        0xFF737373,0xFF727272,0xFF737373,0xFF767575,0xFF747576,0xFF6B7177,0xFF6B7077,0xFF727274,0xFF787878,0xFF919191,0xFF393939,0xFF030303,0xFF0D0D0D,
        0xFF0B0B0B,0xFF0B0B0B,0xFF0B0B0B,0xFF0B0B0B,0xFF0B0B0B,0xFF0B0B0B,0xFC0B0B0B,0xFF0C0C0C,0x76060606,0x00000000,0x00000000,0x00000000,0x00000000,
        0x00000000,0x00000000,0x00000000,0x00000000,0x1A010101,0xF10A0A0A,0xFF0B0B0B,0xFE0B0B0B,0xFF0B0B0B,0xFF0B0B0B,0xFF0B0B0B,0xFF0A0A0A,0xFF0A0A0A,
        0xFF0A0A0A,0xFF0B0B0B,0xFF030303,0xFF444444,0xFF7F7F7F,0xFF828282,0xFF818181,0xFF818181,0xFF828282,0xFF828282,0xFF828282,0xFF828282,0xFF818181,
        0xFF828282,0xFF828282,0xFF828282,0xFF828283,0xFF828282,0xFF838281,0xFF838281,0xFF818181,0xFF7D7D7D,0xFF424242,0xFF050505,0xFF0B0B0B,0xFF0A0A0A,
        0xFF0A0A0A,0xFF0A0A0A,0xFF0B0B0B,0xFF0B0B0B,0xFF0B0B0B,0xFE0B0B0B,0xFF0B0B0B,0xF10A0A0A,0x1B010101,0x00000000,0x00000000,0x00000000,0x00000000,
        0x00000000,0x00000000,0x00000000,0x00000000,0x00000000,0x88060606,0xFF0C0C0C,0xF90B0B0B,0xFF0B0B0B,0xFF0A0A0A,0xFF0A0A0A,0xFF0A0A0A,0xFF090909,
        0xFF090909,0xFF090909,0xFF0A0A0A,0xFF010101,0xFF0E0E0E,0xFF1D1D1D,0xFF1E1E1E,0xFF1E1E1E,0xFF1F1F1F,0xFF1F1F1F,0xFF1F1F1F,0xFF1F1F1F,0xFF1F1F1F,
        0xFF1F1F1F,0xFF1F1F1F,0xFF1F1F1F,0xFF1E1E1F,0xFF1E1E1E,0xFF1E1E1E,0xFF1E1E1E,0xFF1D1D1D,0xFF0E0E0E,0xFF010101,0xFF0A0A0A,0xFF090909,0xFF090909,
        0xFF090909,0xFF0A0A0A,0xFF0A0A0A,0xFF0B0B0B,0xFF0B0B0B,0xF90B0B0B,0xFF0C0C0C,0x89060606,0x00000000,0x00000000,0x00000000,0x00000000,0x00000000,
        0x00000000,0x00000000,0x00000000,0x00000000,0x00000000,0x06000000,0xDB0A0A0A,0xFF0B0B0B,0xFA0A0A0A,0xFF0A0A0A,0xFF0A0A0A,0xFF0A0A0A,0xFF090909,
        0xFF090909,0xFF090909,0xFF080808,0xFF0A0A0A,0xFF070707,0xFF040404,0xFF030303,0xFF030303,0xFF030303,0xFF030303,0xFF030303,0xFF030303,0xFF030303,
        0xFF040404,0xFF030303,0xFF030303,0xFF030303,0xFF030303,0xFF030303,0xFF030303,0xFF040404,0xFF070707,0xFF0A0A0A,0xFF090909,0xFF090909,0xFF090909,
        0xFF090909,0xFF0A0A0A,0xFF0A0A0A,0xFF0A0A0A,0xFA0A0A0A,0xFF0B0B0B,0xDC0A0A0A,0x07000000,0x00000000,0x00000000,0x00000000,0x00000000,0x00000000,
        0x00000000,0x00000000,0x00000000,0x00000000,0x03000000,0x00000000,0x25020202,0xF10A0A0A,0xFF0B0B0B,0xF90A0A0A,0xFE090909,0xFF090909,0xFF090909,
        0xFF080808,0xFF080808,0xFF080808,0xFF080808,0xFF080808,0xFF090909,0xFF090909,0xFF090909,0xFF090909,0xFF090909,0xFF090909,0xFF090909,0xFF090909,
        0xFF090909,0xFF090909,0xFF090909,0xFF090909,0xFF090909,0xFF090909,0xFF090909,0xFF090909,0xFF080808,0xFF080808,0xFF080808,0xFF080808,0xFF090909,
        0xFF090909,0xFF090909,0xFE090909,0xF90A0A0A,0xFF0B0B0B,0xF20A0A0A,0x26020202,0x00000000,0x03000000,0x00000000,0x00000000,0x00000000,0x00000000,
        0x00000000,0x00000000,0x00000000,0x00000000,0x00000000,0x04000000,0x00000000,0x25010101,0xDC090909,0xFF0B0B0B,0xFF090909,0xFC090909,0xFD080808,
        0xFE080808,0xFF080808,0xFF070707,0xFF070707,0xFF080808,0xFF070707,0xFF070707,0xFF070707,0xFF070707,0xFF070707,0xFF070707,0xFF070707,0xFF070707,
        0xFF070707,0xFF070707,0xFF070707,0xFF070707,0xFF070707,0xFF070707,0xFF070707,0xFF070707,0xFF080808,0xFF080808,0xFF080808,0xFF080808,0xFE080808,
        0xFD080808,0xFC090909,0xFF090909,0xFF0B0B0B,0xDC090909,0x26020202,0x00000000,0x04000000,0x00000000,0x00000000,0x00000000,0x00000000,0x00000000,
        0x00000000,0x00000000,0x00000000,0x00000000,0x00000000,0x00000000,0x04000000,0x00000000,0x06000000,0x88050505,0xF1090909,0xFF090909,0xFF090909,
        0xFF080808,0xFF070707,0xFF070707,0xFF060606,0xFF070707,0xFF060606,0xFF060606,0xFF060606,0xFF060606,0xFF060606,0xFF060606,0xFF060606,0xFF060606,
        0xFF060606,0xFF060606,0xFF060606,0xFF060606,0xFF060606,0xFF060606,0xFF060606,0xFF060606,0xFF070707,0xFF070707,0xFF070707,0xFF070707,0xFF070707,
        0xFF090909,0xFF090909,0xF2090909,0x89050505,0x07000000,0x00000000,0x04000000,0x00000000,0x00000000,0x00000000,0x00000000,0x00000000,0x00000000,
        0x00000000,0x00000000,0x00000000,0x00000000,0x00000000,0x00000000,0x00000000,0x03000000,0x00000000,0x00000000,0x1B010101,0x75040404,0xBC060606,
        0xEA080808,0xFF0A0A0A,0xFF090909,0xFF090909,0xFF090909,0xFF080808,0xFF080808,0xFF080808,0xFF080808,0xFF080808,0xFF080808,0xFF080808,0xFF080808,
        0xFF080808,0xFF080808,0xFF080808,0xFF080808,0xFF080808,0xFF080808,0xFF080808,0xFF080808,0xFF090909,0xFF090909,0xFE090909,0xFF0A0A0A,0xEB090909,
        0xBD060606,0x76040404,0x1C010101,0x00000000,0x00000000,0x03000000,0x00000000,0x00000000,0x00000000,0x00000000,0x00000000,0x00000000,0x00000000,
        0x00000000,0x00000000,0x00000000,0x00000000,0x00000000,0x00000000,0x00000000,0x00000000,0x00000000,0x00000000,0x00000000,0x00000000,0x00000000,
        0x00000000,0x00000000,0x00000000,0x00000000,0x00000000,0x00000000,0x00000000,0x00000000,0x00000000,0x00000000,0x00000000,0x00000000,0x00000000,
        0x00000000,0x00000000,0x00000000,0x00000000,0x00000000,0x00000000,0x00000000,0x00000000,0x00000000,0x00000000,0x00000000,0x00000000,0x00000000,
        0x00000000,0x00000000,0x00000000,0x00000000,0x00000000,0x00000000,0x00000000,0x00000000,0x00000000,0x00000000,0x00000000,0x00000000,0x00000000,
        0x00000000,0x00000000,0x00000000,0x00000000,0x00000000,0x00000000,0x00000000,0x00000000,0x00000000,0x00000000,0x00000000,0x00000000,0x00000000,
        0x00000000,0x00000000,0x00000000,0x00000000,0x00000000,0x00000000,0x00000000,0x00000000,0x00000000,0x00000000,0x00000000,0x00000000,0x00000000,
        0x00000000,0x00000000,0x00000000,0x00000000,0x00000000,0x00000000,0x00000000,0x00000000,0x00000000,0x00000000,0x00000000,0x00000000,0x00000000,
        0x00000000,0x00000000,0x00000000,0x00000000,0x00000000,0x00000000,0x00000000,0x00000000,0x00000000,0x00000000,0x00000000,0x00000000,0x00000000,
        0x00000000,0x00000000,0x00000000,0x00000000,0x00000000,0x00000000,0x00000000,0x00000000,0x00000000,0x00000000,0x00000000,0x00000000,0x00000000,
        0x00000000,0x00000000,0x00000000,0x00000000,0x00000000,0x00000000,0x00000000,0x00000000,0x00000000,0x00000000,0x00000000,0x00000000,0x00000000,
        0x00000000,0x00000000,0x00000000,0x00000000,0x00000000,0x00000000,0x00000000,0x00000000,0x00000000,0x00000000,0x00000000,0x00000000,0x00000000,
        0x00000000,0x00000000,0x00000000,0x00000000,0x00000000,0x00000000,0x00000000,0x00000000,0x00000000,0x00000000,0x00000000,0x00000000,0x00000000,
        0x00000000,0x00000000,0x00000000,0x00000000,0x00000000,0x00000000,0x00000000,0x00000000,0x00000000,0x00000000,0x00000000,0x00000000,0x00000000,
        0x00000000,0x00000000,0x00000000,0x00000000,0x00000000,0x00000000,0x00000000,0x00000000,0x00000000,0x00000000,0x00000000,0x00000000,0x00000000,
        0x00000000,0x00000000,0x00000000,0x00000000,0x00000000,0x00000000,0x00000000,0x00000000,0x00000000,0x00000000,0x00000000,0x00000000,0x00000000,
        0x00000000,0x00000000,0x00000000,0x00000000,0x00000000,0x00000000,0x00000000,0x00000000,0x00000000,0x00000000,0x00000000,0x00000000,0x00000000,
    },
    { /* SETTINGS */
        0x00000000,0x00000000,0x00000000,0x00000000,0x00000000,0x00000000,0x00000000,0x00000000,0x00000000,0x00000000,0x00000000,0x00000000,0x00000000,
        0x00000000,0x00000000,0x00000000,0x00000000,0x00000000,0x00000000,0x00000000,0x00000000,0x00000000,0x00000000,0x00000000,0x00000000,0x00000000,
        0x00000000,0x00000000,0x00000000,0x00000000,0x00000000,0x00000000,0x00000000,0x00000000,0x00000000,0x00000000,0x00000000,0x00000000,0x00000000,
        0x00000000,0x00000000,0x00000000,0x00000000,0x00000000,0x00000000,0x00000000,0x00000000,0x00000000,0x00000000,0x00000000,0x00000000,0x00000000,
        0x00000000,0x00000000,0x00000000,0x00000000,0x00000000,0x00000000,0x00000000,0x00000000,0x00000000,0x00000000,0x00000000,0x00000000,0x00000000,
        0x00000000,0x00000000,0x00000000,0x00000000,0x00000000,0x00000000,0x00000000,0x00000000,0x00000000,0x00000000,0x00000000,0x00000000,0x00000000,
        0x00000000,0x00000000,0x00000000,0x00000000,0x00000000,0x00000000,0x00000000,0x00000000,0x00000000,0x00000000,0x00000000,0x00000000,0x00000000,
        0x00000000,0x00000000,0x00000000,0x00000000,0x00000000,0x00000000,0x00000000,0x00000000,0x00000000,0x00000000,0x00000000,0x00000000,0x00000000,
        0x00000000,0x00000000,0x00000000,0x00000000,0x00000000,0x00000000,0x00000000,0x00000000,0x00000000,0x00000000,0x00000000,0x01000000,0x02020202,
        0x04030304,0x04030404,0x04030404,0x04030404,0x04030404,0x04030404,0x04030404,0x04030404,0x04030404,0x04030404,0x04030404,0x04030404,0x04030404,
        0x04030404,0x04030404,0x04030404,0x04030404,0x04030404,0x04030404,0x04030404,0x04030404,0x04030404,0x04030404,0x04030404,0x04030404,0x04030404,
        0x04030304,0x02020202,0x01000000,0x00000000,0x00000000,0x00000000,0x00000000,0x00000000,0x00000000,0x00000000,0x00000000,0x00000000,0x00000000,
        0x00000000,0x00000000,0x00000000,0x00000000,0x00000000,0x00000000,0x00000000,0x00000000,0x00000000,0x01010101,0x03030303,0x00000000,0x00000000,
        0x00000000,0x00000000,0x00000000,0x00000000,0x00000000,0x00000000,0x00000000,0x00000000,0x00000000,0x00000000,0x00000000,0x00000000,0x00000000,
        0x00000000,0x00000000,0x00000000,0x00000000,0x00000000,0x00000000,0x00000000,0x00000000,0x00000000,0x00000000,0x00000000,0x00000000,0x00000000,
        0x00000000,0x00000000,0x00000000,0x03030303,0x01010101,0x00000000,0x00000000,0x00000000,0x00000000,0x00000000,0x00000000,0x00000000,0x00000000,
        0x00000000,0x00000000,0x00000000,0x00000000,0x00000000,0x00000000,0x00000000,0x00000000,0x02020202,0x00000000,0x00000000,0x01000000,0x342A2D2E,
        0x6453595C,0x8872797D,0x8C757C80,0x8B747C7F,0x8B747C7F,0x8B747C7F,0x8C747C7F,0x8B747C7F,0x8B737C7F,0x8B747C7F,0x8B747C7F,0x8C737C7F,0x8C737C80,
        0x8C737C80,0x8C737C7F,0x8C737C7F,0x8B747C80,0x8B747C7F,0x8B747C7F,0x8B747C7F,0x8B747C7F,0x8B747C7F,0x8B747C7F,0x8B747C7F,0x8C757C80,0x8872797D,
        0x6454595C,0x342A2D2F,0x02000000,0x00000000,0x00000000,0x02020202,0x00000000,0x00000000,0x00000000,0x00000000,0x00000000,0x00000000,0x00000000,
        0x00000000,0x00000000,0x00000000,0x00000000,0x00000000,0x00000000,0x00000000,0x02020202,0x00000000,0x0C010202,0x735A6265,0xD6B0BEC4,0xFFD6E7EE,
        0xFFE0F2F9,0xFFE1F3FB,0xFFE1F3FB,0xFFE1F3FB,0xFFE1F3FB,0xFFE1F3FB,0xFFE2F3FB,0xFFE1F3FB,0xFFE0F2F9,0xFFDFF0F8,0xFFDEF0F7,0xFFDFF0F8,0xFFE0F1F9,
        0xFFE0F2F9,0xFFE0F1F9,0xFFDFF0F8,0xFFDEF0F8,0xFFDFF0F8,0xFFE0F2F9,0xFFE1F3FB,0xFFE2F3FB,0xFFE2F3FB,0xFFE1F3FB,0xFFE1F3FB,0xFFE1F3FB,0xFFE1F3FB,
        0xFFE0F2FA,0xFFD6E7EE,0xD6B0BEC4,0x745B6366,0x0D020202,0x00000000,0x02020202,0x00000000,0x00000000,0x00000000,0x00000000,0x00000000,0x00000000,
        0x00000000,0x00000000,0x00000000,0x00000000,0x00000000,0x00000000,0x02020202,0x00000000,0x3E292B2D,0xD9B2BFC5,0xFFE3F4FB,0xFFDBEBF2,0xFED3E2E9,
        0xFBD0DFE6,0xFBD0DFE6,0xFBD0DFE6,0xFBD0DFE6,0xFBD0DFE6,0xFBCFDEE5,0xFBCDDCE3,0xFBCFDEE5,0xFBD5E5EC,0xFBDCECF4,0xFBDEEEF6,0xFBDBECF3,0xFBD9E9F0,
        0xFBD8E8EF,0xFBD9E9F0,0xFBDCECF3,0xFBDEEFF6,0xFBDCECF4,0xFBD6E5ED,0xFBCFDEE5,0xFBCDDCE3,0xFBCFDEE5,0xFBD0DFE6,0xFBD0DFE6,0xFBD0DFE6,0xFBD0DFE6,
        0xFBD0DFE6,0xFED3E2E9,0xFFDBEBF2,0xFFE3F4FB,0xD9B2BFC5,0x40292C2E,0x00000000,0x02020202,0x00000000,0x00000000,0x00000000,0x00000000,0x00000000,
        0x00000000,0x00000000,0x00000000,0x00000000,0x00000000,0x02020202,0x00000000,0x573B3F41,0xFFD3E2E9,0xFFDCECF3,0xFACEDDE4,0xFDD0DFE6,0xFFD2E1E8,
        0xFFD2E1E8,0xFFD2E1E8,0xFFD2E1E9,0xFFD1E0E7,0xFFCFDEE5,0xFFD6E5EC,0xFFE0F0F8,0xFFD8E8EF,0xFFBBC7CC,0xFF919B9F,0xFF6C7377,0xFF515759,0xFF424548,
        0xFF3E4043,0xFF424548,0xFF515658,0xFF6C7276,0xFF919A9E,0xFFBAC7CC,0xFFD8E8EF,0xFFE0F0F8,0xFFD6E5EC,0xFFCFDEE5,0xFFD2E0E7,0xFFD3E1E9,0xFFD2E1E8,
        0xFFD2E1E8,0xFFD2E1E8,0xFDD1DFE6,0xFACEDDE4,0xFFDCEBF3,0xFFD3E2EA,0x583C4042,0x00000000,0x02020202,0x00000000,0x00000000,0x00000000,0x00000000,
        0x00000000,0x00000000,0x00000000,0x00000000,0x02020202,0x00000000,0x41282B2C,0xFFD2E1E7,0xFFD5E4EA,0xFBCDDCE2,0xFFD1E0E6,0xFFD1E0E6,0xFFD1E0E6,
        0xFFD1E0E6,0xFFD1E0E6,0xFFCEDDE3,0xFFD3E2E9,0xFFDFEFF6,0xFFC4D2D7,0xFF7D8689,0xFF363A3B,0xFF090B0A,0xFF000000,0xFF000000,0xFF000000,0xFF000000,
        0xFF000000,0xFF000000,0xFF000000,0xFF000000,0xFF000000,0xFF080A0A,0xFF36393A,0xFF7D8689,0xFFC4D1D7,0xFFDFEFF5,0xFFD3E2E8,0xFFCEDDE3,0xFFD1E0E6,
        0xFFD1E0E6,0xFFD1E0E6,0xFFD1E0E6,0xFFD1E0E6,0xFBCDDCE2,0xFFD5E4EA,0xFFD2E1E7,0x43292C2D,0x00000000,0x02020202,0x00000000,0x00000000,0x00000000,
        0x00000000,0x00000000,0x00000000,0x01010101,0x00000000,0x10010202,0xD9AFBCC0,0xFFD9E9EF,0xFBCCDBE0,0xFFD0DFE4,0xFFD0DFE4,0xFFD0DFE4,0xFFD0DFE4,
        0xFFD0DEE3,0xFFCDDCE1,0xFFDBEBF0,0xFFCAD8DC,0xFF6D7477,0xFF151719,0xFF000000,0xFF000000,0xFF0E1416,0xFF10171A,0xFF2A2F33,0xFF1A1F22,0xFF363B3D,
        0xFF1C2224,0xFF363B3D,0xFF1A1F22,0xFF2A3033,0xFF10171A,0xFF0E1517,0xFF000001,0xFF000000,0xFF151718,0xFF6D7577,0xFFCAD9DC,0xFFDBEBF0,0xFFCDDCE1,
        0xFFD0DEE4,0xFFD0DFE4,0xFFD0DFE4,0xFFD0DFE4,0xFFD0DFE4,0xFBCDDBE0,0xFFD9E9EE,0xDAB0BDC1,0x12020203,0x00000000,0x01010101,0x00000000,0x00000000,
        0x00000000,0x00000000,0x00000000,0x03030303,0x00000000,0x76596063,0xFFDEEEF5,0xFACAD9E0,0xFFCFDEE4,0xFFCEDDE2,0xFFCEDDE2,0xFFCFDEE3,0xFFCDDCE1,
        0xFFCDDDE1,0xFFDBEBF1,0xFF98A2A6,0xFF1E2223,0xFF000000,0xFF000608,0xFF282E31,0xFF192022,0xFF474C4F,0xFF2D3235,0xFF606769,0xFF454A4D,0xFF798082,
        0xFF4E5658,0xFF798082,0xFF454A4C,0xFF616869,0xFF2D3235,0xFF484C4F,0xFF1A2022,0xFF282E32,0xFF000608,0xFF000000,0xFF1F2324,0xFF99A3A7,0xFFDBEBF1,
        0xFFCEDDE2,0xFFCDDCE3,0xFFCFDEE3,0xFFCEDDE2,0xFFCEDDE2,0xFFCFDEE3,0xFACAD9DE,0xFFDEEEF4,0x795A6164,0x00000000,0x03030303,0x00000000,0x00000000,
        0x00000000,0x00000000,0x01000000,0x00000000,0x09000000,0xD7ACB8BD,0xFFD5E5EA,0xFDCCDBE0,0xFFCEDDE2,0xFFCEDDE2,0xFFCEDDE2,0xFFCDDBE0,0xFFCEDEE3,
        0xFFD6E5E9,0xFF6A7072,0xFF000000,0xFF000003,0xFF2A3032,0xFF2D3235,0xFF3D4244,0xFF60686A,0xFF717A7B,0xFFA1ACAF,0xFFB5C1C6,0xFFCBD7DD,0xFFD3E1E4,
        0xFFD4E2E7,0xFFD3E0E6,0xFFCBD7DC,0xFFB6C2C6,0xFFA2ADB0,0xFF6F7879,0xFF5F6769,0xFF3D4244,0xFF2D3235,0xFF2A3032,0xFF000002,0xFF000000,0xFF6B7173,
        0xFFD6E5EA,0xFFCEDDE3,0xFFCCDBE0,0xFFCEDDE2,0xFFCEDDE2,0xFFCEDDE2,0xFDCCDADF,0xFFD5E4EA,0xD8ADBABE,0x0B000000,0x00000000,0x01000000,0x00000000,
        0x00000000,0x00000000,0x02020202,0x00000000,0x3A292C2D,0xFFD0E0E5,0xFECCDBE0,0xFFCCDCE0,0xFFCDDCE1,0xFFCDDCE1,0xFFCCDBDF,0xFFCDDDE2,0xFFD3E1E5,
        0xFF50575A,0xFF000000,0xFF151B1D,0xFF3C4245,0xFF282C2F,0xFF787E81,0xFF798283,0xFFC5D3D5,0xFFCCDADD,0xFFDDEAF0,0xFFBFCBD0,0xFF9FABAE,0xFF8D9799,
        0xFF879093,0xFF8D9699,0xFFA0ACAF,0xFFBCC8CD,0xFFD8E5EB,0xFFD7E5E8,0xFFC9D7D9,0xFF767F81,0xFF777E80,0xFF282C2F,0xFF3C4245,0xFF141A1D,0xFF000000,
        0xFF51575A,0xFFD3E1E5,0xFFCDDDE2,0xFFCCDBDF,0xFFCDDCE1,0xFFCDDCE1,0xFFCCDBE0,0xFECCDBE0,0xFFD1E0E5,0x3C2A2D2E,0x00000000,0x02020202,0x00000000,
        0x00000000,0x00000000,0x03030303,0x00000000,0x6A515557,0xFFD9E7ED,0xFBC8D6DB,0xFFCBD9DF,0xFFCBD9DF,0xFFCBD8DE,0xFFCAD8DD,0xFFD5E2E7,0xFF51565A,
        0xFF000000,0xFF2B3134,0xFF25292C,0xFF5A5F62,0xFF7B8486,0xFFAEBABD,0xFFD7E5EA,0xFFCAD7DC,0xFFC5D2D5,0xFF5C6668,0xFF151C1D,0xFF060E0F,0xFF01080A,
        0xFF000709,0xFF01080A,0xFF060E0F,0xFF151D1E,0xFF393F42,0xFF788185,0xFFBBC8CB,0xFFE3F2F7,0xFFAEBABD,0xFF7A8284,0xFF5A5F62,0xFF25292C,0xFF2B3134,
        0xFF000000,0xFF515659,0xFFD5E2E7,0xFFCAD8DD,0xFFCBD8DE,0xFFCBD9DF,0xFFCBD9DF,0xFBC8D5DB,0xFFD9E7ED,0x6C525758,0x00000000,0x03030303,0x00000000,
        0x00000000,0x00000000,0x03030303,0x00000000,0x8D6D7375,0xFFD9E7EC,0xFBC7D4D9,0xFFCAD7DC,0xFFCAD8DC,0xFFC7D4DA,0xFFD7E5EB,0xFF6B7275,0xFF000002,
        0xFF1B2023,0xFF373B3E,0xFF71787A,0xFF737B7F,0xFFD2DEE2,0xFFCBD8DC,0xFFBFCBCF,0xFFD3DFE5,0xFF71797C,0xFF000000,0xFF0C1315,0xFF131A1D,0xFF161D20,
        0xFF171E21,0xFF161D20,0xFF131A1C,0xFF0C1215,0xFF03080B,0xFF000406,0xFF1B2022,0xFF6F777A,0xFFCCD9DD,0xFFD8E6EB,0xFF717A7D,0xFF71787B,0xFF373B3E,
        0xFF1A2023,0xFF000002,0xFF6A7274,0xFFD7E5EB,0xFFC7D4DA,0xFFCAD8DC,0xFFCAD7DC,0xFBC7D4D9,0xFFD9E7EC,0x8D6D7375,0x00000000,0x03030303,0x00000000,
        0x00000000,0x00000000,0x03030303,0x00000000,0x916E7677,0xFFD7E7EA,0xFBC6D4D6,0xFFC9D7DA,0xFFC7D5D7,0xFFD3E2E5,0xFF9BA4A6,0xFF000507,0xFF151B1E,
        0xFF5F6467,0xFF4A5051,0xFF859092,0xFFDEEAEE,0xFFCCD7DB,0xFFC6D1D5,0xFFCED9DD,0xFFD5E0E4,0xFF61696C,0xFF0D1114,0xFF303538,0xFF383C3F,0xFF3F4446,
        0xFF424749,0xFF3F4446,0xFF383C3F,0xFF2F3437,0xFF262B2E,0xFF1D2224,0xFF0B1013,0xFF000306,0xFF343B3D,0xFFAFB9BC,0xFFE2EEF2,0xFF848F91,0xFF495051,
        0xFF5E6467,0xFF161B1E,0xFF000507,0xFF9AA3A6,0xFFD3E2E5,0xFFC7D5D7,0xFFC9D7DA,0xFBC6D4D6,0xFFD7E7EA,0x916E7578,0x00000000,0x03030303,0x00000000,
        0x00000000,0x00000000,0x03030303,0x00000000,0x906D7376,0xFFD5E4E8,0xFBC4D1D5,0xFFC6D4D8,0xFFC8D6DA,0xFFC6D3D6,0xFF252B2D,0xFF181D20,0xFF454A4D,
        0xFF34393A,0xFF9CA6A8,0xFFD0DCDF,0xFFB0BABE,0xFF495153,0xFF202325,0xFF6B7073,0xFFD2DEE2,0xFF9DA7AA,0xFF3C4043,0xFF6B7073,0xFF7D8486,0xFF888E90,
        0xFF8C9193,0xFF888E90,0xFF7D8486,0xFF6C7274,0xFF555B5B,0xFF3E4345,0xFF2F3437,0xFF1D2225,0xFF02070A,0xFF1A2223,0xFFA6AEB1,0xFFD1DDE2,0xFF9BA6A7,
        0xFF33393A,0xFF454A4E,0xFF181D20,0xFF242B2C,0xFFC5D2D5,0xFFC8D6DA,0xFFC7D4D8,0xFBC4D1D4,0xFFD5E4E8,0x916D7476,0x00000000,0x03030303,0x00000000,
        0x00000000,0x00000000,0x03030303,0x00000000,0x916D7376,0xFFD6E2E7,0xFBC5CFD4,0xFFC5D0D5,0xFFD4E0E5,0xFF737B7E,0xFF04090C,0xFF292E31,0xFF5F6567,
        0xFF848B8E,0xFFBAC6CA,0xFFB3BDC0,0xFF1B2325,0xFF000000,0xFF010508,0xFF000000,0xFF70777A,0xFFD1DDE2,0xFF8D9496,0xFF93979A,0xFF969B9E,0xFF898E91,
        0xFF84898D,0xFF898E91,0xFF94999C,0xFF9BA0A3,0xFF93989B,0xFF797E82,0xFF555A5C,0xFF3E4344,0xFF292E31,0xFF080D10,0xFF1D2124,0xFFB4BEC2,0xFFBAC5CA,
        0xFF848C8E,0xFF5F6567,0xFF292E31,0xFF05090C,0xFF737B7E,0xFFD5E0E5,0xFFC5D0D4,0xFBC5D0D3,0xFFD6E2E7,0x916D7376,0x00000000,0x03030303,0x00000000,
        0x00000000,0x00000000,0x03030303,0x00000000,0x916C7374,0xFFD5E1E5,0xFBC3CED1,0xFFC9D4D7,0xFFC0CBCD,0xFF212729,0xFF272C2F,0xFF666B6E,0xFF434A4B,
        0xFFA7B2B6,0xFFCDD9DB,0xFF353C3E,0xFF010609,0xFF22282B,0xFF24292C,0xFF182022,0xFF1A2122,0xFFB1BCBE,0xFFBCC6CA,0xFF505657,0xFF2F3437,0xFF1F2427,
        0xFF1A1F22,0xFF1F2427,0xFF2F3538,0xFF53595C,0xFF83888B,0xFF999EA1,0xFF8B9093,0xFF626869,0xFF464C4D,0xFF303539,0xFF070B0F,0xFF363D3F,0xFFCDD9DC,
        0xFFA7B2B5,0xFF434A4A,0xFF666B6E,0xFF272C2F,0xFF222729,0xFFC0CBCE,0xFFC9D4D8,0xFBC3CED2,0xFFD5E1E5,0x916C7374,0x00000000,0x03030303,0x00000000,
        0x00000000,0x00000000,0x03030303,0x00000000,0x916C7173,0xFFD3DFE3,0xFBBFCACE,0xFFD1DCE1,0xFF838B8E,0xFF0F1417,0xFF363B3E,0xFF404748,0xFF959FA0,
        0xFFCFDADD,0xFF737A7C,0xFF04090C,0xFF2D3235,0xFF414747,0xFF545A5B,0xFF5C6062,0xFF2A2E30,0xFF52585B,0xFFD5E0E3,0xFF515C5D,0xFF000002,0xFF0F1417,
        0xFF0E1316,0xFF0C1114,0xFF070E10,0xFF050B0E,0xFF191E21,0xFF5F6467,0xFF959A9D,0xFF8E9396,0xFF64696B,0xFF494F50,0xFF2F3536,0xFF040A0C,0xFF737A7D,
        0xFFCFDADD,0xFF959FA0,0xFF414848,0xFF363B3E,0xFF0F1417,0xFF848B8E,0xFFD1DCE0,0xFBBFCACE,0xFFD3DFE3,0x916B7173,0x00000000,0x03030303,0x00000000,
        0x00000000,0x00000000,0x03030303,0x00000000,0x916B7072,0xFFD1DDE1,0xFBBEC9CD,0xFFCCD6DB,0xFF464D4F,0xFF202528,0xFF697072,0xFF676C6E,0xFF9CA4A8,
        0xFFBDC5C8,0xFF23282A,0xFF212629,0xFF474D4F,0xFF5C6263,0xFF84898B,0xFF848889,0xFF303537,0xFF000104,0xFF99A0A3,0xFFBFC9CC,0xFF2E3436,0xFF292F31,
        0xFF303637,0xFF2C3334,0xFF262C2D,0xFF1C2223,0xFF0E1216,0xFF060B0E,0xFF515658,0xFF959B9E,0xFF858B8E,0xFF5C6263,0xFF484E4E,0xFF212629,0xFF22272A,
        0xFFBCC5C8,0xFF9CA4A8,0xFF676C6E,0xFF697073,0xFF1F2528,0xFF474E50,0xFFCCD7DB,0xFBBEC9CD,0xFFD1DDE1,0x916A7072,0x00000000,0x03030303,0x00000000,
        0x00000000,0x00000000,0x03030303,0x00000000,0x916A6F71,0xFFCEDADE,0xFBC1CCD0,0xFFB4BEC1,0xFF262C2E,0xFF383D3F,0xFF383D40,0xFF666C6E,0xFFD0D9DD,
        0xFF7B8185,0xFF121719,0xFF414647,0xFF565B5B,0xFF73787B,0xFF989DA0,0xFF5F6466,0xFF070D0F,0xFF000508,0xFF32393B,0xFFC9D2D7,0xFF8D9698,0xFF484B4A,
        0xFF565A5B,0xFF525656,0xFF4C5151,0xFF404645,0xFF2E3436,0xFF191E21,0xFF070C0F,0xFF626769,0xFF999D9F,0xFF72787B,0xFF565B5B,0xFF414647,0xFF12171A,
        0xFF7A8084,0xFFD0D9DD,0xFF666C6E,0xFF383D3F,0xFF373D3F,0xFF272D2F,0xFFB5BFC2,0xFBC1CCD0,0xFFCEDADD,0x91696F71,0x00000000,0x03030303,0x00000000,
        0x00000000,0x00000000,0x03030303,0x00000000,0x91696E70,0xFFCCD7DB,0xFBC5D0D2,0xFF959EA0,0xFF1E2324,0xFF555B5B,0xFF72797B,0xFF8B9496,0xFFC3CDD0,
        0xFF484D50,0xFF252A2B,0xFF525757,0xFF5D6263,0xFF898E91,0xFF888D8E,0xFF1D2324,0xFF161C1E,0xFF282D30,0xFF0F1416,0xFF7A8285,0xFFC7D1D4,0xFF6C7070,
        0xFF5C5F5E,0xFF616564,0xFF5F6261,0xFF5B5F5E,0xFF505555,0xFF3B4042,0xFF191E21,0xFF1D2324,0xFF888E8E,0xFF898E91,0xFF5D6263,0xFF525757,0xFF24292B,
        0xFF505759,0xFFC4CFD1,0xFF8A9396,0xFF72797B,0xFF545B5B,0xFF1E2324,0xFF969FA2,0xFBC5D0D2,0xFFCBD7D9,0x91686E70,0x00000000,0x03030303,0x00000000,
        0x00000000,0x00000000,0x03030303,0x00000000,0x91686D6F,0xFFCAD5D7,0xFBC7D1D3,0xFF7B8284,0xFF262B2D,0xFF484E4E,0xFF353B3B,0xFF959EA1,0xFFB6BFC3,
        0xFF2D3334,0xFF3D4242,0xFF565B5C,0xFF666C6D,0xFF979B9C,0xFF5D6163,0xFF121819,0xFF3D4242,0xFF494D4E,0xFF2A3030,0xFF292E31,0xFFB5BDC0,0xFFA5ADAE,
        0xFF585958,0xFF646665,0xFF656766,0xFF656766,0xFF616564,0xFF575B5A,0xFF3F4444,0xFF141A1C,0xFF5F6365,0xFF989C9D,0xFF686D6E,0xFF5A5F60,0xFF373C3C,
        0xFF4D5354,0xFFC6CFD3,0xFF919A9C,0xFF353B3B,0xFF484E4E,0xFF262B2D,0xFF7C8385,0xFBC6D1D2,0xFFCAD5D7,0x91686D6F,0x00000000,0x03030303,0x00000000,
        0x00000000,0x00000000,0x03030303,0x00000000,0x91676C6E,0xFFC8D3D5,0xFBC5CFD1,0xFF6A7172,0xFF2F3435,0xFF686E6E,0xFF747A7A,0xFFAEB7B9,0xFF9EA6A8,
        0xFF2C3031,0xFF4E5151,0xFF555A59,0xFF707677,0xFF969A9B,0xFF3E4344,0xFF2A2F2E,0xFF575959,0xFF5D605F,0xFF484D4C,0xFF191E1F,0xFF606669,0xFFC6D0D2,
        0xFF93999B,0xFF616261,0xFF5F605F,0xFF5E605E,0xFF5D5F5E,0xFF5C5E5C,0xFF4F5251,0xFF212625,0xFF343939,0xFF929697,0xFF6A7070,0xFF4D5150,0xFF414544,
        0xFF858D8F,0xFFBFC7CA,0xFFA7AFB2,0xFF767B7C,0xFF686E6E,0xFF2E3434,0xFF6A7272,0xFBC5CFD1,0xFFC8D3D5,0x91676C6E,0x00000000,0x03030303,0x00000000,
        0x00000000,0x00000000,0x03030303,0x00000000,0x91666B6D,0xFFC7D0D3,0xFBC2CACD,0xFF63696B,0xFF363A39,0xFF474B4A,0xFF3C4141,0xFFACB1B5,0xFF939A9D,
        0xFF313535,0xFF565857,0xFF535857,0xFF777B7C,0xFF909495,0xFF373D3D,0xFF424645,0xFF626463,0xFF656766,0xFF5A5D5C,0xFF353938,0xFF2D3235,0xFFA1A8AB,
        0xFF8C9295,0xFF9CA2A3,0xFF919696,0xFF8D9292,0xFF8D9292,0xFF8D9192,0xFF8A8F8F,0xFF747A7A,0xFF6F7576,0xFFA9AFB0,0xFF9BA1A2,0xFF8A9090,0xFFA0A7A8,
        0xFFB7C0C3,0xFFB6BDC0,0xFFA3ABAE,0xFF3D4243,0xFF474B4A,0xFF363939,0xFF626A6B,0xFBC2CBCD,0xFFC7D0D3,0x91666B6D,0x00000000,0x03030303,0x00000000,
        0x00000000,0x00000000,0x03030303,0x00000000,0x9165696B,0xFFC5CDD1,0xFBC0C8CA,0xFF63686A,0xFF3F4240,0xFF6B6F6F,0xFF707677,0xFFB1B7BA,0xFF8E9597,
        0xFF3A3C3C,0xFF595A59,0xFF4F5453,0xFF757C7C,0xFF8F9394,0xFF3F4443,0xFF515453,0xFF676968,0xFF676967,0xFF656765,0xFF4D504F,0xFF363B3C,0xFF82898B,
        0xFF2D3231,0xFFA6AEB0,0xFFC0C8CB,0xFFB8C0C2,0xFFB9C1C4,0xFFBAC1C4,0xFFBAC1C4,0xFFBCC4C6,0xFFBDC5C7,0xFFB6BEC0,0xFFB7BEC1,0xFFBBC3C4,0xFFC0C7C9,
        0xFFB1B8BB,0xFFB1B9BC,0xFFA9B0B2,0xFF717778,0xFF6B6F6F,0xFF3F4140,0xFF62686A,0xFBBFC8CB,0xFFC5CDD1,0x9165696B,0x00000000,0x03030303,0x00000000,
        0x00000000,0x00000000,0x03030303,0x00000000,0x91656869,0xFFC4CBCE,0xFBBEC6C8,0xFF6B7171,0xFF3D3F3E,0xFF454847,0xFF3C4242,0xFFA6AFB0,0xFF969D9E,
        0xFF424443,0xFF595A5A,0xFF4C4F4E,0xFF6F7475,0xFF929697,0xFF4E5251,0xFF595A59,0xFF6A6C6A,0xFF696B68,0xFF6B6E6B,0xFF5A5C5A,0xFF525656,0xFFB3BABC,
        0xFFA3A9AC,0xFF636868,0xFF3F4342,0xFF404443,0xFF404544,0xFF3F4444,0xFF404443,0xFF3B3E3E,0xFF393D3D,0xFF4C504F,0xFF454949,0xFF3B4040,0xFF5C6162,
        0xFFA8AFB1,0xFFB2BCBD,0xFFA0A8A9,0xFF3E4343,0xFF454847,0xFF3D3F3E,0xFF6B7171,0xFBBFC6C9,0xFFC4CBCE,0x9165686A,0x00000000,0x03030303,0x00000000,
        0x00000000,0x00000000,0x03030303,0x00000000,0x91636768,0xFFC2C7CA,0xFBBCC3C6,0xFF777D7D,0xFF404342,0xFF6A6E6D,0xFF616667,0xFF989EA0,0xFFA3A8AA,
        0xFF4B4E4D,0xFF585958,0xFF494C4B,0xFF636767,0xFF969A98,0xFF646766,0xFF5A5B59,0xFF6C6E6B,0xFF6A6C69,0xFF6E706D,0xFF5E5F5C,0xFF909496,0xFFB4BABD,
        0xFF424547,0xFF0F1313,0xFF191C1B,0xFF1A1E1D,0xFF1C1F1D,0xFF1C1E1F,0xFF1C1E1E,0xFF141817,0xFF171B1B,0xFF2A2E2D,0xFF151B1B,0xFF090F0F,0xFF000000,
        0xFF505557,0xFFBBC1C4,0xFF93989A,0xFF626768,0xFF6A6E6D,0xFF414442,0xFF777C7C,0xFBBEC2C6,0xFFC2C8CB,0x91646768,0x00000000,0x03030303,0x00000000,
        0x00000000,0x00000000,0x03030303,0x00000000,0x91616566,0xFFBEC4C7,0xFBB8BDC0,0xFF898E8F,0xFF414442,0xFF464948,0xFF373B3B,0xFF909598,0xFFB1B6B9,
        0xFF595D5C,0xFF565857,0xFF484B4A,0xFF505453,0xFF919392,0xFF828483,0xFF5C5E5C,0xFF6D6F6C,0xFF6D6F6C,0xFF686A67,0xFF767978,0xFFBBC0C3,0xFF6E7272,
        0xFF161918,0xFF323433,0xFF343635,0xFF373938,0xFF373938,0xFF373938,0xFF373938,0xFF2E302F,0xFF414342,0xFF484A49,0xFF292B2D,0xFF202423,0xFF121616,
        0xFF383C3D,0xFFB9BEC1,0xFF8E9395,0xFF373B3A,0xFF474948,0xFF414342,0xFF898E8F,0xFBB8BDC0,0xFFBEC4C7,0x91616566,0x00000000,0x03030303,0x00000000,
        0x00000000,0x00000000,0x03030303,0x00000000,0x915F6364,0xFFBBC1C4,0xFBB1B6BA,0xFF9CA1A3,0xFF474A49,0xFF636564,0xFF5A5E5D,0xFF606463,0xFFB3B9B9,
        0xFF737777,0xFF535452,0xFF4D4F4D,0xFF3E403F,0xFF7A7C7B,0xFF959998,0xFF707270,0xFF686966,0xFF71716F,0xFF686A68,0xFFA2A8A8,0xFFA2A7A9,0xFF292B2A,
        0xFF313433,0xFF525452,0xFF5E605D,0xFF60625F,0xFF60625F,0xFF616360,0xFF5A5C5A,0xFF616362,0xFF808281,0xFF696B6A,0xFF343635,0xFF414343,0xFF343635,
        0xFF606362,0xFFB5BCBC,0xFF5E6362,0xFF5A5E5D,0xFF636564,0xFF474A49,0xFF9CA1A3,0xFBB1B6BA,0xFFBBC1C4,0x915F6364,0x00000000,0x03030303,0x00000000,
        0x00000000,0x00000000,0x03030303,0x00000000,0x915E6162,0xFFB8BEC0,0xFBAAB0B0,0xFFABB1B2,0xFF595B5B,0xFF474947,0xFF393B39,0xFF676A6B,0xFFAEB5B5,
        0xFF939898,0xFF595957,0xFF515250,0xFF3B3D3C,0xFF525453,0xFF929493,0xFF909493,0xFF717270,0xFF676765,0xFF838685,0xFFB6BDBD,0xFF575A59,0xFF222423,
        0xFF525553,0xFF6A6B69,0xFF71716F,0xFF71726F,0xFF727371,0xFF6E6E6C,0xFF6E716F,0xFF909493,0xFF939493,0xFF525453,0xFF3C3E3D,0xFF505150,0xFF50514F,
        0xFF8F9494,0xFFAFB6B6,0xFF666A6A,0xFF383B39,0xFF474947,0xFF595C5B,0xFFABB0B2,0xFBAAB0B0,0xFFB8BFC0,0x915E6162,0x00000000,0x03030303,0x00000000,
        0x00000000,0x00000000,0x03030303,0x00000000,0x915C5F60,0xFFB5BCBC,0xFBA5ABAA,0xFFB0B7B7,0xFF737775,0xFF4D504E,0xFF646766,0xFF313434,0xFF777A7B,
        0xFFB4BABA,0xFF6D6F6E,0xFF565654,0xFF3E403E,0xFF373938,0xFF6A6C6B,0xFF979A98,0xFF939695,0xFF747674,0xFFA8AEAE,0xFF8E9191,0xFF232524,0xFF444544,
        0xFF686967,0xFF737471,0xFF747472,0xFF727270,0xFF6D6D6B,0xFF757674,0xFF939696,0xFF979998,0xFF6A6C6B,0xFF363838,0xFF3E3F3E,0xFF565654,0xFF6C6D6C,
        0xFFB4B9BA,0xFF767A7B,0xFF323333,0xFF646766,0xFF4E504E,0xFF737675,0xFFB0B7B7,0xFBA5ABAA,0xFFB5BCBC,0x915C5F60,0x00000000,0x03030303,0x00000000,
        0x00000000,0x00000000,0x03030303,0x00000000,0x915B5D5E,0xFFB2B8B9,0xFBA2A8A9,0xFFAAB0B1,0xFF949999,0xFF4F504D,0xFF3F413E,0xFF4E5050,0xFF767979,
        0xFF9DA2A2,0xFF999D9C,0xFF5D5D5B,0xFF4B4C4A,0xFF323432,0xFF393B3A,0xFF747675,0xFF8F9190,0xFF9FA4A3,0xFFABB0B0,0xFF434544,0xFF292A29,0xFF585957,
        0xFF6C6C6A,0xFF706F6D,0xFF6F6F6D,0xFF757472,0xFF868786,0xFF9B9E9D,0xFF969997,0xFF737473,0xFF393B3A,0xFF323332,0xFF4C4C4A,0xFF5D5D5B,0xFF999D9C,
        0xFF9EA1A2,0xFF767979,0xFF4D5050,0xFF40413E,0xFF4F504E,0xFF959998,0xFFAAB0B0,0xFBA2A8A7,0xFFB2B8B8,0x915A5D5E,0x00000000,0x03030303,0x00000000,
        0x00000000,0x00000000,0x03030303,0x00000000,0x91595B5B,0xFFAFB3B3,0xFBA0A4A4,0xFFA2A6A6,0xFFA8ACAC,0xFF676866,0xFF565653,0xFF4C4D4C,0xFF191B1A,
        0xFF8A8D8C,0xFFB0B4B4,0xFF838584,0xFF555452,0xFF3D3F3C,0xFF2F312F,0xFF323433,0xFF6E7170,0xFFAFB3B2,0xFF787B7A,0xFF2D2E2D,0xFF5F615E,0xFF7F827F,
        0xFF878A87,0xFF8B8C8B,0xFF929595,0xFF9D9F9F,0xFF9EA1A0,0xFF8E908F,0xFF6A6B6A,0xFF373938,0xFF2C2E2C,0xFF3E3E3C,0xFF565553,0xFF838583,0xFFB0B4B4,
        0xFF8A8D8C,0xFF191B1A,0xFF4C4D4C,0xFF565553,0xFF676867,0xFFA8ACAC,0xFFA2A6A4,0xFBA0A4A3,0xFFAFB3B3,0x91595B5A,0x00000000,0x03030303,0x00000000,
        0x00000000,0x00000000,0x03030303,0x00000000,0x91585959,0xFFADAFAE,0xFB9FA1A0,0xFFA1A2A1,0xFFA5A8A7,0xFF909492,0xFF4E4E4B,0xFF41413E,0xFF646767,
        0xFF454847,0xFF868987,0xFFAFB3B3,0xFF7C7E7D,0xFF504F4D,0xFF2C2D2A,0xFF262826,0xFF8C8F8E,0xFFA0A4A3,0xFF343634,0xFF40403E,0xFF7D7D7B,0xFF9A9B9A,
        0xFF9FA1A0,0xFF9DA09F,0xFF989A9A,0xFF8B8D8C,0xFF737574,0xFF515352,0xFF2F3130,0xFF282A29,0xFF353734,0xFF504F4D,0xFF797A79,0xFFB0B4B4,0xFF868987,
        0xFF464847,0xFF646866,0xFF40423F,0xFF4F4E4C,0xFF919493,0xFFA5A8A7,0xFFA1A2A1,0xFB9FA1A0,0xFFADAFAE,0x91585959,0x00000000,0x03030303,0x00000000,
        0x00000000,0x00000000,0x03030303,0x00000000,0x90565857,0xFFAAACAB,0xFB9C9E9D,0xFF9FA1A0,0xFF9D9F9E,0xFFA5A8A7,0xFF727372,0xFF525250,0xFF333533,
        0xFF292D2B,0xFF767978,0xFF8D908F,0xFFA9ADAC,0xFF909492,0xFF727473,0xFF898C8B,0xFFACAFAE,0xFF6B6D6D,0xFF090D0D,0xFF353635,0xFF555554,0xFF666566,
        0xFF686969,0xFF656665,0xFF5A5B5A,0xFF494B4A,0xFF353736,0xFF252726,0xFF262826,0xFF333431,0xFF4E4D4C,0xFF7B7C7B,0xFFA9ADAC,0xFF8D908F,0xFF767978,
        0xFF2A2D2C,0xFF343534,0xFF525250,0xFF737473,0xFFA5A8A8,0xFF9D9F9E,0xFF9FA1A0,0xFB9C9E9D,0xFFAAACAB,0x91555757,0x00000000,0x03030303,0x00000000,
        0x00000000,0x00000000,0x03030303,0x00000000,0x91565656,0xFFA7A9A8,0xFB989B9A,0xFF9B9D9D,0xFF9B9D9C,0xFF9C9E9D,0xFF9EA0A0,0xFF5C5C5A,0xFF474744,
        0xFF5D5F5F,0xFF151716,0xFF646665,0xFF9D9F9E,0xFFA0A3A2,0xFFA8AAAA,0xFF9FA1A1,0xFFA5A7A6,0xFF4B4D4C,0xFF050807,0xFF1F2221,0xFF272928,0xFF2C2D2D,
        0xFF2E302F,0xFF2C2E2D,0xFF272928,0xFF222424,0xFF202322,0xFF282928,0xFF383836,0xFF575856,0xFF898C8B,0xFFA4A8A8,0xFF9DA09F,0xFF646665,0xFF151817,
        0xFF5D605F,0xFF474744,0xFF5D5C5A,0xFF9DA1A0,0xFF9B9E9D,0xFF9B9D9C,0xFF9B9D9C,0xFB989B9A,0xFFA7A9A8,0x91555656,0x00000000,0x03030303,0x00000000,
        0x00000000,0x00000000,0x03020202,0x00000000,0x8D535353,0xFFA4A6A4,0xFB979997,0xFF9A9A9A,0xFF9A9B9A,0xFF989A98,0xFF9D9F9E,0xFF939593,0xFF575653,
        0xFF323231,0xFF484948,0xFF4B4E4D,0xFF373938,0xFFA0A0A0,0xFF989997,0xFF979997,0xFFA0A29F,0xFF787A78,0xFF242524,0xFF262625,0xFF222321,0xFF1F201F,
        0xFF1E1F1E,0xFF1F201F,0xFF212221,0xFF272826,0xFF373735,0xFF50504E,0xFF777978,0xFF9EA1A0,0xFFA3A5A3,0xFF9E9F9D,0xFF393B3A,0xFF4C4E4D,0xFF484948,
        0xFF323331,0xFF565653,0xFF939594,0xFF9D9F9E,0xFF989998,0xFF9A9B9A,0xFF9A9A9A,0xFB989898,0xFFA5A6A5,0x8E535353,0x00000000,0x03020202,0x00000000,
        0x00000000,0x00000000,0x03020202,0x00000000,0x6D3D3D3D,0xFFA1A2A0,0xFB959693,0xFF979897,0xFF979896,0xFF979996,0xFF959693,0xFF9EA09F,0xFF8C8E8D,
        0xFF51514F,0xFF484947,0xFF191B1A,0xFF575958,0xFF323334,0xFF727472,0xFF9D9F9D,0xFF989997,0xFFA3A4A3,0xFF8E908F,0xFF6D6E6D,0xFF595A58,0xFF4F4F4D,
        0xFF4B4A49,0xFF4F4F4C,0xFF595A58,0xFF6D6E6E,0xFF868887,0xFFA1A4A4,0xFFA6A7A6,0xFF9D9F9C,0xFF747674,0xFF3B3D3B,0xFF585A59,0xFF1A1C1B,0xFF484947,
        0xFF51514F,0xFF8D8E8D,0xFF9EA09E,0xFF959693,0xFF979996,0xFF979896,0xFF989897,0xFB959595,0xFFA2A2A1,0x6F3E3E3E,0x00000000,0x03020202,0x00000000,
        0x00000000,0x00000000,0x02010101,0x00000000,0x401F1F1F,0xFF989896,0xFE959493,0xFF959593,0xFF959593,0xFF959593,0xFF969594,0xFF939390,0xFF9D9E9D,
        0xFF8E8F8D,0xFF4D4C4A,0xFF454542,0xFF383A39,0xFF171B1B,0xFF525554,0xFF2A2B2B,0xFF888888,0xFF858685,0xFFA2A4A3,0xFFA7A8A7,0xFFA7A9A8,0xFFA2A4A4,
        0xFFA2A4A4,0xFFA2A4A4,0xFFA7A9A8,0xFFA6A8A7,0xFFA6A7A5,0xFF898989,0xFF878786,0xFF3C3D3B,0xFF5C5E5D,0xFF202222,0xFF393B3A,0xFF454543,0xFF4D4C4A,
        0xFF8E8F8E,0xFF9D9E9D,0xFF939390,0xFF969594,0xFF959593,0xFF959593,0xFF959593,0xFE949492,0xFF999997,0x4120201F,0x00000000,0x02020201,0x00000000,
        0x00000000,0x00000000,0x01000000,0x00000000,0x13000000,0xD97D7D7B,0xFF999997,0xFD939391,0xFF949492,0xFF949492,0xFF949492,0xFF949492,0xFF91918F,
        0xFF9C9C9A,0xFF979895,0xFF5E5E5C,0xFF323230,0xFF474945,0xFF1D1F1D,0xFF353635,0xFF2E3130,0xFF3D3E3D,0xFF61615F,0xFF6E6E6C,0xFF7B7A78,0xFF878684,
        0xFF828280,0xFF868684,0xFF7A7A78,0xFF70706E,0xFF626260,0xFF4A4C4B,0xFF3D3F3E,0xFF3F4140,0xFF212322,0xFF464847,0xFF333231,0xFF5D5D5C,0xFF969796,
        0xFF9C9B9B,0xFF91918F,0xFF949493,0xFF949492,0xFF949492,0xFF949492,0xFD939391,0xFF999997,0xDB7D7D7C,0x15010101,0x00000000,0x01000000,0x00000000,
        0x00000000,0x00000000,0x00000000,0x01010101,0x01000000,0x84414140,0xFF9E9D9B,0xFB908F8E,0xFF939290,0xFF939290,0xFF939290,0xFF939290,0xFF949391,
        0xFF91908E,0xFF979694,0xFF9D9F9D,0xFF797B7A,0xFF464644,0xFF2E2D2B,0xFF404140,0xFF141615,0xFF484A49,0xFF1A1B1A,0xFF525252,0xFF2B2D2C,0xFF5B5C5A,
        0xFF323230,0xFF5B5B5A,0xFF2C2D2C,0xFF545454,0xFF1F2120,0xFF4D4E4E,0xFF1A1B1B,0xFF3F403F,0xFF2E2E2B,0xFF464645,0xFF797A7A,0xFF9D9F9D,0xFF969694,
        0xFF91908E,0xFF949391,0xFF939290,0xFF939290,0xFF939290,0xFF939290,0xFB908F8D,0xFF9E9E9B,0x87424241,0x03000000,0x01010101,0x00000000,0x00000000,
        0x00000000,0x00000000,0x00000000,0x00000000,0x03000000,0x2D020202,0xDD7D7C79,0xFF999894,0xFC908F8C,0xFF93928E,0xFF92918E,0xFF92918E,0xFF92918E,
        0xFF93928E,0xFF91908C,0xFF92908C,0xFF9D9E9B,0xFF969896,0xFF717271,0xFF454644,0xFF343432,0xFF30312F,0xFF21211F,0xFF3C3D3B,0xFF1D1E1E,0xFF444443,
        0xFF1D1E1D,0xFF424443,0xFF1D1F1E,0xFF3C3C3B,0xFF212220,0xFF30302F,0xFF343432,0xFF454644,0xFF717271,0xFF959896,0xFF9D9F9B,0xFF92918C,0xFF91908C,
        0xFF93928E,0xFF92918E,0xFF92918E,0xFF92918E,0xFF92918E,0xFC908F8C,0xFF999794,0xDE7D7C79,0x30020202,0x04000000,0x00000000,0x00000000,0x00000000,
        0x00000000,0x00000000,0x00000000,0x00000000,0x00000000,0x0E000000,0x611D1D1C,0xFD94938E,0xFF95948F,0xFC908F8B,0xFF92918D,0xFF92918D,0xFF92918D,
        0xFF92918D,0xFF92918D,0xFF92918D,0xFF8F8E8A,0xFF949490,0xFF9E9F9D,0xFF9A9B99,0xFF818281,0xFF606260,0xFF4D4E4A,0xFF393A37,0xFF343432,0xFF2F2F2D,
        0xFF2D2D2C,0xFF2E2F2E,0xFF343433,0xFF393A37,0xFF4D4E4B,0xFF616260,0xFF818281,0xFF9A9B99,0xFF9E9F9D,0xFF949490,0xFF8F8F8A,0xFF92918D,0xFF92918D,
        0xFF92918D,0xFF92918D,0xFF92918D,0xFF92918D,0xFC908F8B,0xFF94938F,0xFD94938F,0x631E1E1D,0x10000000,0x00000000,0x00000000,0x00000000,0x00000000,
        0x00000000,0x00000000,0x00000000,0x00000000,0x00000000,0x03020202,0x1B000000,0x762A2A29,0xFC93928E,0xFF989793,0xFB8F8E8A,0xFD91908C,0xFF92918D,
        0xFF92918D,0xFF92918D,0xFF92918D,0xFF92918D,0xFF91908C,0xFF8F8E89,0xFF93928E,0xFF9B9B98,0xFFA0A19E,0xFF9C9E9B,0xFF949593,0xFF8B8C8A,0xFF848583,
        0xFF828382,0xFF848583,0xFF8B8C8A,0xFF949693,0xFF9C9D9B,0xFFA0A19D,0xFF9B9B98,0xFF93928E,0xFF8F8E89,0xFF91908C,0xFF92918D,0xFF92918D,0xFF92918D,
        0xFF92918D,0xFF92918D,0xFD91908C,0xFB8F8E8A,0xFF989793,0xFC94938F,0x782B2B2A,0x1D000000,0x03020202,0x00000000,0x00000000,0x00000000,0x00000000,
        0x00000000,0x00000000,0x00000000,0x00000000,0x00000000,0x00000000,0x06020202,0x1E000000,0x641E1D1C,0xDD7C7C78,0xFF9D9C98,0xFF979692,0xFE91908C,
        0xFC908F8B,0xFB908F8B,0xFB908F8B,0xFB908F8B,0xFB908F8B,0xFB908F8B,0xFB8F8E8A,0xFB8D8C88,0xFB8D8B87,0xFB8F8E8A,0xFB93928E,0xFB969591,0xFB989794,
        0xFB989895,0xFB989794,0xFB969591,0xFB92928E,0xFB8F8E8A,0xFB8D8B87,0xFB8D8C88,0xFB8F8E8A,0xFB908F8B,0xFB908F8B,0xFB908F8B,0xFB908F8B,0xFB908F8B,
        0xFC908F8B,0xFE91908C,0xFF979692,0xFF9D9C98,0xDD7D7C79,0x661E1E1D,0x20000000,0x07020202,0x00000000,0x00000000,0x00000000,0x00000000,0x00000000,
        0x00000000,0x00000000,0x00000000,0x00000000,0x00000000,0x00000000,0x00000000,0x05020202,0x17000000,0x37020202,0x8941413F,0xDA7C7B78,0xFF959490,
        0xFF9C9B97,0xFF9D9B97,0xFF9D9B97,0xFF9D9B97,0xFF9D9B97,0xFF9D9B97,0xFF9D9B97,0xFF9D9C97,0xFF9D9C98,0xFF9D9C97,0xFF9C9B97,0xFF9B9A96,0xFF9B9995,
        0xFF9B9995,0xFF9B9995,0xFF9B9A96,0xFF9C9B97,0xFF9D9C97,0xFF9D9C98,0xFF9D9C97,0xFF9D9B97,0xFF9D9B97,0xFF9D9B97,0xFF9D9B97,0xFF9D9B97,0xFF9D9B97,
        0xFF9C9B97,0xFF959590,0xDA7C7B78,0x8B42413F,0x39020202,0x19000000,0x06020202,0x00000000,0x00000000,0x00000000,0x00000000,0x00000000,0x00000000,
        0x00000000,0x00000000,0x00000000,0x00000000,0x00000000,0x00000000,0x00000000,0x00000000,0x01010101,0x0C000000,0x12000000,0x26010101,0x501F1F1E,
        0x793C3C3A,0x96504F4D,0x9952504E,0x99514F4E,0x99514F4E,0x99514F4E,0x99514F4E,0x99514F4E,0x99514F4E,0x99514F4E,0x99514F4E,0x99514F4E,0x9951504E,
        0x9951504E,0x9951504E,0x99514F4E,0x99514F4E,0x99514F4E,0x99514F4E,0x99514F4E,0x99514F4E,0x99514F4E,0x99514F4E,0x99514F4E,0x9952504E,0x97504F4D,
        0x7A3C3C3A,0x501F1F1E,0x26010101,0x13000000,0x0C000000,0x01010101,0x00000000,0x00000000,0x00000000,0x00000000,0x00000000,0x00000000,0x00000000,
        0x00000000,0x00000000,0x00000000,0x00000000,0x00000000,0x00000000,0x00000000,0x00000000,0x00000000,0x00000000,0x02020202,0x06000000,0x04000000,
        0x02000000,0x03000000,0x05000000,0x05000000,0x06000000,0x06000000,0x06000000,0x06000000,0x06000000,0x06000000,0x06000000,0x06000000,0x06000000,
        0x06000000,0x06000000,0x06000000,0x06000000,0x06000000,0x06000000,0x06000000,0x06000000,0x06000000,0x06000000,0x05000000,0x05000000,0x03000000,
        0x02000000,0x04000000,0x06000000,0x02020202,0x00000000,0x00000000,0x00000000,0x00000000,0x00000000,0x00000000,0x00000000,0x00000000,0x00000000,
        0x00000000,0x00000000,0x00000000,0x00000000,0x00000000,0x00000000,0x00000000,0x00000000,0x00000000,0x00000000,0x00000000,0x00000000,0x00000000,
        0x01010101,0x02020202,0x02020202,0x02020202,0x01010101,0x01010101,0x01010101,0x01010101,0x01010101,0x01010101,0x01010101,0x01010101,0x01010101,
        0x01010101,0x01010101,0x01010101,0x01010101,0x01010101,0x01010101,0x01010101,0x01010101,0x01010101,0x01010101,0x02020202,0x02020202,0x02020202,
        0x01010101,0x00000000,0x00000000,0x00000000,0x00000000,0x00000000,0x00000000,0x00000000,0x00000000,0x00000000,0x00000000,0x00000000,0x00000000,
        0x00000000,0x00000000,0x00000000,0x00000000,0x00000000,0x00000000,0x00000000,0x00000000,0x00000000,0x00000000,0x00000000,0x00000000,0x00000000,
        0x00000000,0x00000000,0x00000000,0x00000000,0x00000000,0x00000000,0x00000000,0x00000000,0x00000000,0x00000000,0x00000000,0x00000000,0x00000000,
        0x00000000,0x00000000,0x00000000,0x00000000,0x00000000,0x00000000,0x00000000,0x00000000,0x00000000,0x00000000,0x00000000,0x00000000,0x00000000,
        0x00000000,0x00000000,0x00000000,0x00000000,0x00000000,0x00000000,0x00000000,0x00000000,0x00000000,0x00000000,0x00000000,0x00000000,0x00000000,
    },
};

#endif /* NSK_DOCK_ICONS_H */
